2026-08-25 16:22:57 [INFO] [MainThread] ==================================================
2026-08-25 16:22:57 [INFO] [MainThread] DriverVarázsló ELINDITVA (Build 273)
2026-08-25 16:22:57 [INFO] [MainThread] Parancssor: ['C:\\Users\\user\\Desktop\\DriverVarazslo.exe']
2026-08-25 16:22:57 [INFO] [MainThread] Futtatasi konyvtar: C:\Users\user\Desktop
2026-08-25 16:22:57 [INFO] [MainThread] Admin jog: True
2026-08-25 16:22:57 [INFO] [MainThread] ==================================================
2026-08-25 16:22:57 [INFO] [MainThread] [PREREQ] --------------------------------------------------------
2026-08-25 16:22:57 [INFO] [MainThread] [PREREQ] Rendszer: Windows 10 (10.0.19045) AMD64
2026-08-25 16:22:57 [INFO] [MainThread] [PREREQ] Admin: True | Fagyasztott exe: True | Szabad hely a rendszerlemezen: 68708 MB
2026-08-25 16:22:57 [INFO] [MainThread] [PREREQ] .NET Framework: 4.8.1 (Release=533325) - MEGFELELŐ a grafikus felülethez
2026-08-25 16:22:57 [INFO] [MainThread] [PREREQ] WebView2 Runtime: 151.0.4129.101
2026-08-25 16:22:57 [INFO] [MainThread] [PREREQ] pywebview: ismeretlen, becsomagolt WebView2 SDK: 1.0.2957.106
2026-08-25 16:22:57 [INFO] [MainThread] [PREREQ] PowerShell: 5.1.19041.1
2026-08-25 16:22:57 [INFO] [MainThread] [PREREQ] TLS 1.2 (kliens, schannel): alapértelmezett (nincs külön beállítva)
2026-08-25 16:22:57 [INFO] [MainThread] [PREREQ] pnputil szintaxis: új (perjeles), /scan-devices is elérhető
2026-08-25 16:22:57 [INFO] [MainThread] [PREREQ] --------------------------------------------------------
2026-08-25 16:22:57 [INFO] [MainThread] [INIT] WebView2 Runtime OK: v151.0.4129.101
2026-08-25 16:22:57 [INFO] [MainThread] [INIT] DriverToolApi inicializálás...
2026-08-25 16:22:57 [INFO] [MainThread] [INIT] sys_drive=C:\
2026-08-25 16:22:57 [DEBUG] [MainThread] [CALL] DriverToolApi._restore_power_after_stress()
2026-08-25 16:22:57 [DEBUG] [MainThread] [CALL] DriverToolApi._restore_power_after_stress -> None (0.00s)
2026-08-25 16:22:57 [DEBUG] [MainThread] [CALL] DriverToolApi._cleanup_leftover_autofix_policy()
2026-08-25 16:22:57 [DEBUG] [MainThread] [CALL] DriverToolApi._autofix_stats_path()
2026-08-25 16:22:57 [DEBUG] [MainThread] [CALL] DriverToolApi._autofix_stats_path -> 'C:\\DriverVarazslo\\autofix_stats.json' (0.00s)
2026-08-25 16:22:57 [DEBUG] [MainThread] [AUTOFIX-CLEANUP] Nincs félbehagyott lánc-állapotfájl - nincs mit takarítani.
2026-08-25 16:22:57 [DEBUG] [MainThread] [CALL] DriverToolApi._cleanup_leftover_autofix_policy -> None (0.00s)
2026-08-25 16:22:57 [DEBUG] [MainThread] [CALL] DriverToolApi._deferred_inf_cleanup_path()
2026-08-25 16:22:57 [DEBUG] [MainThread] [CALL] DriverToolApi._deferred_inf_cleanup_path -> 'C:\\DriverVarazslo\\pending_inf_cleanup.json' (0.00s)
2026-08-25 16:22:57 [INFO] [MainThread] [INIT] DriverToolApi kész.
2026-08-25 16:22:57 [DEBUG] [MainThread] [GUI-ŐR] Indítási kísérlet jelölve (wv2=151.0.4129.101|net=533325).
2026-08-25 16:22:57 [INFO] [MainThread] [MAIN] webview.start() hívása... (ez a natívan is elszállható szakasz; ha a napló itt ér véget, a felület omlott össze)
2026-08-25 16:22:58 [INFO] [Thread-3 (on_start)] [CALL] DriverToolApi.set_window(<webview.window.Window object at 0x00000167BFD8BC20>)
2026-08-25 16:22:58 [INFO] [Thread-3 (on_start)] [WINDOW] WebView ablak beállítása...
2026-08-25 16:22:59 [INFO] [Thread-9 (_call)] [CALL] DriverToolApi.get_init_data()
2026-08-25 16:22:59 [INFO] [Thread-9 (_call)] [API] get_init_data() hívás - build=273, target=None
2026-08-25 16:22:59 [INFO] [Thread-9 (_call)] [CALL] DriverToolApi.get_init_data -> {'build': 273, 'sys_drive': 'C:\\', 'target_os': None, 'resume_mode': False, 'resume_step1': False, 'app_data_dir': 'C:\\DriverVarazslo'} (0.00s)
2026-08-25 16:22:59 [INFO] [Thread-3 (on_start)] [WINDOW] WebView2 DOM kész (1 próba után, 0.1s)
2026-08-25 16:22:59 [DEBUG] [Thread-3 (on_start)] [GUI-ŐR] A felület elindult - indítási jelző törölve.
2026-08-25 16:22:59 [INFO] [Thread-11 (_call)] [CALL] DriverToolApi.load_drivers(False)
2026-08-25 16:22:59 [INFO] [Thread-3 (on_start)] [CALL] DriverToolApi.set_window -> None (0.75s)
2026-08-25 16:22:59 [INFO] [Thread-12 (_call)] [CALL] DriverToolApi.get_service_tools_status()
2026-08-25 16:22:59 [INFO] [Thread-13 (_call)] [CALL] DriverToolApi.check_for_updates()
2026-08-25 16:22:59 [INFO] [Thread-11 (_call)] [API] load_drivers(all_drivers=False)
2026-08-25 16:22:59 [DEBUG] [Thread-12 (_call)] [CALL] DriverToolApi._load_tool_install_records()
2026-08-25 16:22:59 [INFO] [Thread-13 (_call)] [UPDATE] check_for_updates()
2026-08-25 16:22:59 [DEBUG] [drivers-load] [EMIT:drivers_loading] data=None
2026-08-25 16:22:59 [INFO] [Thread-11 (_call)] [CALL] DriverToolApi.load_drivers -> None (0.00s)
2026-08-25 16:22:59 [DEBUG] [Thread-12 (_call)] [CALL] DriverToolApi._tool_install_record_path()
2026-08-25 16:22:59 [INFO] [drivers-load] [DRIVERS] Third-party driverek lekérdezés
2026-08-25 16:22:59 [INFO] [Thread-13 (_call)] [UPDATE] Update ellenőrzése erről a címről (1/3. próbálkozás): https://raw.githubusercontent.com/egonixaimgod/DriverVarazslo/main/driver_tool.py?t=1787667779
2026-08-25 16:22:59 [DEBUG] [Thread-12 (_call)] [CALL] DriverToolApi._tool_install_record_path -> 'C:\\DriverVarazslo\\installed_tools.json' (0.00s)
2026-08-25 16:22:59 [DEBUG] [drivers-load] [CALL] DriverToolApi._get_third_party_drivers()
2026-08-25 16:22:59 [DEBUG] [Thread-12 (_call)] [CALL] DriverToolApi._load_tool_install_records -> {} (0.02s)
2026-08-25 16:22:59 [DEBUG] [drivers-load] [DRIVERS] dism /English /Online /Get-Drivers futtatása...
2026-08-25 16:22:59 [INFO] [Thread-12 (_call)] [CALL] DriverToolApi.get_service_tools_status -> {'furmark': {'installed': False, 'path': None}, 'prime95': {'installed': False, 'path': None}, 'linpack': {'installed': False, 'path': None}, 'hwinfo': {'installed': False, 'path': None}, 'hdsentinel': {'installed': False, 'path': None}, 'cpuz': {'installed': False, 'path': None}, 'gpuz': {'installe...[+126 kar.] (0.02s)
2026-08-25 16:22:59 [DEBUG] [drivers-load] [CMD] Futtatás: dism /English /Online /Get-Drivers
2026-08-25 16:22:59 [INFO] [Thread-13 (_call)] [UPDATE] Letöltött BUILD_NUMBER: 273, Helyi: 273
2026-08-25 16:22:59 [INFO] [Thread-13 (_call)] [UPDATE] Nincs újabb verzió.
2026-08-25 16:22:59 [INFO] [Thread-1 (webview_watchdog)] [WATCHDOG] WebView2 sikeresen elindult
2026-08-25 16:23:02 [INFO] [Thread-13 (_call)] [UPDATE] Update ellenőrzése erről a címről (2/3. próbálkozás): https://raw.githubusercontent.com/egonixaimgod/DriverVarazslo/main/driver_tool.py?t=1787667782
2026-08-25 16:23:02 [INFO] [Thread-13 (_call)] [UPDATE] Letöltött BUILD_NUMBER: 273, Helyi: 273
2026-08-25 16:23:02 [INFO] [Thread-13 (_call)] [UPDATE] Nincs újabb verzió.
2026-08-25 16:23:05 [INFO] [Thread-13 (_call)] [UPDATE] Update ellenőrzése erről a címről (3/3. próbálkozás): https://raw.githubusercontent.com/egonixaimgod/DriverVarazslo/main/driver_tool.py?t=1787667785
2026-08-25 16:23:05 [INFO] [Thread-13 (_call)] [UPDATE] Letöltött BUILD_NUMBER: 273, Helyi: 273
2026-08-25 16:23:05 [INFO] [Thread-13 (_call)] [UPDATE] Nincs újabb verzió.
2026-08-25 16:23:05 [INFO] [Thread-13 (_call)] [CALL] DriverToolApi.check_for_updates -> {'has_update': False} (6.34s)
2026-08-25 16:23:07 [DEBUG] [drivers-load] [CMD] OK (8.5s)
2026-08-25 16:23:07 [DEBUG] [drivers-load] [CMD] stdout: Deployment Image Servicing and Management tool
Version: 10.0.19041.3636

Image Version: 10.0.19045.6466

Obtaining list of 3rd party drivers from the driver store...

Driver packages listing:

Published Name : oem0.inf
Original File Name : prnms006.inf
Inbox : No
Class Name : Printer
Provider Name : Microsoft
Date : 2016. 11. 29.
Version : 16.0.7629.4000

Published Name : oem1.inf
Original File Name : prnms001.inf
Inbox : No
Class Name : Printer
Provider Name : Microsoft
Date : 2006. 06. 21.
Version : 10.0.19041.1806

Published Name : oem10.inf
Original File Name : powermgrextension.inf
Inbox : No
Class Name : Extension
Provider Name : Lenovo
Date : 2018. 10. 24.
Version : 1.0.1.0

Published Name : oem100.inf
Original File Name : sunrisepoint-hsystemlpss.inf
Inbox : No
Class Name : System
Provider Name : INTEL
Date : 1970. 01. 01.
Version : 10.1.1.38

Published Name : oem106.inf
Original File Name : rtlejf.inf
Inbox : No
Class Name : Camera
Provider Name : Realtek
Date : 2026. 05. 07.
Version : 10.0.22000.20409

Published Name : oem11.inf
Original File Name : sunrisepoint-lpsystemthermal.inf
Inbox : No
Class Name : System
Provider Name : INTEL
Date : 1968. 07. 18.
Version : 10.1.5.1

Published Name : oem115.inf
Original File Name : sunrisepoint-lpsystem.inf
Inbox : No
Class Name : System
Provider Name : INTEL
Date : 2018. 07. 18.
Version : 10.1.1.44

Published Name : oem125.inf
Original File Name : sunrisepoint-lpsystemthermal.inf
Inbox : No
Class Name : System
Provider Name : INTEL
Date : 2018. 07. 18.
Version : 10.1.1.44

Published Name : oem136.inf
Original File Name : sunrisepoint-lpsystem.inf
Inbox : No
Class Name : System
Provider Name : INTEL
Date : 2017. 07. 18.
Version : 10.1.5.1

Published Name : oem138.inf
Original File Name : sunrisepoint-lpsystemlpss.inf
Inbox : No
Class Name : System
Provider Name : INTEL
Date : 2017. 07. 18.
Version : 10.1.5.1

Published Name : oem15.inf
Original File Name : tbt100x.inf
Inbox : No
Class Name : System
Provider Name : Intel(R) Corporation
Date : 2019. 10. 02.
Version : 17.4.80.94

Published Name : oem17.inf
Original File Name : hdxlvj.inf
Inbox : No
Class Name : MEDIA
Provider Name : Realtek Semiconductor Corp.
Date : 2020. 07. 14.
Version : 6.0.8988.1

Published Name : oem18.inf
Original File Name : intelgnssdriver.inf
Inbox : No
Class Name : Sensor
Provider Name : Fibocom Wireless Inc.
Date : 2020. 11. 17.
Version : 3.19041.2034.1

Published Name : oem19.inf
Original File Name : synpd.inf
Inbox : No
Class Name : Mouse
Provider Name : Synaptics
Date : 2021. 05. 06.
Version : 19.3.4.228

Published Name : oem194.inf
Original File Name : hdxlv.inf
Inbox : No
Class Name : MEDIA
Provider Name : Realtek Semiconductor Corp.
Date : 2021. 03. 23.
Version : 6.0.9136.1

Published Name : oem2.inf
Original File Name : prnms009.inf
Inbox : No
Class Name : Printer
Provider Name : Microsoft
Date : 2006. 06. 21.
Version : 10.0.19041.1806

Published Name : oem20.inf
Original File Name : synhidmini.inf
Inbox : No
Class Name : HIDClass
Provider Name : Synaptics
Date : 2021. 05. 06.
Version : 19.3.4.228

Published Name : oem21.inf
Original File Name : synsmbdrv.inf
Inbox : No
Class Name : System
Provider Name : Synaptics
Date : 2021. 05. 06.
Version : 19.3.4.228

Published Name : oem23.inf
Original File Name : e1d68x64.inf
Inbox : No
Class Name : Net
Provider Name : Intel
Date : 2021. 02. 10.
Version : 12.19.1.37

Published Name : oem26.inf
Original File Name : sgx_base.inf
Inbox : No
Class Name : System
Provider Name : Intel Corporation
Date : 2024. 09. 13.
Version : 2.25.100.3

Published Name : oem28.inf
Original File Name : ibmpmdrv.inf
Inbox : No
Class Name : System
Provider Name : Lenovo
Date : 2025. 10. 27.
Version : 1.69.132.0

Published Name : oem29.inf
Original File Name : tplcd.inf
Inbox : No
Class Name : Monitor
Provider Name : Lenovo
Date : 2025. 12. 16.
Version : 6.14.29.0

Published Name : oem3.inf
Original File Name : hpc1320u.inf
Inbox : No
Class Name : Printer
Provider Name : HP
Date... [TRUNCATED]
2026-08-25 16:23:07 [DEBUG] [drivers-load] [CALL] DriverToolApi._get_third_party_drivers -> [{'version': '16.0.7629.4000', 'published': 'oem0.inf', 'original': 'prnms006.inf', 'class': 'Printer', 'provider': 'Microsoft', 'date': ''}, {'published': 'oem1.inf', 'original': 'prnms001.inf', 'class': 'Printer', 'provider': 'Microsoft', 'date': '', 'version': '10.0.19041.1806'}, {'published': 'o...[+8776 kar.] (8.48s)
2026-08-25 16:23:07 [INFO] [drivers-load] [DRIVERS] Betöltve: 63 driver (8.5s)
2026-08-25 16:23:07 [DEBUG] [drivers-load] [EMIT:drivers_loaded] data={"drivers": [{"version": "16.0.7629.4000", "published": "oem0.inf", "original": "prnms006.inf", "class": "Printer", "provider": "Microsoft", "date": ""}, {"published": "oem1.inf", "original": "prnms00
2026-08-25 16:25:42 [DEBUG] [Thread-16 (_call)] [JS_UI] [UI-AKCIO] Kattintás: button[view=hw] "🖥️ Driver Keresés és Telepítés"
2026-08-25 16:25:50 [DEBUG] [Thread-17 (_call)] [JS_UI] [UI-AKCIO] Kattintás: button#btn-rebind "🔄 Eszközök újrakötése a gyári driverre (ha valami az alapdr"
2026-08-25 16:25:51 [DEBUG] [Thread-18 (_call)] [JS_UI] [UI-AKCIO] Kattintás: button#mc-yes "Igen"
2026-08-25 16:25:51 [INFO] [Thread-19 (_call)] [CALL] DriverToolApi.rescan_and_rebind_drivers()
2026-08-25 16:25:51 [INFO] [Thread-19 (_call)] [API] rescan_and_rebind_drivers() - kézi eszköz-újrakötés
2026-08-25 16:25:51 [DEBUG] [Thread-19 (_call)] [CALL] DriverToolApi._safe_thread('rebind', <function GuiRebindMixin.rescan_and_rebind_drivers.<locals>.worker at 0x00000167C023B7E0>)
2026-08-25 16:25:51 [INFO] [task-rebind] [THREAD:rebind] Háttérszál indul...
2026-08-25 16:25:51 [DEBUG] [Thread-19 (_call)] [CALL] DriverToolApi._safe_thread -> None (0.00s)
2026-08-25 16:25:51 [DEBUG] [task-rebind] [EMIT:task_start] data={"task": "rebind", "title": "Eszközök újrakötése a gyári driverekre"}
2026-08-25 16:25:51 [INFO] [Thread-19 (_call)] [CALL] DriverToolApi.rescan_and_rebind_drivers -> None (0.00s)
2026-08-25 16:25:51 [INFO] [task-rebind] [EMIT:task_progress] Eszközök és telepített driverek felmérése...
2026-08-25 16:25:51 [DEBUG] [task-rebind] [CMD] Futtatás: powershell -NoProfile -Command [Console]::OutputEncoding = [System.Text.Encoding]::UTF8; Get-WmiObject Win32_PnPEntity | Where-Object { $_.Present -eq $true -and $_.ConfigManagerErrorCode -ne 45 } | Select-Object Name, PNPClass, PNPDeviceID, HardwareID, ConfigManagerErrorCode | ConvertTo-Json -Compr
2026-08-25 16:25:53 [DEBUG] [task-rebind] [CMD] OK (1.6s)
2026-08-25 16:25:53 [DEBUG] [task-rebind] [CMD] stdout: [{"Name":"Synaptics Pointing Device","PNPClass":"Mouse","PNPDeviceID":"ACPI\\LEN009B\\4\u002627A0EA9D\u00260","HardwareID":["ACPI\\VEN_LEN\u0026DEV_009B","ACPI\\LEN009B","*LEN009B"],"ConfigManagerErrorCode":0},{"Name":"Intel(R) Software Guard Extensions Device","PNPClass":"System","PNPDeviceID":"ACPI\\INT0E0C\\2\u0026DABA3FF\u00260","HardwareID":["ACPI\\VEN_INT\u0026DEV_0E0C","ACPI\\INT0E0C","*INT0E0C"],"ConfigManagerErrorCode":0},{"Name":"Intel(R) Software Guard Extensions Software","PNPClass":"SoftwareComponent","PNPDeviceID":"SWD\\DRIVERENUM\\SGX_PSWDCAP_INSTALLER\u00263\u00261255D4D5\u00260","HardwareID":["SWC\\VEN_INT\u0026DEV_0E0C_PSWDCAP"],"ConfigManagerErrorCode":0},{"Name":"USB Mobile Monitor Virtual Display","PNPClass":null,"PNPDeviceID":"ROOT\\DISPLAY\\0000","HardwareID":["usbmmidd"],"ConfigManagerErrorCode":0},{"Name":"Alaplap erőforrásai","PNPClass":"System","PNPDeviceID":"ACPI\\PNP0C02\\0","HardwareID":["ACPI\\VEN_PNP\u0026DEV_0C02","ACPI\\PNP0C02","*PNP0C02"],"ConfigManagerErrorCode":0},{"Name":"Alaplap erőforrásai","PNPClass":"System","PNPDeviceID":"ACPI\\PNP0C02\\1","HardwareID":["ACPI\\VEN_PNP\u0026DEV_0C02","ACPI\\PNP0C02","*PNP0C02"],"ConfigManagerErrorCode":0},{"Name":"Alaplap erőforrásai","PNPClass":"System","PNPDeviceID":"ACPI\\PNP0C02\\2","HardwareID":["ACPI\\VEN_PNP\u0026DEV_0C02","ACPI\\PNP0C02","*PNP0C02"],"ConfigManagerErrorCode":0},{"Name":"Alaplap erőforrásai","PNPClass":"System","PNPDeviceID":"ACPI\\PNP0C02\\5","HardwareID":["ACPI\\VEN_PNP\u0026DEV_0C02","ACPI\\PNP0C02","*PNP0C02"],"ConfigManagerErrorCode":0},{"Name":"Microsoft tápadapter","PNPClass":"Battery","PNPDeviceID":"ACPI\\ACPI0003\\0","HardwareID":["ACPI\\VEN_ACPI\u0026DEV_0003","ACPI\\ACPI0003","*ACPI0003"],"ConfigManagerErrorCode":0},{"Name":"Intel(R) Extreme Tuning Utility Device Driver","PNPClass":"System","PNPDeviceID":"ACPI\\INT3394\\2\u0026DABA3FF\u00260","HardwareID":["ACPI\\VEN_INT\u0026DEV_3394","ACPI\\INT3394","*INT3394"],"ConfigManagerErrorCode":0},{"Name":"Intel(R) Watchdog Timer Driver (Intel(R) WDT)","PNPClass":"System","PNPDeviceID":"ACPI\\INT3F0D\\4\u002627A0EA9D\u00260","HardwareID":["ACPI\\VEN_INT\u0026DEV_3F0D","ACPI\\INT3F0D","*INT3F0D"],"ConfigManagerErrorCode":0},{"Name":"Microsoft ACPI szabványnak megfelelő beágyazott vezérlő","PNPClass":"System","PNPDeviceID":"ACPI\\PNP0C09\\0","HardwareID":["ACPI\\VEN_PNP\u0026DEV_0C09","ACPI\\PNP0C09","*PNP0C09"],"ConfigManagerErrorCode":0},{"Name":"Thunderbolt(TM) HSA Component","PNPClass":"SoftwareComponent","PNPDeviceID":"SWD\\DRIVERENUM\\THUNDERBOLTHOSTCONTROLLERHSA\u00267\u0026264225E1\u00260","HardwareID":["SWC\\PROVIDER_Intel\u0026\u0026COMPONENT_ThunderboltHSA"],"ConfigManagerErrorCode":0},{"Name":"Microsoft ACPI szabványnak megfelelő vezérlőmódú telep","PNPClass":"Battery","PNPDeviceID":"ACPI\\PNP0C0A\\0","HardwareID":["ACPI\\VEN_PNP\u0026DEV_0C0A","ACPI\\PNP0C0A","*PNP0C0A"],"ConfigManagerErrorCode":0},{"Name":"Microsoft ACPI szabványnak megfelelő vezérlőmódú telep","PNPClass":"Battery","PNPDeviceID":"ACPI\\PNP0C0A\\1","HardwareID":["ACPI\\VEN_PNP\u0026DEV_0C0A","ACPI\\PNP0C0A","*PNP0C0A"],"ConfigManagerErrorCode":0},{"Name":"Kötet","PNPClass":"Volume","PNPDeviceID":"STORAGE\\VOLUME\\{FEF4BB46-772A-11F1-912C-806E6F6E6963}#0000000007500000","HardwareID":["STORAGE\\Volume"],"ConfigManagerErrorCode":0},{"Name":"Intel(R) Dynamic Tuning Generic Participant","PNPClass":"System","PNPDeviceID":"ACPI\\INT3403\\BCHG","HardwareID":["ACPI\\VEN_INT\u0026DEV_3403","ACPI\\INT3403","*INT3403"],"ConfigManagerErrorCode":0},{"Name":"Lefelé irányuló PCI Express-kapcsolóport","PNPClass":"System","PNPDeviceID":"PCI\\VEN_8086\u0026DEV_15C0\u0026SUBSYS_11112222\u0026REV_01\\6117501B5800AA0000","HardwareID":["PCI\\VEN_8086\u0026DEV_15C0\u0026SUBSYS_11112222\u0026REV_01","PCI\\VEN_8086\u0026DEV_15C0\u0026SUBSYS_11112222","PCI\\VEN_8086\u0026DEV_15C0\u0026CC_060400","PCI\\VEN_8086\u0026DEV_15C0\u0026CC_0604"],"ConfigManagerErrorCode":0},{"Name":"Lefelé irányuló PCI Express-kapcsolóport","PNPCla... [TRUNCATED]
2026-08-25 16:25:53 [INFO] [task-rebind] [PNP] 133 eszköz a szűrés után; azonos HWID-ű példányok összevonva: [('Alaplap erőforrásai', 7), ('Microsoft ACPI szabványnak megfelelő vezérlőmódú telep', 2), ('Intel(R) Dynamic Tuning Generic Participant', 7), ('Lefelé irányuló PCI Express-kapcsolóport', 4), ('HID-kompatibilis egér', 3), ('HID-kompatibilis, gyártó által definiált eszköz', 3), ('Microsoft Windows ACPI kezelő felület', 4), ('Microsoft Input Configuration Device', 3), ('HID-szabványos érintőpárna', 3), ('Intel(R) Core(TM) i5-8350U CPU @ 1.70GHz', 8), ('Synaptics HID-Compliant Touch pad Device', 3), ('Microsoft Wi-Fi Direct Virtual Adapter #35', 2)]
2026-08-25 16:25:53 [INFO] [task-rebind] [PNP] 18 eszköz kizárva a driver-keresésből (virtuális gép eszköze=1, osztály=17).
2026-08-25 16:25:53 [DEBUG] [task-rebind] [PNP] Kizárva (virtuális gép eszköze): ['Microsoft Hyper-V virtualizálási infrastruktúra illesztőprogramja']
2026-08-25 16:25:53 [DEBUG] [task-rebind] [PNP] Kizárva (osztály): ['Kötet [Volume]', 'Gyökér szintű nyomtatási várólista [PrintQueue]', 'Mikrofon tömb (Realtek High Definition Audio) [AudioEndpoint]', 'Kötet [Volume]', 'OneNote for Windows 10 [PrintQueue]', 'Általános kötet árnyékmásolata [VolumeSnapshot]', 'Általános kötet árnyékmásolata [VolumeSnapshot]', 'Microsoft Print to PDF [PrintQueue]', 'ACPI x64-alapú PC [Computer]', 'Microstore Bolti Nyomtató [PrintQueue]', 'Fax [PrintQueue]', 'SUPErNOVA Printer [PrintQueue]', 'OneNote (Desktop) [PrintQueue]', 'Microsoft XPS Document Writer [PrintQueue]', 'Kötet [Volume]', 'Hangszóró/Fejhallgató (Realtek High Definition Audio) [AudioEndpoint]', 'HP Color LaserJet MFP M477fdw (5B4A4C) [PrintQueue]']
2026-08-25 16:25:53 [DEBUG] [task-rebind] [CALL] DriverToolApi._get_installed_driver_info()
2026-08-25 16:25:53 [DEBUG] [task-rebind] [CMD] Futtatás: powershell -NoProfile -Command [Console]::OutputEncoding = [System.Text.Encoding]::UTF8; Get-WmiObject Win32_PnPSignedDriver | Where-Object { $_.DeviceID -and $_.DriverVersion } | Select-Object DeviceID, DriverVersion, DriverDate, DriverProviderName, InfName | ConvertTo-Json -Compress
2026-08-25 16:25:57 [DEBUG] [task-rebind] [CMD] OK (4.2s)
2026-08-25 16:25:57 [DEBUG] [task-rebind] [CMD] stdout: [{"DeviceID":"SWD\\PRINTENUM\\{D04F27B3-CB9C-426F-A1CA-1D81DB1D34C8}","DriverVersion":"10.0.19041.1","DriverDate":"20060621000000.******+***","DriverProviderName":"Microsoft","InfName":"printqueue.inf"},{"DeviceID":"SWD\\PRINTENUM\\{8B82CBFE-FB5C-450A-84E3-F7591FFBC6F1}","DriverVersion":"10.0.19041.1","DriverDate":"20060621000000.******+***","DriverProviderName":"Microsoft","InfName":"printqueue.inf"},{"DeviceID":"SWD\\PRINTENUM\\{C1C10521-AA32-4491-BE4D-F5E6E7927369}","DriverVersion":"10.0.19041.1","DriverDate":"20060621000000.******+***","DriverProviderName":"Microsoft","InfName":"printqueue.inf"},{"DeviceID":"SWD\\PRINTENUM\\{49305D13-835A-448E-BB53-6BFC07E5EB08}","DriverVersion":"10.0.19041.1","DriverDate":"20060621000000.******+***","DriverProviderName":"Microsoft","InfName":"printqueue.inf"},{"DeviceID":"SWD\\PRINTENUM\\{C4A8C922-C486-40BB-BC60-CC480DD22CC8}","DriverVersion":"10.0.19041.1","DriverDate":"20060621000000.******+***","DriverProviderName":"Microsoft","InfName":"printqueue.inf"},{"DeviceID":"SWD\\PRINTENUM\\{115C2850-D19A-4E5F-B8F4-3A74F0FFFD4F}","DriverVersion":"10.0.19041.1","DriverDate":"20060621000000.******+***","DriverProviderName":"Microsoft","InfName":"printqueue.inf"},{"DeviceID":"SWD\\PRINTENUM\\{A5856CD5-01F0-4301-AB7C-064B52928E14}","DriverVersion":"10.0.19041.1","DriverDate":"20060621000000.******+***","DriverProviderName":"Microsoft","InfName":"printqueue.inf"},{"DeviceID":"SWD\\PRINTENUM\\PRINTQUEUES","DriverVersion":"10.0.19041.1","DriverDate":"20060621000000.******+***","DriverProviderName":"Microsoft","InfName":"printqueue.inf"},{"DeviceID":"SWD\\MSRRAS\\MS_NDISWANBH","DriverVersion":"10.0.19041.1","DriverDate":"20060621000000.******+***","DriverProviderName":"Microsoft","InfName":"netrasa.inf"},{"DeviceID":"SWD\\MSRRAS\\MS_NDISWANIPV6","DriverVersion":"10.0.19041.1","DriverDate":"20060621000000.******+***","DriverProviderName":"Microsoft","InfName":"netrasa.inf"},{"DeviceID":"SWD\\MSRRAS\\MS_NDISWANIP","DriverVersion":"10.0.19041.1","DriverDate":"20060621000000.******+***","DriverProviderName":"Microsoft","InfName":"netrasa.inf"},{"DeviceID":"SWD\\MSRRAS\\MS_PPPOEMINIPORT","DriverVersion":"10.0.19041.1","DriverDate":"20060621000000.******+***","DriverProviderName":"Microsoft","InfName":"netrasa.inf"},{"DeviceID":"SWD\\MSRRAS\\MS_PPTPMINIPORT","DriverVersion":"10.0.19041.1","DriverDate":"20060621000000.******+***","DriverProviderName":"Microsoft","InfName":"netrasa.inf"},{"DeviceID":"SWD\\MSRRAS\\MS_L2TPMINIPORT","DriverVersion":"10.0.19041.1","DriverDate":"20060621000000.******+***","DriverProviderName":"Microsoft","InfName":"netrasa.inf"},{"DeviceID":"SWD\\MSRRAS\\MS_AGILEVPNMINIPORT","DriverVersion":"10.0.19041.1","DriverDate":"20060621000000.******+***","DriverProviderName":"Microsoft","InfName":"netavpna.inf"},{"DeviceID":"SWD\\MSRRAS\\MS_SSTPMINIPORT","DriverVersion":"10.0.19041.1","DriverDate":"20060621000000.******+***","DriverProviderName":"Microsoft","InfName":"netsstpa.inf"},{"DeviceID":"SWD\\MSRRAS\\{5E259276-BC7E-40E3-B93B-8F89B5F3ABC0}","DriverVersion":"10.0.19041.1","DriverDate":"20060621000000.******+***","DriverProviderName":"Microsoft","InfName":"c_swdevice.inf"},{"DeviceID":"SWD\\MMDEVAPI\\MICROSOFTGSWAVETABLESYNTH","DriverVersion":"10.0.19041.1","DriverDate":"20060621000000.******+***","DriverProviderName":"Microsoft","InfName":"c_swdevice.inf"},{"DeviceID":"SWD\\RADIO\\{DE38D9E2-5164-45E8-8E9F-6CE2E3AAF664}","DriverVersion":"10.0.19041.1","DriverDate":"20060621000000.******+***","DriverProviderName":"Microsoft","InfName":"c_swdevice.inf"},{"DeviceID":"SWD\\RADIO\\{9C87EA3A-9CA2-4060-B1F1-B8099D923722}","DriverVersion":"10.0.19041.1","DriverDate":"20060621000000.******+***","DriverProviderName":"Microsoft","InfName":"c_swdevice.inf"},{"DeviceID":"SWD\\RADIO\\BLUETOOTH_24EE9AF8AFEC","DriverVersion":"10.0.19041.1","DriverDate":"20060621000000.******+***","DriverProviderName":"Microsoft","InfName":"c_swdevice.inf"},{"DeviceID":"SWD\\RADIO\\{3DB5895D-CC28-44B3-AD3D-6F01A782B8D... [TRUNCATED]
2026-08-25 16:25:57 [INFO] [task-rebind] [CATALOG] Telepített driver-infó: 193 eszköz
2026-08-25 16:25:57 [DEBUG] [task-rebind] [CALL] DriverToolApi._get_installed_driver_info -> {'SWD\\PRINTENUM\\{D04F27B3-CB9C-426F-A1CA-1D81DB1D34C8}': {'version': '10.0.19041.1', 'date': '2006-06-21', 'provider': 'Microsoft', 'inf': 'printqueue.inf'}, 'SWD\\PRINTENUM\\{8B82CBFE-FB5C-450A-84E3-F7591FFBC6F1}': {'version': '10.0.19041.1', 'date': '2006-06-21', 'provider': 'Microsoft', 'inf': ...[+27318 kar.] (4.19s)
2026-08-25 16:25:57 [DEBUG] [task-rebind] [CALL] DriverToolApi._get_third_party_drivers()
2026-08-25 16:25:57 [DEBUG] [task-rebind] [DRIVERS] dism /English /Online /Get-Drivers futtatása...
2026-08-25 16:25:57 [DEBUG] [task-rebind] [CMD] Futtatás: dism /English /Online /Get-Drivers
2026-08-25 16:26:08 [DEBUG] [task-rebind] [CMD] OK (11.3s)
2026-08-25 16:26:08 [DEBUG] [task-rebind] [CMD] stdout: Deployment Image Servicing and Management tool
Version: 10.0.19041.3636

Image Version: 10.0.19045.6466

Obtaining list of 3rd party drivers from the driver store...

Driver packages listing:

Published Name : oem0.inf
Original File Name : prnms006.inf
Inbox : No
Class Name : Printer
Provider Name : Microsoft
Date : 2016. 11. 29.
Version : 16.0.7629.4000

Published Name : oem1.inf
Original File Name : prnms001.inf
Inbox : No
Class Name : Printer
Provider Name : Microsoft
Date : 2006. 06. 21.
Version : 10.0.19041.1806

Published Name : oem10.inf
Original File Name : powermgrextension.inf
Inbox : No
Class Name : Extension
Provider Name : Lenovo
Date : 2018. 10. 24.
Version : 1.0.1.0

Published Name : oem100.inf
Original File Name : sunrisepoint-hsystemlpss.inf
Inbox : No
Class Name : System
Provider Name : INTEL
Date : 1970. 01. 01.
Version : 10.1.1.38

Published Name : oem106.inf
Original File Name : rtlejf.inf
Inbox : No
Class Name : Camera
Provider Name : Realtek
Date : 2026. 05. 07.
Version : 10.0.22000.20409

Published Name : oem11.inf
Original File Name : sunrisepoint-lpsystemthermal.inf
Inbox : No
Class Name : System
Provider Name : INTEL
Date : 1968. 07. 18.
Version : 10.1.5.1

Published Name : oem115.inf
Original File Name : sunrisepoint-lpsystem.inf
Inbox : No
Class Name : System
Provider Name : INTEL
Date : 2018. 07. 18.
Version : 10.1.1.44

Published Name : oem125.inf
Original File Name : sunrisepoint-lpsystemthermal.inf
Inbox : No
Class Name : System
Provider Name : INTEL
Date : 2018. 07. 18.
Version : 10.1.1.44

Published Name : oem136.inf
Original File Name : sunrisepoint-lpsystem.inf
Inbox : No
Class Name : System
Provider Name : INTEL
Date : 2017. 07. 18.
Version : 10.1.5.1

Published Name : oem138.inf
Original File Name : sunrisepoint-lpsystemlpss.inf
Inbox : No
Class Name : System
Provider Name : INTEL
Date : 2017. 07. 18.
Version : 10.1.5.1

Published Name : oem15.inf
Original File Name : tbt100x.inf
Inbox : No
Class Name : System
Provider Name : Intel(R) Corporation
Date : 2019. 10. 02.
Version : 17.4.80.94

Published Name : oem17.inf
Original File Name : hdxlvj.inf
Inbox : No
Class Name : MEDIA
Provider Name : Realtek Semiconductor Corp.
Date : 2020. 07. 14.
Version : 6.0.8988.1

Published Name : oem18.inf
Original File Name : intelgnssdriver.inf
Inbox : No
Class Name : Sensor
Provider Name : Fibocom Wireless Inc.
Date : 2020. 11. 17.
Version : 3.19041.2034.1

Published Name : oem19.inf
Original File Name : synpd.inf
Inbox : No
Class Name : Mouse
Provider Name : Synaptics
Date : 2021. 05. 06.
Version : 19.3.4.228

Published Name : oem194.inf
Original File Name : hdxlv.inf
Inbox : No
Class Name : MEDIA
Provider Name : Realtek Semiconductor Corp.
Date : 2021. 03. 23.
Version : 6.0.9136.1

Published Name : oem2.inf
Original File Name : prnms009.inf
Inbox : No
Class Name : Printer
Provider Name : Microsoft
Date : 2006. 06. 21.
Version : 10.0.19041.1806

Published Name : oem20.inf
Original File Name : synhidmini.inf
Inbox : No
Class Name : HIDClass
Provider Name : Synaptics
Date : 2021. 05. 06.
Version : 19.3.4.228

Published Name : oem21.inf
Original File Name : synsmbdrv.inf
Inbox : No
Class Name : System
Provider Name : Synaptics
Date : 2021. 05. 06.
Version : 19.3.4.228

Published Name : oem23.inf
Original File Name : e1d68x64.inf
Inbox : No
Class Name : Net
Provider Name : Intel
Date : 2021. 02. 10.
Version : 12.19.1.37

Published Name : oem26.inf
Original File Name : sgx_base.inf
Inbox : No
Class Name : System
Provider Name : Intel Corporation
Date : 2024. 09. 13.
Version : 2.25.100.3

Published Name : oem28.inf
Original File Name : ibmpmdrv.inf
Inbox : No
Class Name : System
Provider Name : Lenovo
Date : 2025. 10. 27.
Version : 1.69.132.0

Published Name : oem29.inf
Original File Name : tplcd.inf
Inbox : No
Class Name : Monitor
Provider Name : Lenovo
Date : 2025. 12. 16.
Version : 6.14.29.0

Published Name : oem3.inf
Original File Name : hpc1320u.inf
Inbox : No
Class Name : Printer
Provider Name : HP
Date... [TRUNCATED]
2026-08-25 16:26:08 [DEBUG] [task-rebind] [CALL] DriverToolApi._get_third_party_drivers -> [{'version': '16.0.7629.4000', 'published': 'oem0.inf', 'original': 'prnms006.inf', 'class': 'Printer', 'provider': 'Microsoft', 'date': ''}, {'published': 'oem1.inf', 'original': 'prnms001.inf', 'class': 'Printer', 'provider': 'Microsoft', 'date': '', 'version': '10.0.19041.1806'}, {'published': 'o...[+8776 kar.] (11.34s)
2026-08-25 16:26:08 [INFO] [task-rebind] [EMIT:task_progress] 133 eszköz, 63 gyári driver-csomag a gépen.
2026-08-25 16:26:08 [INFO] [task-rebind] [REBIND] 79 eszköz fut alapdriveren (a tároló/firmware nélkül).
2026-08-25 16:26:08 [DEBUG] [task-rebind] [CALL] DriverToolApi._staged_vendor_inf_for({'cat': '⚙️ Rendszereszköz', 'name': 'Alaplap erőforrásai', 'id': 'ACPI\\VEN_PNP&DEV_0C02', 'pnp_id': 'ACPI\\PNP0C02\\0', 'all_hwids': ['ACPI\\VEN_PNP&DEV_0C02', 'ACPI\\PNP0C02', '*PNP0C02'], 'err_cod...[+196 kar.], [{'version': '16.0.7629.4000', 'published': 'oem0.inf', 'original': 'prnms006.inf', 'class': 'Printer', 'provider': 'Microsoft', 'date': ''}, {'published': 'oem1.inf', 'original': 'prnms001.inf', 'cla...[+8876 kar.])
2026-08-25 16:26:09 [DEBUG] [task-rebind] [CALL] DriverToolApi._staged_vendor_inf_for -> (None, '') (0.67s)
2026-08-25 16:26:09 [DEBUG] [task-rebind] [CALL] DriverToolApi._staged_vendor_inf_for({'cat': '🔧 Egyéb (Battery)', 'name': 'Microsoft tápadapter', 'id': 'ACPI\\VEN_ACPI&DEV_0003', 'pnp_id': 'ACPI\\ACPI0003\\0', 'all_hwids': ['ACPI\\VEN_ACPI&DEV_0003', 'ACPI\\ACPI0003', '*ACPI0003'], 'e...[+33 kar.], [{'version': '16.0.7629.4000', 'published': 'oem0.inf', 'original': 'prnms006.inf', 'class': 'Printer', 'provider': 'Microsoft', 'date': ''}, {'published': 'oem1.inf', 'original': 'prnms001.inf', 'cla...[+8876 kar.])
2026-08-25 16:26:10 [DEBUG] [task-rebind] [CALL] DriverToolApi._staged_vendor_inf_for -> (None, '') (0.62s)
2026-08-25 16:26:10 [DEBUG] [task-rebind] [CALL] DriverToolApi._staged_vendor_inf_for({'cat': '⚙️ Rendszereszköz', 'name': 'Microsoft ACPI szabványnak megfelelő beágyazott vezérlő', 'id': 'ACPI\\VEN_PNP&DEV_0C09', 'pnp_id': 'ACPI\\PNP0C09\\0', 'all_hwids': ['ACPI\\VEN_PNP&DEV_0C09', 'A...[+62 kar.], [{'version': '16.0.7629.4000', 'published': 'oem0.inf', 'original': 'prnms006.inf', 'class': 'Printer', 'provider': 'Microsoft', 'date': ''}, {'published': 'oem1.inf', 'original': 'prnms001.inf', 'cla...[+8876 kar.])
2026-08-25 16:26:10 [DEBUG] [task-rebind] [CALL] DriverToolApi._staged_vendor_inf_for -> (None, '') (0.64s)
2026-08-25 16:26:10 [DEBUG] [task-rebind] [CALL] DriverToolApi._staged_vendor_inf_for({'cat': '🔧 Egyéb (Battery)', 'name': 'Microsoft ACPI szabványnak megfelelő vezérlőmódú telep', 'id': 'ACPI\\VEN_PNP&DEV_0C0A', 'pnp_id': 'ACPI\\PNP0C0A\\0', 'all_hwids': ['ACPI\\VEN_PNP&DEV_0C0A', 'AC...[+115 kar.], [{'version': '16.0.7629.4000', 'published': 'oem0.inf', 'original': 'prnms006.inf', 'class': 'Printer', 'provider': 'Microsoft', 'date': ''}, {'published': 'oem1.inf', 'original': 'prnms001.inf', 'cla...[+8876 kar.])
2026-08-25 16:26:11 [DEBUG] [task-rebind] [CALL] DriverToolApi._staged_vendor_inf_for -> (None, '') (0.62s)
2026-08-25 16:26:11 [DEBUG] [task-rebind] [CALL] DriverToolApi._staged_vendor_inf_for({'cat': '⚙️ Rendszereszköz', 'name': 'Lefelé irányuló PCI Express-kapcsolóport', 'id': 'PCI\\VEN_8086&DEV_15C0&SUBSYS_11112222&REV_01', 'pnp_id': 'PCI\\VEN_8086&DEV_15C0&SUBSYS_11112222&REV_01\\611750...[+466 kar.], [{'version': '16.0.7629.4000', 'published': 'oem0.inf', 'original': 'prnms006.inf', 'class': 'Printer', 'provider': 'Microsoft', 'date': ''}, {'published': 'oem1.inf', 'original': 'prnms001.inf', 'cla...[+8876 kar.])
2026-08-25 16:26:11 [DEBUG] [task-rebind] [CALL] DriverToolApi._staged_vendor_inf_for -> (None, '') (0.67s)
2026-08-25 16:26:11 [DEBUG] [task-rebind] [CALL] DriverToolApi._staged_vendor_inf_for({'cat': '⚙️ Rendszereszköz', 'name': 'ACPI processzorösszesítő', 'id': 'ACPI\\VEN_ACPI&DEV_000C', 'pnp_id': 'ACPI\\ACPI000C\\2&DABA3FF&0', 'all_hwids': ['ACPI\\VEN_ACPI&DEV_000C', 'ACPI\\ACPI000C', '*...[+46 kar.], [{'version': '16.0.7629.4000', 'published': 'oem0.inf', 'original': 'prnms006.inf', 'class': 'Printer', 'provider': 'Microsoft', 'date': ''}, {'published': 'oem1.inf', 'original': 'prnms001.inf', 'cla...[+8876 kar.])
2026-08-25 16:26:12 [DEBUG] [task-rebind] [CALL] DriverToolApi._staged_vendor_inf_for -> (None, '') (0.66s)
2026-08-25 16:26:12 [DEBUG] [task-rebind] [CALL] DriverToolApi._staged_vendor_inf_for({'cat': '🔵 Bluetooth', 'name': 'Microsoft Bluetooth enumerátor', 'id': 'BTH\\MS_BTHBRB', 'pnp_id': 'BTH\\MS_BTHBRB\\6&247192D2&0&1', 'all_hwids': ['BTH\\MS_BTHBRB'], 'err_code': 0, 'pclass': 'Bluetoot...[+3 kar.], [{'version': '16.0.7629.4000', 'published': 'oem0.inf', 'original': 'prnms006.inf', 'class': 'Printer', 'provider': 'Microsoft', 'date': ''}, {'published': 'oem1.inf', 'original': 'prnms001.inf', 'cla...[+8876 kar.])
2026-08-25 16:26:13 [DEBUG] [task-rebind] [CALL] DriverToolApi._staged_vendor_inf_for -> (None, '') (0.61s)
2026-08-25 16:26:13 [DEBUG] [task-rebind] [CALL] DriverToolApi._staged_vendor_inf_for({'cat': '⚙️ Rendszereszköz', 'name': 'Kötetkezelő', 'id': 'ROOT\\VOLMGR', 'pnp_id': 'ROOT\\VOLMGR\\0000', 'all_hwids': ['ROOT\\VOLMGR'], 'err_code': 0, 'pclass': 'System'}, [{'version': '16.0.7629.4000', 'published': 'oem0.inf', 'original': 'prnms006.inf', 'class': 'Printer', 'provider': 'Microsoft', 'date': ''}, {'published': 'oem1.inf', 'original': 'prnms001.inf', 'cla...[+8876 kar.])
2026-08-25 16:26:13 [DEBUG] [task-rebind] [CALL] DriverToolApi._staged_vendor_inf_for -> (None, '') (0.64s)
2026-08-25 16:26:13 [DEBUG] [task-rebind] [CALL] DriverToolApi._staged_vendor_inf_for({'cat': '🔧 Egyéb (SoftwareDevice)', 'name': 'Bluetooth', 'id': 'SWD\\RADIO\\BLUETOOTH_24EE9AF8AFEC', 'pnp_id': 'SWD\\RADIO\\BLUETOOTH_24EE9AF8AFEC', 'all_hwids': [], 'err_code': 0, 'pclass': 'Software...[+8 kar.], [{'version': '16.0.7629.4000', 'published': 'oem0.inf', 'original': 'prnms006.inf', 'class': 'Printer', 'provider': 'Microsoft', 'date': ''}, {'published': 'oem1.inf', 'original': 'prnms001.inf', 'cla...[+8876 kar.])
2026-08-25 16:26:13 [DEBUG] [task-rebind] [CALL] DriverToolApi._staged_vendor_inf_for -> (None, '') (0.00s)
2026-08-25 16:26:13 [DEBUG] [task-rebind] [CALL] DriverToolApi._staged_vendor_inf_for({'cat': '🖱️ Periféria', 'name': 'HID-kompatibilis egér', 'id': 'HID\\VID_06CB&PID_000F&Col01', 'pnp_id': 'HID\\SYNHIDMINI&COL01\\1&213A2F8E&0&0000', 'all_hwids': ['HID\\VID_06CB&PID_000F&Col01', 'HID\...[+251 kar.], [{'version': '16.0.7629.4000', 'published': 'oem0.inf', 'original': 'prnms006.inf', 'class': 'Printer', 'provider': 'Microsoft', 'date': ''}, {'published': 'oem1.inf', 'original': 'prnms001.inf', 'cla...[+8876 kar.])
2026-08-25 16:26:14 [DEBUG] [task-rebind] [CALL] DriverToolApi._staged_vendor_inf_for -> ('C:\\Windows\\System32\\DriverStore\\FileRepository\\synpd.inf_amd64_61d873e750f15de4\\synpd.inf', 'synpd.inf') (0.20s)
2026-08-25 16:26:14 [DEBUG] [task-rebind] [CALL] DriverToolApi._staged_vendor_inf_for({'cat': '🌐 Hálózat (LAN/Wi-Fi)', 'name': 'Fibocom L830-EB', 'id': 'USB\\VID_2CB7&PID_0210&REV_0333&MI_00', 'pnp_id': 'USB\\VID_2CB7&PID_0210&MI_00\\6&2DB79EA2&0&0000', 'all_hwids': ['USB\\VID_2CB7&PID...[+87 kar.], [{'version': '16.0.7629.4000', 'published': 'oem0.inf', 'original': 'prnms006.inf', 'class': 'Printer', 'provider': 'Microsoft', 'date': ''}, {'published': 'oem1.inf', 'original': 'prnms001.inf', 'cla...[+8876 kar.])
2026-08-25 16:26:14 [DEBUG] [task-rebind] [CALL] DriverToolApi._staged_vendor_inf_for -> (None, '') (0.64s)
2026-08-25 16:26:14 [DEBUG] [task-rebind] [CALL] DriverToolApi._staged_vendor_inf_for({'cat': '🌐 Hálózat (LAN/Wi-Fi)', 'name': 'WAN Miniport (PPPOE)', 'id': 'ms_pppoeminiport', 'pnp_id': 'SWD\\MSRRAS\\MS_PPPOEMINIPORT', 'all_hwids': ['ms_pppoeminiport'], 'err_code': 0, 'pclass': 'Net'}, [{'version': '16.0.7629.4000', 'published': 'oem0.inf', 'original': 'prnms006.inf', 'class': 'Printer', 'provider': 'Microsoft', 'date': ''}, {'published': 'oem1.inf', 'original': 'prnms001.inf', 'cla...[+8876 kar.])
2026-08-25 16:26:15 [DEBUG] [task-rebind] [CALL] DriverToolApi._staged_vendor_inf_for -> (None, '') (0.64s)
2026-08-25 16:26:15 [DEBUG] [task-rebind] [CALL] DriverToolApi._staged_vendor_inf_for({'cat': '⚙️ Rendszereszköz', 'name': 'Általános Microsoft-képernyőillesztő', 'id': 'ROOT\\BasicDisplay', 'pnp_id': 'ROOT\\BASICDISPLAY\\0000', 'all_hwids': ['ROOT\\BasicDisplay'], 'err_code': 0, 'pcla...[+14 kar.], [{'version': '16.0.7629.4000', 'published': 'oem0.inf', 'original': 'prnms006.inf', 'class': 'Printer', 'provider': 'Microsoft', 'date': ''}, {'published': 'oem1.inf', 'original': 'prnms001.inf', 'cla...[+8876 kar.])
2026-08-25 16:26:15 [DEBUG] [task-rebind] [CALL] DriverToolApi._staged_vendor_inf_for -> (None, '') (0.61s)
2026-08-25 16:26:15 [DEBUG] [task-rebind] [CALL] DriverToolApi._staged_vendor_inf_for({'cat': '⚙️ Rendszereszköz', 'name': 'ACPI-termikus zóna', 'id': 'ACPI\\ThermalZone', 'pnp_id': 'ACPI\\THERMALZONE\\THM0', 'all_hwids': ['ACPI\\ThermalZone', '*ThermalZone'], 'err_code': 0, 'pclass': ...[+9 kar.], [{'version': '16.0.7629.4000', 'published': 'oem0.inf', 'original': 'prnms006.inf', 'class': 'Printer', 'provider': 'Microsoft', 'date': ''}, {'published': 'oem1.inf', 'original': 'prnms001.inf', 'cla...[+8876 kar.])
2026-08-25 16:26:16 [DEBUG] [task-rebind] [CALL] DriverToolApi._staged_vendor_inf_for -> (None, '') (0.64s)
2026-08-25 16:26:16 [DEBUG] [task-rebind] [CALL] DriverToolApi._staged_vendor_inf_for({'cat': '⚙️ Rendszereszköz', 'name': 'ACPI-alvásgomb', 'id': 'ACPI\\VEN_PNP&DEV_0C0E', 'pnp_id': 'ACPI\\PNP0C0E\\2&DABA3FF&0', 'all_hwids': ['ACPI\\VEN_PNP&DEV_0C0E', 'ACPI\\PNP0C0E', '*PNP0C0E'], 'er...[+31 kar.], [{'version': '16.0.7629.4000', 'published': 'oem0.inf', 'original': 'prnms006.inf', 'class': 'Printer', 'provider': 'Microsoft', 'date': ''}, {'published': 'oem1.inf', 'original': 'prnms001.inf', 'cla...[+8876 kar.])
2026-08-25 16:26:17 [DEBUG] [task-rebind] [CALL] DriverToolApi._staged_vendor_inf_for -> (None, '') (0.62s)
2026-08-25 16:26:17 [DEBUG] [task-rebind] [CALL] DriverToolApi._staged_vendor_inf_for({'cat': '🔵 Bluetooth', 'name': 'Bluetooth Device (RFCOMM Protocol TDI)', 'id': 'BTH\\MS_RFCOMM', 'pnp_id': 'BTH\\MS_RFCOMM\\6&247192D2&0&0', 'all_hwids': ['BTH\\MS_RFCOMM'], 'err_code': 0, 'pclass': '...[+11 kar.], [{'version': '16.0.7629.4000', 'published': 'oem0.inf', 'original': 'prnms006.inf', 'class': 'Printer', 'provider': 'Microsoft', 'date': ''}, {'published': 'oem1.inf', 'original': 'prnms001.inf', 'cla...[+8876 kar.])
2026-08-25 16:26:17 [DEBUG] [task-rebind] [CALL] DriverToolApi._staged_vendor_inf_for -> (None, '') (0.66s)
2026-08-25 16:26:17 [DEBUG] [task-rebind] [CALL] DriverToolApi._staged_vendor_inf_for({'cat': '🌐 Hálózat (LAN/Wi-Fi)', 'name': 'Bluetooth Device (Personal Area Network) #11', 'id': 'BTH\\MS_BTHPAN', 'pnp_id': 'BTH\\MS_BTHPAN\\6&247192D2&0&2', 'all_hwids': ['BTH\\MS_BTHPAN'], 'err_code'...[+21 kar.], [{'version': '16.0.7629.4000', 'published': 'oem0.inf', 'original': 'prnms006.inf', 'class': 'Printer', 'provider': 'Microsoft', 'date': ''}, {'published': 'oem1.inf', 'original': 'prnms001.inf', 'cla...[+8876 kar.])
2026-08-25 16:26:18 [DEBUG] [task-rebind] [CALL] DriverToolApi._staged_vendor_inf_for -> (None, '') (0.64s)
2026-08-25 16:26:18 [DEBUG] [task-rebind] [CALL] DriverToolApi._staged_vendor_inf_for({'cat': '🖱️ Periféria', 'name': 'HID-kompatibilis, gyártó által definiált eszköz', 'id': 'HID\\VID_06CB&PID_000F&Col04', 'pnp_id': 'HID\\SYNHIDMINI&COL04\\1&33F3E033&0&0003', 'all_hwids': ['HID\\VID_0...[+281 kar.], [{'version': '16.0.7629.4000', 'published': 'oem0.inf', 'original': 'prnms006.inf', 'class': 'Printer', 'provider': 'Microsoft', 'date': ''}, {'published': 'oem1.inf', 'original': 'prnms001.inf', 'cla...[+8876 kar.])
2026-08-25 16:26:18 [DEBUG] [task-rebind] [CALL] DriverToolApi._staged_vendor_inf_for -> ('C:\\Windows\\System32\\DriverStore\\FileRepository\\synpd.inf_amd64_61d873e750f15de4\\synpd.inf', 'synpd.inf') (0.20s)
2026-08-25 16:26:18 [DEBUG] [task-rebind] [CALL] DriverToolApi._staged_vendor_inf_for({'cat': '⚙️ Rendszereszköz', 'name': 'Alaplap', 'id': 'ACPI\\VEN_PNP&DEV_0C01', 'pnp_id': 'ACPI\\PNP0C01\\2&DABA3FF&0', 'all_hwids': ['ACPI\\VEN_PNP&DEV_0C01', 'ACPI\\PNP0C01', '*PNP0C01'], 'err_code'...[+24 kar.], [{'version': '16.0.7629.4000', 'published': 'oem0.inf', 'original': 'prnms006.inf', 'class': 'Printer', 'provider': 'Microsoft', 'date': ''}, {'published': 'oem1.inf', 'original': 'prnms001.inf', 'cla...[+8876 kar.])
2026-08-25 16:26:19 [DEBUG] [task-rebind] [CALL] DriverToolApi._staged_vendor_inf_for -> (None, '') (0.64s)
2026-08-25 16:26:19 [DEBUG] [task-rebind] [CALL] DriverToolApi._staged_vendor_inf_for({'cat': '🔧 Egyéb (SoftwareDevice)', 'name': 'Mobil', 'id': 'SWD\\RADIO\\{9C87EA3A-9CA2-4060-B1F1-B8099D923722}', 'pnp_id': 'SWD\\RADIO\\{9C87EA3A-9CA2-4060-B1F1-B8099D923722}', 'all_hwids': [], 'err_c...[+36 kar.], [{'version': '16.0.7629.4000', 'published': 'oem0.inf', 'original': 'prnms006.inf', 'class': 'Printer', 'provider': 'Microsoft', 'date': ''}, {'published': 'oem1.inf', 'original': 'prnms001.inf', 'cla...[+8876 kar.])
2026-08-25 16:26:19 [DEBUG] [task-rebind] [CALL] DriverToolApi._staged_vendor_inf_for -> (None, '') (0.00s)
2026-08-25 16:26:19 [DEBUG] [task-rebind] [CALL] DriverToolApi._staged_vendor_inf_for({'cat': '🔌 USB Vezérlő', 'name': 'USB kompozit eszköz', 'id': 'USB\\VID_2CB7&PID_0210&REV_0333', 'pnp_id': 'USB\\VID_2CB7&PID_0210\\004999010640000', 'all_hwids': ['USB\\VID_2CB7&PID_0210&REV_0333', '...[+57 kar.], [{'version': '16.0.7629.4000', 'published': 'oem0.inf', 'original': 'prnms006.inf', 'class': 'Printer', 'provider': 'Microsoft', 'date': ''}, {'published': 'oem1.inf', 'original': 'prnms001.inf', 'cla...[+8876 kar.])
2026-08-25 16:26:19 [DEBUG] [task-rebind] [CALL] DriverToolApi._staged_vendor_inf_for -> ('C:\\Windows\\System32\\DriverStore\\FileRepository\\intelgnssdriver.inf_amd64_62e132b10c269354\\intelgnssdriver.inf', 'intelgnssdriver.inf') (0.06s)
2026-08-25 16:26:19 [DEBUG] [task-rebind] [CALL] DriverToolApi._staged_vendor_inf_for({'cat': '🔧 Egyéb (SoftwareDevice)', 'name': 'Microsoft RRAS Root Enumerator', 'id': 'SWD\\MSRRAS\\{5E259276-BC7E-40E3-B93B-8F89B5F3ABC0}', 'pnp_id': 'SWD\\MSRRAS\\{5E259276-BC7E-40E3-B93B-8F89B5F3ABC0...[+63 kar.], [{'version': '16.0.7629.4000', 'published': 'oem0.inf', 'original': 'prnms006.inf', 'class': 'Printer', 'provider': 'Microsoft', 'date': ''}, {'published': 'oem1.inf', 'original': 'prnms001.inf', 'cla...[+8876 kar.])
2026-08-25 16:26:19 [DEBUG] [task-rebind] [CALL] DriverToolApi._staged_vendor_inf_for -> (None, '') (0.00s)
2026-08-25 16:26:19 [DEBUG] [task-rebind] [CALL] DriverToolApi._staged_vendor_inf_for({'cat': '⚙️ Rendszereszköz', 'name': 'Microsoft Windows ACPI kezelő felület', 'id': 'ACPI\\VEN_PNP&DEV_0C14', 'pnp_id': 'ACPI\\PNP0C14\\1', 'all_hwids': ['ACPI\\VEN_PNP&DEV_0C14', 'ACPI\\PNP0C14', '*P...[+140 kar.], [{'version': '16.0.7629.4000', 'published': 'oem0.inf', 'original': 'prnms006.inf', 'class': 'Printer', 'provider': 'Microsoft', 'date': ''}, {'published': 'oem1.inf', 'original': 'prnms001.inf', 'cla...[+8876 kar.])
2026-08-25 16:26:20 [DEBUG] [task-rebind] [CALL] DriverToolApi._staged_vendor_inf_for -> (None, '') (0.64s)
2026-08-25 16:26:20 [DEBUG] [task-rebind] [CALL] DriverToolApi._staged_vendor_inf_for({'cat': '🔧 Egyéb (UCM)', 'name': 'UCM-UCSI ACPI-eszköz', 'id': 'ACPI\\VEN_USB&DEV_C000', 'pnp_id': 'ACPI\\USBC000\\0', 'all_hwids': ['ACPI\\VEN_USB&DEV_C000', 'ACPI\\USBC000', '*USBC000'], 'err_code':...[+20 kar.], [{'version': '16.0.7629.4000', 'published': 'oem0.inf', 'original': 'prnms006.inf', 'class': 'Printer', 'provider': 'Microsoft', 'date': ''}, {'published': 'oem1.inf', 'original': 'prnms001.inf', 'cla...[+8876 kar.])
2026-08-25 16:26:20 [DEBUG] [task-rebind] [CALL] DriverToolApi._staged_vendor_inf_for -> (None, '') (0.64s)
2026-08-25 16:26:20 [DEBUG] [task-rebind] [CALL] DriverToolApi._staged_vendor_inf_for({'cat': '🌐 Hálózat (LAN/Wi-Fi)', 'name': 'WAN Miniport (PPTP)', 'id': 'ms_pptpminiport', 'pnp_id': 'SWD\\MSRRAS\\MS_PPTPMINIPORT', 'all_hwids': ['ms_pptpminiport'], 'err_code': 0, 'pclass': 'Net'}, [{'version': '16.0.7629.4000', 'published': 'oem0.inf', 'original': 'prnms006.inf', 'class': 'Printer', 'provider': 'Microsoft', 'date': ''}, {'published': 'oem1.inf', 'original': 'prnms001.inf', 'cla...[+8876 kar.])
2026-08-25 16:26:21 [DEBUG] [task-rebind] [CALL] DriverToolApi._staged_vendor_inf_for -> (None, '') (0.62s)
2026-08-25 16:26:21 [DEBUG] [task-rebind] [CALL] DriverToolApi._staged_vendor_inf_for({'cat': '⚙️ Rendszereszköz', 'name': 'Nagy pontosságú eseményidőzítő', 'id': 'ACPI\\VEN_PNP&DEV_0103', 'pnp_id': 'ACPI\\PNP0103\\0', 'all_hwids': ['ACPI\\VEN_PNP&DEV_0103', 'ACPI\\PNP0103', '*PNP0103'...[+37 kar.], [{'version': '16.0.7629.4000', 'published': 'oem0.inf', 'original': 'prnms006.inf', 'class': 'Printer', 'provider': 'Microsoft', 'date': ''}, {'published': 'oem1.inf', 'original': 'prnms001.inf', 'cla...[+8876 kar.])
2026-08-25 16:26:22 [DEBUG] [task-rebind] [CALL] DriverToolApi._staged_vendor_inf_for -> (None, '') (0.67s)
2026-08-25 16:26:22 [DEBUG] [task-rebind] [CALL] DriverToolApi._staged_vendor_inf_for({'cat': '🌐 Hálózat (LAN/Wi-Fi)', 'name': 'WAN Miniport (IKEv2)', 'id': 'ms_agilevpnminiport', 'pnp_id': 'SWD\\MSRRAS\\MS_AGILEVPNMINIPORT', 'all_hwids': ['ms_agilevpnminiport'], 'err_code': 0, 'pclass...[+9 kar.], [{'version': '16.0.7629.4000', 'published': 'oem0.inf', 'original': 'prnms006.inf', 'class': 'Printer', 'provider': 'Microsoft', 'date': ''}, {'published': 'oem1.inf', 'original': 'prnms001.inf', 'cla...[+8876 kar.])
2026-08-25 16:26:22 [DEBUG] [task-rebind] [CALL] DriverToolApi._staged_vendor_inf_for -> (None, '') (0.61s)
2026-08-25 16:26:22 [DEBUG] [task-rebind] [CALL] DriverToolApi._staged_vendor_inf_for({'cat': '⚙️ Rendszereszköz', 'name': 'Összetett busz-számbavételező', 'id': 'ROOT\\CompositeBus', 'pnp_id': 'ROOT\\COMPOSITEBUS\\0000', 'all_hwids': ['ROOT\\CompositeBus'], 'err_code': 0, 'pclass': 'S...[+7 kar.], [{'version': '16.0.7629.4000', 'published': 'oem0.inf', 'original': 'prnms006.inf', 'class': 'Printer', 'provider': 'Microsoft', 'date': ''}, {'published': 'oem1.inf', 'original': 'prnms001.inf', 'cla...[+8876 kar.])
2026-08-25 16:26:23 [DEBUG] [task-rebind] [CALL] DriverToolApi._staged_vendor_inf_for -> (None, '') (0.64s)
2026-08-25 16:26:23 [DEBUG] [task-rebind] [CALL] DriverToolApi._staged_vendor_inf_for({'cat': '⚙️ Rendszereszköz', 'name': 'Microsoft virtuálismeghajtó-számbavevő', 'id': 'ROOT\\vdrvroot', 'pnp_id': 'ROOT\\VDRVROOT\\0000', 'all_hwids': ['ROOT\\vdrvroot'], 'err_code': 0, 'pclass': 'Syst...[+4 kar.], [{'version': '16.0.7629.4000', 'published': 'oem0.inf', 'original': 'prnms006.inf', 'class': 'Printer', 'provider': 'Microsoft', 'date': ''}, {'published': 'oem1.inf', 'original': 'prnms001.inf', 'cla...[+8876 kar.])
2026-08-25 16:26:23 [DEBUG] [task-rebind] [CALL] DriverToolApi._staged_vendor_inf_for -> (None, '') (0.62s)
2026-08-25 16:26:23 [DEBUG] [task-rebind] [CALL] DriverToolApi._staged_vendor_inf_for({'cat': '🖱️ Periféria', 'name': 'Microsoft Input Configuration Device', 'id': 'HID\\VID_06CB&PID_000F&Col03', 'pnp_id': 'HID\\SYNHIDMINI&COL03\\1&B12C6D1&0&0002', 'all_hwids': ['HID\\VID_06CB&PID_000F...[+242 kar.], [{'version': '16.0.7629.4000', 'published': 'oem0.inf', 'original': 'prnms006.inf', 'class': 'Printer', 'provider': 'Microsoft', 'date': ''}, {'published': 'oem1.inf', 'original': 'prnms001.inf', 'cla...[+8876 kar.])
2026-08-25 16:26:24 [DEBUG] [task-rebind] [CALL] DriverToolApi._staged_vendor_inf_for -> ('C:\\Windows\\System32\\DriverStore\\FileRepository\\synpd.inf_amd64_61d873e750f15de4\\synpd.inf', 'synpd.inf') (0.22s)
2026-08-25 16:26:24 [DEBUG] [task-rebind] [CALL] DriverToolApi._staged_vendor_inf_for({'cat': '🖱️ Periféria', 'name': 'HID-szabványos érintőpárna', 'id': 'HID\\VID_06CB&PID_000F&Col02', 'pnp_id': 'HID\\SYNHIDMINI&COL02\\1&213A2F8E&0&0001', 'all_hwids': ['HID\\VID_06CB&PID_000F&Col02', ...[+232 kar.], [{'version': '16.0.7629.4000', 'published': 'oem0.inf', 'original': 'prnms006.inf', 'class': 'Printer', 'provider': 'Microsoft', 'date': ''}, {'published': 'oem1.inf', 'original': 'prnms001.inf', 'cla...[+8876 kar.])
2026-08-25 16:26:24 [DEBUG] [task-rebind] [CALL] DriverToolApi._staged_vendor_inf_for -> ('C:\\Windows\\System32\\DriverStore\\FileRepository\\synpd.inf_amd64_61d873e750f15de4\\synpd.inf', 'synpd.inf') (0.20s)
2026-08-25 16:26:24 [DEBUG] [task-rebind] [CALL] DriverToolApi._staged_vendor_inf_for({'cat': '🌐 Hálózat (LAN/Wi-Fi)', 'name': 'Microsoft Kernel Debug Network Adapter', 'id': 'root\\kdnic', 'pnp_id': 'ROOT\\KDNIC\\0000', 'all_hwids': ['root\\kdnic'], 'err_code': 0, 'pclass': 'Net'}, [{'version': '16.0.7629.4000', 'published': 'oem0.inf', 'original': 'prnms006.inf', 'class': 'Printer', 'provider': 'Microsoft', 'date': ''}, {'published': 'oem1.inf', 'original': 'prnms001.inf', 'cla...[+8876 kar.])
2026-08-25 16:26:24 [DEBUG] [task-rebind] [CALL] DriverToolApi._staged_vendor_inf_for -> (None, '') (0.64s)
2026-08-25 16:26:24 [DEBUG] [task-rebind] [CALL] DriverToolApi._staged_vendor_inf_for({'cat': '⚙️ Rendszereszköz', 'name': 'ACPI-fedél', 'id': 'ACPI\\VEN_PNP&DEV_0C0D', 'pnp_id': 'ACPI\\PNP0C0D\\2&DABA3FF&0', 'all_hwids': ['ACPI\\VEN_PNP&DEV_0C0D', 'ACPI\\PNP0C0D', '*PNP0C0D'], 'err_co...[+27 kar.], [{'version': '16.0.7629.4000', 'published': 'oem0.inf', 'original': 'prnms006.inf', 'class': 'Printer', 'provider': 'Microsoft', 'date': ''}, {'published': 'oem1.inf', 'original': 'prnms001.inf', 'cla...[+8876 kar.])
2026-08-25 16:26:25 [DEBUG] [task-rebind] [CALL] DriverToolApi._staged_vendor_inf_for -> (None, '') (0.62s)
2026-08-25 16:26:25 [DEBUG] [task-rebind] [CALL] DriverToolApi._staged_vendor_inf_for({'cat': '⚙️ Rendszereszköz', 'name': 'Rendszerhangszóró', 'id': 'ACPI\\VEN_PNP&DEV_0800', 'pnp_id': 'ACPI\\PNP0800\\4&27A0EA9D&0', 'all_hwids': ['ACPI\\VEN_PNP&DEV_0800', 'ACPI\\PNP0800', '*PNP0800'],...[+35 kar.], [{'version': '16.0.7629.4000', 'published': 'oem0.inf', 'original': 'prnms006.inf', 'class': 'Printer', 'provider': 'Microsoft', 'date': ''}, {'published': 'oem1.inf', 'original': 'prnms001.inf', 'cla...[+8876 kar.])
2026-08-25 16:26:26 [DEBUG] [task-rebind] [CALL] DriverToolApi._staged_vendor_inf_for -> (None, '') (0.64s)
2026-08-25 16:26:26 [DEBUG] [task-rebind] [CALL] DriverToolApi._staged_vendor_inf_for({'cat': '⚙️ Rendszereszköz', 'name': 'Örökölt eszköz', 'id': 'ACPI\\VEN_INT&DEV_0800', 'pnp_id': 'ACPI\\INT0800\\4&27A0EA9D&0', 'all_hwids': ['ACPI\\VEN_INT&DEV_0800', 'ACPI\\INT0800', '*INT0800'], 'e...[+32 kar.], [{'version': '16.0.7629.4000', 'published': 'oem0.inf', 'original': 'prnms006.inf', 'class': 'Printer', 'provider': 'Microsoft', 'date': ''}, {'published': 'oem1.inf', 'original': 'prnms001.inf', 'cla...[+8876 kar.])
2026-08-25 16:26:26 [DEBUG] [task-rebind] [CALL] DriverToolApi._staged_vendor_inf_for -> (None, '') (0.64s)
2026-08-25 16:26:26 [DEBUG] [task-rebind] [CALL] DriverToolApi._staged_vendor_inf_for({'cat': '⚙️ Rendszereszköz', 'name': 'High Definition Audio hangvezérlő', 'id': 'PCI\\VEN_8086&DEV_9D71&SUBSYS_225A17AA&REV_21', 'pnp_id': 'PCI\\VEN_8086&DEV_9D71&SUBSYS_225A17AA&REV_21\\3&11583659&0&...[+215 kar.], [{'version': '16.0.7629.4000', 'published': 'oem0.inf', 'original': 'prnms006.inf', 'class': 'Printer', 'provider': 'Microsoft', 'date': ''}, {'published': 'oem1.inf', 'original': 'prnms001.inf', 'cla...[+8876 kar.])
2026-08-25 16:26:27 [DEBUG] [task-rebind] [CALL] DriverToolApi._staged_vendor_inf_for -> ('C:\\Windows\\System32\\DriverStore\\FileRepository\\hdbusext.inf_amd64_971ad2134ef0d908\\hdbusext.inf', 'hdbusext.inf') (0.31s)
2026-08-25 16:26:27 [DEBUG] [task-rebind] [CALL] DriverToolApi._staged_vendor_inf_for({'cat': '⚙️ Rendszereszköz', 'name': 'UMBus gyökérbusz-enumeráló', 'id': 'root\\umbus', 'pnp_id': 'ROOT\\UMBUS\\0000', 'all_hwids': ['root\\umbus'], 'err_code': 0, 'pclass': 'System'}, [{'version': '16.0.7629.4000', 'published': 'oem0.inf', 'original': 'prnms006.inf', 'class': 'Printer', 'provider': 'Microsoft', 'date': ''}, {'published': 'oem1.inf', 'original': 'prnms001.inf', 'cla...[+8876 kar.])
2026-08-25 16:26:27 [DEBUG] [task-rebind] [CALL] DriverToolApi._staged_vendor_inf_for -> (None, '') (0.64s)
2026-08-25 16:26:27 [DEBUG] [task-rebind] [CALL] DriverToolApi._staged_vendor_inf_for({'cat': '⚙️ Rendszereszköz', 'name': 'Töltésválasztó illesztőprogram', 'id': 'ROOT\\CAD', 'pnp_id': 'ROOT\\CAD\\0000', 'all_hwids': ['ROOT\\CAD'], 'err_code': 0, 'pclass': 'System'}, [{'version': '16.0.7629.4000', 'published': 'oem0.inf', 'original': 'prnms006.inf', 'class': 'Printer', 'provider': 'Microsoft', 'date': ''}, {'published': 'oem1.inf', 'original': 'prnms001.inf', 'cla...[+8876 kar.])
2026-08-25 16:26:28 [DEBUG] [task-rebind] [CALL] DriverToolApi._staged_vendor_inf_for -> (None, '') (0.62s)
2026-08-25 16:26:28 [DEBUG] [task-rebind] [CALL] DriverToolApi._staged_vendor_inf_for({'cat': '🔧 Egyéb (SoftwareDevice)', 'name': 'Microsoft Radio Device Enumeration Bus', 'id': 'SWD\\RADIO\\{3DB5895D-CC28-44B3-AD3D-6F01A782B8D2}', 'pnp_id': 'SWD\\RADIO\\{3DB5895D-CC28-44B3-AD3D-6F01A7...[+69 kar.], [{'version': '16.0.7629.4000', 'published': 'oem0.inf', 'original': 'prnms006.inf', 'class': 'Printer', 'provider': 'Microsoft', 'date': ''}, {'published': 'oem1.inf', 'original': 'prnms001.inf', 'cla...[+8876 kar.])
2026-08-25 16:26:28 [DEBUG] [task-rebind] [CALL] DriverToolApi._staged_vendor_inf_for -> (None, '') (0.00s)
2026-08-25 16:26:28 [DEBUG] [task-rebind] [CALL] DriverToolApi._staged_vendor_inf_for({'cat': '🔧 Egyéb (SmartCardFilter)', 'name': 'Intelligenskártya-szűrőillesztő', 'id': '{892EDE5E-BE49-443c-A0B3-005D74F2D69C}\\ScFilter', 'pnp_id': '{892EDE5E-BE49-443C-A0B3-005D74F2D69C}\\SCFILTER\\6...[+127 kar.], [{'version': '16.0.7629.4000', 'published': 'oem0.inf', 'original': 'prnms006.inf', 'class': 'Printer', 'provider': 'Microsoft', 'date': ''}, {'published': 'oem1.inf', 'original': 'prnms001.inf', 'cla...[+8876 kar.])
2026-08-25 16:26:29 [DEBUG] [task-rebind] [CALL] DriverToolApi._staged_vendor_inf_for -> (None, '') (0.64s)
2026-08-25 16:26:29 [DEBUG] [task-rebind] [CALL] DriverToolApi._staged_vendor_inf_for({'cat': '🔧 Egyéb (SoftwareDevice)', 'name': 'Microsoft Device Association Root Enumerator', 'id': 'SWD\\MSDAS\\{CE958E9A-424F-4C88-86F4-11314821E75A}', 'pnp_id': 'SWD\\MSDAS\\{CE958E9A-424F-4C88-86F4-...[+75 kar.], [{'version': '16.0.7629.4000', 'published': 'oem0.inf', 'original': 'prnms006.inf', 'class': 'Printer', 'provider': 'Microsoft', 'date': ''}, {'published': 'oem1.inf', 'original': 'prnms001.inf', 'cla...[+8876 kar.])
2026-08-25 16:26:29 [DEBUG] [task-rebind] [CALL] DriverToolApi._staged_vendor_inf_for -> (None, '') (0.00s)
2026-08-25 16:26:29 [DEBUG] [task-rebind] [CALL] DriverToolApi._staged_vendor_inf_for({'cat': '🌐 Hálózat (LAN/Wi-Fi)', 'name': 'WAN Miniport (Network Monitor)', 'id': 'ms_ndiswanbh', 'pnp_id': 'SWD\\MSRRAS\\MS_NDISWANBH', 'all_hwids': ['ms_ndiswanbh'], 'err_code': 0, 'pclass': 'Net'}, [{'version': '16.0.7629.4000', 'published': 'oem0.inf', 'original': 'prnms006.inf', 'class': 'Printer', 'provider': 'Microsoft', 'date': ''}, {'published': 'oem1.inf', 'original': 'prnms001.inf', 'cla...[+8876 kar.])
2026-08-25 16:26:29 [DEBUG] [task-rebind] [CALL] DriverToolApi._staged_vendor_inf_for -> (None, '') (0.64s)
2026-08-25 16:26:29 [DEBUG] [task-rebind] [CALL] DriverToolApi._staged_vendor_inf_for({'cat': '🌐 Hálózat (LAN/Wi-Fi)', 'name': 'WAN Miniport (IP)', 'id': 'ms_ndiswanip', 'pnp_id': 'SWD\\MSRRAS\\MS_NDISWANIP', 'all_hwids': ['ms_ndiswanip'], 'err_code': 0, 'pclass': 'Net'}, [{'version': '16.0.7629.4000', 'published': 'oem0.inf', 'original': 'prnms006.inf', 'class': 'Printer', 'provider': 'Microsoft', 'date': ''}, {'published': 'oem1.inf', 'original': 'prnms001.inf', 'cla...[+8876 kar.])
2026-08-25 16:26:30 [DEBUG] [task-rebind] [CALL] DriverToolApi._staged_vendor_inf_for -> (None, '') (0.62s)
2026-08-25 16:26:30 [DEBUG] [task-rebind] [CALL] DriverToolApi._staged_vendor_inf_for({'cat': '⚙️ Rendszereszköz', 'name': 'PCI Express-gyökér komplex', 'id': 'ACPI\\VEN_PNP&DEV_0A08', 'pnp_id': 'ACPI\\PNP0A08\\0', 'all_hwids': ['ACPI\\VEN_PNP&DEV_0A08', 'ACPI\\PNP0A08', '*PNP0A08'], '...[+33 kar.], [{'version': '16.0.7629.4000', 'published': 'oem0.inf', 'original': 'prnms006.inf', 'class': 'Printer', 'provider': 'Microsoft', 'date': ''}, {'published': 'oem1.inf', 'original': 'prnms001.inf', 'cla...[+8876 kar.])
2026-08-25 16:26:31 [DEBUG] [task-rebind] [CALL] DriverToolApi._staged_vendor_inf_for -> (None, '') (0.66s)
2026-08-25 16:26:31 [DEBUG] [task-rebind] [CALL] DriverToolApi._staged_vendor_inf_for({'cat': '⚙️ Rendszereszköz', 'name': 'Rendszeridőzítő', 'id': 'ACPI\\VEN_PNP&DEV_0100', 'pnp_id': 'ACPI\\PNP0100\\4&27A0EA9D&0', 'all_hwids': ['ACPI\\VEN_PNP&DEV_0100', 'ACPI\\PNP0100', '*PNP0100'], '...[+33 kar.], [{'version': '16.0.7629.4000', 'published': 'oem0.inf', 'original': 'prnms006.inf', 'class': 'Printer', 'provider': 'Microsoft', 'date': ''}, {'published': 'oem1.inf', 'original': 'prnms001.inf', 'cla...[+8876 kar.])
2026-08-25 16:26:31 [DEBUG] [task-rebind] [CALL] DriverToolApi._staged_vendor_inf_for -> (None, '') (0.62s)
2026-08-25 16:26:31 [DEBUG] [task-rebind] [CALL] DriverToolApi._staged_vendor_inf_for({'cat': '🔧 Egyéb (Processor)', 'name': 'Intel(R) Core(TM) i5-8350U CPU @ 1.70GHz', 'id': 'ACPI\\GenuineIntel_-_Intel64_Family_6_Model_142', 'pnp_id': 'ACPI\\GENUINEINTEL_-_INTEL64_FAMILY_6_MODEL_142_-...[+1052 kar.], [{'version': '16.0.7629.4000', 'published': 'oem0.inf', 'original': 'prnms006.inf', 'class': 'Printer', 'provider': 'Microsoft', 'date': ''}, {'published': 'oem1.inf', 'original': 'prnms001.inf', 'cla...[+8876 kar.])
2026-08-25 16:26:32 [DEBUG] [task-rebind] [CALL] DriverToolApi._staged_vendor_inf_for -> (None, '') (0.69s)
2026-08-25 16:26:32 [DEBUG] [task-rebind] [CALL] DriverToolApi._staged_vendor_inf_for({'cat': '📷 Webkamera', 'name': 'HP Color LaserJet MFP M477fdw (5B4A4C)', 'id': 'SWD\\ESCL\\564E424B-4C43-5248-514D-E4E7495B4A4C', 'pnp_id': 'SWD\\ESCL\\564E424B-4C43-5248-514D-E4E7495B4A4C', 'all_hwid...[+41 kar.], [{'version': '16.0.7629.4000', 'published': 'oem0.inf', 'original': 'prnms006.inf', 'class': 'Printer', 'provider': 'Microsoft', 'date': ''}, {'published': 'oem1.inf', 'original': 'prnms001.inf', 'cla...[+8876 kar.])
2026-08-25 16:26:32 [DEBUG] [task-rebind] [CALL] DriverToolApi._staged_vendor_inf_for -> (None, '') (0.00s)
2026-08-25 16:26:32 [DEBUG] [task-rebind] [CALL] DriverToolApi._staged_vendor_inf_for({'cat': '⚙️ Rendszereszköz', 'name': 'Microsoft ACPI szabványnak megfelelő rendszer', 'id': 'ACPI_HAL\\PNP0C08', 'pnp_id': 'ACPI_HAL\\PNP0C08\\0', 'all_hwids': ['ACPI_HAL\\PNP0C08', '*PNP0C08'], 'err_...[+29 kar.], [{'version': '16.0.7629.4000', 'published': 'oem0.inf', 'original': 'prnms006.inf', 'class': 'Printer', 'provider': 'Microsoft', 'date': ''}, {'published': 'oem1.inf', 'original': 'prnms001.inf', 'cla...[+8876 kar.])
2026-08-25 16:26:32 [DEBUG] [task-rebind] [CALL] DriverToolApi._staged_vendor_inf_for -> (None, '') (0.64s)
2026-08-25 16:26:32 [DEBUG] [task-rebind] [CALL] DriverToolApi._staged_vendor_inf_for({'cat': '⚙️ Rendszereszköz', 'name': 'Általános leképezési Microsoft-illesztő', 'id': 'ROOT\\BasicRender', 'pnp_id': 'ROOT\\BASICRENDER\\0000', 'all_hwids': ['ROOT\\BasicRender'], 'err_code': 0, 'pcla...[+14 kar.], [{'version': '16.0.7629.4000', 'published': 'oem0.inf', 'original': 'prnms006.inf', 'class': 'Printer', 'provider': 'Microsoft', 'date': ''}, {'published': 'oem1.inf', 'original': 'prnms001.inf', 'cla...[+8876 kar.])
2026-08-25 16:26:33 [DEBUG] [task-rebind] [CALL] DriverToolApi._staged_vendor_inf_for -> (None, '') (0.64s)
2026-08-25 16:26:33 [DEBUG] [task-rebind] [CALL] DriverToolApi._staged_vendor_inf_for({'cat': '🌐 Hálózat (LAN/Wi-Fi)', 'name': 'WAN Miniport (SSTP)', 'id': 'ms_sstpminiport', 'pnp_id': 'SWD\\MSRRAS\\MS_SSTPMINIPORT', 'all_hwids': ['ms_sstpminiport'], 'err_code': 0, 'pclass': 'Net'}, [{'version': '16.0.7629.4000', 'published': 'oem0.inf', 'original': 'prnms006.inf', 'class': 'Printer', 'provider': 'Microsoft', 'date': ''}, {'published': 'oem1.inf', 'original': 'prnms001.inf', 'cla...[+8876 kar.])
2026-08-25 16:26:34 [DEBUG] [task-rebind] [CALL] DriverToolApi._staged_vendor_inf_for -> (None, '') (0.62s)
2026-08-25 16:26:34 [DEBUG] [task-rebind] [CALL] DriverToolApi._staged_vendor_inf_for({'cat': '⚙️ Rendszereszköz', 'name': 'Microsoft UEFI-kompatibilis rendszer', 'id': 'ACPI_HAL\\UEFI', 'pnp_id': 'ACPI_HAL\\UEFI\\0', 'all_hwids': ['ACPI_HAL\\UEFI'], 'err_code': 0, 'pclass': 'System'}, [{'version': '16.0.7629.4000', 'published': 'oem0.inf', 'original': 'prnms006.inf', 'class': 'Printer', 'provider': 'Microsoft', 'date': ''}, {'published': 'oem1.inf', 'original': 'prnms001.inf', 'cla...[+8876 kar.])
2026-08-25 16:26:34 [DEBUG] [task-rebind] [CALL] DriverToolApi._staged_vendor_inf_for -> (None, '') (0.62s)
2026-08-25 16:26:34 [DEBUG] [task-rebind] [CALL] DriverToolApi._staged_vendor_inf_for({'cat': '🔌 USB Vezérlő', 'name': 'Intel(R) USB 3.0 eXtensible Host Controller - 1.0 (Microsoft)', 'id': 'PCI\\VEN_8086&DEV_9D2F&SUBSYS_225A17AA&REV_21', 'pnp_id': 'PCI\\VEN_8086&DEV_9D2F&SUBSYS_225A17...[+236 kar.], [{'version': '16.0.7629.4000', 'published': 'oem0.inf', 'original': 'prnms006.inf', 'class': 'Printer', 'provider': 'Microsoft', 'date': ''}, {'published': 'oem1.inf', 'original': 'prnms001.inf', 'cla...[+8876 kar.])
2026-08-25 16:26:35 [DEBUG] [task-rebind] [CALL] DriverToolApi._staged_vendor_inf_for -> ('C:\\Windows\\System32\\DriverStore\\FileRepository\\appleusbvhci.inf_amd64_4a92d20b24eaae32\\appleusbvhci.inf', 'appleusbvhci.inf') (0.59s)
2026-08-25 16:26:35 [DEBUG] [task-rebind] [CALL] DriverToolApi._staged_vendor_inf_for({'cat': '⚙️ Rendszereszköz', 'name': 'ACPI-beépített lehetőség gombja', 'id': 'ACPI\\FixedButton', 'pnp_id': 'ACPI\\FIXEDBUTTON\\2&DABA3FF&0', 'all_hwids': ['ACPI\\FixedButton', '*FixedButton'], 'err_...[+29 kar.], [{'version': '16.0.7629.4000', 'published': 'oem0.inf', 'original': 'prnms006.inf', 'class': 'Printer', 'provider': 'Microsoft', 'date': ''}, {'published': 'oem1.inf', 'original': 'prnms001.inf', 'cla...[+8876 kar.])
2026-08-25 16:26:36 [DEBUG] [task-rebind] [CALL] DriverToolApi._staged_vendor_inf_for -> (None, '') (0.62s)
2026-08-25 16:26:36 [DEBUG] [task-rebind] [CALL] DriverToolApi._staged_vendor_inf_for({'cat': '🔧 Egyéb (SoftwareDevice)', 'name': 'Wi-Fi 17', 'id': 'SWD\\RADIO\\{DE38D9E2-5164-45E8-8E9F-6CE2E3AAF664}', 'pnp_id': 'SWD\\RADIO\\{DE38D9E2-5164-45E8-8E9F-6CE2E3AAF664}', 'all_hwids': [], 'er...[+39 kar.], [{'version': '16.0.7629.4000', 'published': 'oem0.inf', 'original': 'prnms006.inf', 'class': 'Printer', 'provider': 'Microsoft', 'date': ''}, {'published': 'oem1.inf', 'original': 'prnms001.inf', 'cla...[+8876 kar.])
2026-08-25 16:26:36 [DEBUG] [task-rebind] [CALL] DriverToolApi._staged_vendor_inf_for -> (None, '') (0.00s)
2026-08-25 16:26:36 [DEBUG] [task-rebind] [CALL] DriverToolApi._staged_vendor_inf_for({'cat': '🔧 Egyéb (SecurityDevices)', 'name': 'Platformmegbízhatósági modul 2.0', 'id': 'ACPI\\VEN_STM&DEV_7320', 'pnp_id': 'ACPI\\STM7320\\2&DABA3FF&0', 'all_hwids': ['ACPI\\VEN_STM&DEV_7320', 'ACPI\\...[+66 kar.], [{'version': '16.0.7629.4000', 'published': 'oem0.inf', 'original': 'prnms006.inf', 'class': 'Printer', 'provider': 'Microsoft', 'date': ''}, {'published': 'oem1.inf', 'original': 'prnms001.inf', 'cla...[+8876 kar.])
2026-08-25 16:26:36 [DEBUG] [task-rebind] [CALL] DriverToolApi._staged_vendor_inf_for -> (None, '') (0.66s)
2026-08-25 16:26:36 [DEBUG] [task-rebind] [CALL] DriverToolApi._staged_vendor_inf_for({'cat': '🔧 Egyéb (SoftwareDevice)', 'name': 'HP Color LaserJet MFP M477fdw (5B4A4C)', 'id': 'SWD\\IPP\\564E424B-4C43-5248-514D-E4E7495B4A4C', 'pnp_id': 'SWD\\IPP\\564E424B-4C43-5248-514D-E4E7495B4A4C'...[+61 kar.], [{'version': '16.0.7629.4000', 'published': 'oem0.inf', 'original': 'prnms006.inf', 'class': 'Printer', 'provider': 'Microsoft', 'date': ''}, {'published': 'oem1.inf', 'original': 'prnms001.inf', 'cla...[+8876 kar.])
2026-08-25 16:26:36 [DEBUG] [task-rebind] [CALL] DriverToolApi._staged_vendor_inf_for -> (None, '') (0.00s)
2026-08-25 16:26:36 [DEBUG] [task-rebind] [CALL] DriverToolApi._staged_vendor_inf_for({'cat': '🔧 Egyéb (SoftwareDevice)', 'name': 'Mobil szélessávú eszköz belső vezérlőprogramja', 'id': 'MBFW\\{3737E1BD-3B1B-408B-A99D-EDBC43AEDEC6}', 'pnp_id': 'SWD\\MBFW\\{9C87EA3A-9CA2-4060-B1F1-B8099...[+116 kar.], [{'version': '16.0.7629.4000', 'published': 'oem0.inf', 'original': 'prnms006.inf', 'class': 'Printer', 'provider': 'Microsoft', 'date': ''}, {'published': 'oem1.inf', 'original': 'prnms001.inf', 'cla...[+8876 kar.])
2026-08-25 16:26:37 [DEBUG] [task-rebind] [CALL] DriverToolApi._staged_vendor_inf_for -> (None, '') (0.62s)
2026-08-25 16:26:37 [DEBUG] [task-rebind] [CALL] DriverToolApi._staged_vendor_inf_for({'cat': '⚙️ Rendszereszköz', 'name': 'Intel(R) energiaellátási beépülő modul', 'id': 'ACPI\\VEN_INT&DEV_33A1', 'pnp_id': 'ACPI\\INT33A1\\1', 'all_hwids': ['ACPI\\VEN_INT&DEV_33A1', 'ACPI\\INT33A1', '*...[+45 kar.], [{'version': '16.0.7629.4000', 'published': 'oem0.inf', 'original': 'prnms006.inf', 'class': 'Printer', 'provider': 'Microsoft', 'date': ''}, {'published': 'oem1.inf', 'original': 'prnms001.inf', 'cla...[+8876 kar.])
2026-08-25 16:26:38 [DEBUG] [task-rebind] [CALL] DriverToolApi._staged_vendor_inf_for -> (None, '') (0.64s)
2026-08-25 16:26:38 [DEBUG] [task-rebind] [CALL] DriverToolApi._staged_vendor_inf_for({'cat': '🔌 USB Vezérlő', 'name': 'USB kompozit eszköz', 'id': 'USB\\VID_13D3&PID_56A6&REV_1711', 'pnp_id': 'USB\\VID_13D3&PID_56A6\\0001', 'all_hwids': ['USB\\VID_13D3&PID_56A6&REV_1711', 'USB\\VID_13...[+46 kar.], [{'version': '16.0.7629.4000', 'published': 'oem0.inf', 'original': 'prnms006.inf', 'class': 'Printer', 'provider': 'Microsoft', 'date': ''}, {'published': 'oem1.inf', 'original': 'prnms001.inf', 'cla...[+8876 kar.])
2026-08-25 16:26:38 [DEBUG] [task-rebind] [CALL] DriverToolApi._staged_vendor_inf_for -> ('C:\\Windows\\System32\\DriverStore\\FileRepository\\rtlejf.inf_amd64_29ac319548e83f49\\rtlejf.inf', 'rtlejf.inf') (0.03s)
2026-08-25 16:26:38 [DEBUG] [task-rebind] [CALL] DriverToolApi._staged_vendor_inf_for({'cat': '🔧 Egyéb (SoftwareDevice)', 'name': 'Windows.Devices.Sms.SmsDevice2', 'id': 'SmsDevice2\\0', 'pnp_id': 'SWD\\SMSDEVICE\\SMS_DEVICE2_{9C87EA3A-9CA2-4060-B1F1-B8099D923722}', 'all_hwids': ['SmsD...[+55 kar.], [{'version': '16.0.7629.4000', 'published': 'oem0.inf', 'original': 'prnms006.inf', 'class': 'Printer', 'provider': 'Microsoft', 'date': ''}, {'published': 'oem1.inf', 'original': 'prnms001.inf', 'cla...[+8876 kar.])
2026-08-25 16:26:38 [DEBUG] [task-rebind] [CALL] DriverToolApi._staged_vendor_inf_for -> (None, '') (0.64s)
2026-08-25 16:26:38 [DEBUG] [task-rebind] [CALL] DriverToolApi._staged_vendor_inf_for({'cat': '🔌 USB Vezérlő', 'name': 'USB-gyökérhub (USB 3.0)', 'id': 'USB\\ROOT_HUB30&VID8086&PID9D2F&REV0021', 'pnp_id': 'USB\\ROOT_HUB30\\4&E673D32&0&0', 'all_hwids': ['USB\\ROOT_HUB30&VID8086&PID9D2F&...[+96 kar.], [{'version': '16.0.7629.4000', 'published': 'oem0.inf', 'original': 'prnms006.inf', 'class': 'Printer', 'provider': 'Microsoft', 'date': ''}, {'published': 'oem1.inf', 'original': 'prnms001.inf', 'cla...[+8876 kar.])
2026-08-25 16:26:39 [DEBUG] [task-rebind] [CALL] DriverToolApi._staged_vendor_inf_for -> (None, '') (0.64s)
2026-08-25 16:26:39 [DEBUG] [task-rebind] [CALL] DriverToolApi._staged_vendor_inf_for({'cat': '🔧 Egyéb (SoftwareDevice)', 'name': 'Microsoft GS hullámtáblás szintetizátor', 'id': 'SWD\\MMDEVAPI\\MICROSOFTGSWAVETABLESYNTH', 'pnp_id': 'SWD\\MMDEVAPI\\MICROSOFTGSWAVETABLESYNTH', 'all_hwid...[+50 kar.], [{'version': '16.0.7629.4000', 'published': 'oem0.inf', 'original': 'prnms006.inf', 'class': 'Printer', 'provider': 'Microsoft', 'date': ''}, {'published': 'oem1.inf', 'original': 'prnms001.inf', 'cla...[+8876 kar.])
2026-08-25 16:26:39 [DEBUG] [task-rebind] [CALL] DriverToolApi._staged_vendor_inf_for -> (None, '') (0.00s)
2026-08-25 16:26:39 [DEBUG] [task-rebind] [CALL] DriverToolApi._staged_vendor_inf_for({'cat': '🔵 Bluetooth', 'name': 'Microsoft Bluetooth LE enumerátor', 'id': 'BTH\\MS_BTHLE', 'pnp_id': 'BTH\\MS_BTHLE\\6&247192D2&0&3', 'all_hwids': ['BTH\\MS_BTHLE'], 'err_code': 0, 'pclass': 'Bluetoot...[+3 kar.], [{'version': '16.0.7629.4000', 'published': 'oem0.inf', 'original': 'prnms006.inf', 'class': 'Printer', 'provider': 'Microsoft', 'date': ''}, {'published': 'oem1.inf', 'original': 'prnms001.inf', 'cla...[+8876 kar.])
2026-08-25 16:26:39 [DEBUG] [task-rebind] [CALL] DriverToolApi._staged_vendor_inf_for -> (None, '') (0.62s)
2026-08-25 16:26:39 [DEBUG] [task-rebind] [CALL] DriverToolApi._staged_vendor_inf_for({'cat': '🔧 Egyéb (SoftwareDevice)', 'name': 'Smart Card Device Enumeration Bus', 'id': 'SWD\\SCDEVICEENUMBUS\\0', 'pnp_id': 'SWD\\SCDEVICEENUMBUS\\0', 'all_hwids': [], 'err_code': 0, 'pclass': 'Softwa...[+10 kar.], [{'version': '16.0.7629.4000', 'published': 'oem0.inf', 'original': 'prnms006.inf', 'class': 'Printer', 'provider': 'Microsoft', 'date': ''}, {'published': 'oem1.inf', 'original': 'prnms001.inf', 'cla...[+8876 kar.])
2026-08-25 16:26:39 [DEBUG] [task-rebind] [CALL] DriverToolApi._staged_vendor_inf_for -> (None, '') (0.00s)
2026-08-25 16:26:39 [DEBUG] [task-rebind] [CALL] DriverToolApi._staged_vendor_inf_for({'cat': '🔧 Egyéb (SoftwareDevice)', 'name': 'Microsoft Passport Container Enumeration Bus', 'id': 'SWD\\SCDEVICEENUMBUS\\1', 'pnp_id': 'SWD\\SCDEVICEENUMBUS\\1', 'all_hwids': [], 'err_code': 0, 'pclas...[+21 kar.], [{'version': '16.0.7629.4000', 'published': 'oem0.inf', 'original': 'prnms006.inf', 'class': 'Printer', 'provider': 'Microsoft', 'date': ''}, {'published': 'oem1.inf', 'original': 'prnms001.inf', 'cla...[+8876 kar.])
2026-08-25 16:26:39 [DEBUG] [task-rebind] [CALL] DriverToolApi._staged_vendor_inf_for -> (None, '') (0.00s)
2026-08-25 16:26:39 [DEBUG] [task-rebind] [CALL] DriverToolApi._staged_vendor_inf_for({'cat': '🖱️ Periféria', 'name': 'Szabványos PS/2 billentyűzet', 'id': 'ACPI\\VEN_LEN&DEV_0071', 'pnp_id': 'ACPI\\LEN0071\\4&27A0EA9D&0', 'all_hwids': ['ACPI\\VEN_LEN&DEV_0071', 'ACPI\\LEN0071', '*LEN0...[+43 kar.], [{'version': '16.0.7629.4000', 'published': 'oem0.inf', 'original': 'prnms006.inf', 'class': 'Printer', 'provider': 'Microsoft', 'date': ''}, {'published': 'oem1.inf', 'original': 'prnms001.inf', 'cla...[+8876 kar.])
2026-08-25 16:26:40 [DEBUG] [task-rebind] [CALL] DriverToolApi._staged_vendor_inf_for -> (None, '') (0.62s)
2026-08-25 16:26:40 [DEBUG] [task-rebind] [CALL] DriverToolApi._staged_vendor_inf_for({'cat': '🔌 USB Vezérlő', 'name': 'Intel(R) USB 3.1 eXtensible Host Controller - 1.10 (Microsoft)', 'id': 'PCI\\VEN_8086&DEV_15C1&SUBSYS_11112222&REV_01', 'pnp_id': 'PCI\\VEN_8086&DEV_15C1&SUBSYS_11112...[+240 kar.], [{'version': '16.0.7629.4000', 'published': 'oem0.inf', 'original': 'prnms006.inf', 'class': 'Printer', 'provider': 'Microsoft', 'date': ''}, {'published': 'oem1.inf', 'original': 'prnms001.inf', 'cla...[+8876 kar.])
2026-08-25 16:26:41 [DEBUG] [task-rebind] [CALL] DriverToolApi._staged_vendor_inf_for -> (None, '') (0.67s)
2026-08-25 16:26:41 [DEBUG] [task-rebind] [CALL] DriverToolApi._staged_vendor_inf_for({'cat': '⚙️ Rendszereszköz', 'name': 'NDIS virtuális hálózati adapterek számbavevője', 'id': 'ROOT\\NdisVirtualBus', 'pnp_id': 'ROOT\\NDISVIRTUALBUS\\0000', 'all_hwids': ['ROOT\\NdisVirtualBus'], 'err...[+30 kar.], [{'version': '16.0.7629.4000', 'published': 'oem0.inf', 'original': 'prnms006.inf', 'class': 'Printer', 'provider': 'Microsoft', 'date': ''}, {'published': 'oem1.inf', 'original': 'prnms001.inf', 'cla...[+8876 kar.])
2026-08-25 16:26:41 [DEBUG] [task-rebind] [CALL] DriverToolApi._staged_vendor_inf_for -> (None, '') (0.61s)
2026-08-25 16:26:41 [DEBUG] [task-rebind] [CALL] DriverToolApi._staged_vendor_inf_for({'cat': '🔧 Egyéb (SoftwareDevice)', 'name': 'Alcorlink USB Smart Card Reader 0', 'id': 'ScDeviceInformationNode\\node', 'pnp_id': 'SWD\\SCDEVICEENUM\\1_ALCORLINK_USB_SMART_CARD_READER_0', 'all_hwids':...[+78 kar.], [{'version': '16.0.7629.4000', 'published': 'oem0.inf', 'original': 'prnms006.inf', 'class': 'Printer', 'provider': 'Microsoft', 'date': ''}, {'published': 'oem1.inf', 'original': 'prnms001.inf', 'cla...[+8876 kar.])
2026-08-25 16:26:42 [DEBUG] [task-rebind] [CALL] DriverToolApi._staged_vendor_inf_for -> (None, '') (0.64s)
2026-08-25 16:26:42 [DEBUG] [task-rebind] [CALL] DriverToolApi._staged_vendor_inf_for({'cat': '🌐 Hálózat (LAN/Wi-Fi)', 'name': 'Microsoft Wi-Fi Direct Virtual Adapter #35', 'id': '{5d624f94-8850-40c3-a3fa-a4fd2080baf3}\\vwifimp_wfd', 'pnp_id': '{5D624F94-8850-40C3-A3FA-A4FD2080BAF3}\\V...[+236 kar.], [{'version': '16.0.7629.4000', 'published': 'oem0.inf', 'original': 'prnms006.inf', 'class': 'Printer', 'provider': 'Microsoft', 'date': ''}, {'published': 'oem1.inf', 'original': 'prnms001.inf', 'cla...[+8876 kar.])
2026-08-25 16:26:43 [DEBUG] [task-rebind] [CALL] DriverToolApi._staged_vendor_inf_for -> (None, '') (0.64s)
2026-08-25 16:26:43 [DEBUG] [task-rebind] [CALL] DriverToolApi._staged_vendor_inf_for({'cat': '⚙️ Rendszereszköz', 'name': 'Microsoft rendszerkezelő BIOS-illesztőprogram', 'id': 'ROOT\\mssmbios', 'pnp_id': 'ROOT\\MSSMBIOS\\0000', 'all_hwids': ['ROOT\\mssmbios'], 'err_code': 0, 'pclass'...[+11 kar.], [{'version': '16.0.7629.4000', 'published': 'oem0.inf', 'original': 'prnms006.inf', 'class': 'Printer', 'provider': 'Microsoft', 'date': ''}, {'published': 'oem1.inf', 'original': 'prnms001.inf', 'cla...[+8876 kar.])
2026-08-25 16:26:43 [DEBUG] [task-rebind] [CALL] DriverToolApi._staged_vendor_inf_for -> (None, '') (0.62s)
2026-08-25 16:26:43 [DEBUG] [task-rebind] [CALL] DriverToolApi._staged_vendor_inf_for({'cat': '🔧 Egyéb (Printer)', 'name': 'Microsoft IPP Class Driver', 'id': 'PSA_Hewlett-PackardHP_CoAE77', 'pnp_id': 'SWD\\PRINTENUM\\WSD-C1ED2EE2-D5BC-4CE2-9FAF-66A7DC3B0F7A', 'all_hwids': ['PSA_Hewlet...[+57 kar.], [{'version': '16.0.7629.4000', 'published': 'oem0.inf', 'original': 'prnms006.inf', 'class': 'Printer', 'provider': 'Microsoft', 'date': ''}, {'published': 'oem1.inf', 'original': 'prnms001.inf', 'cla...[+8876 kar.])
2026-08-25 16:26:44 [DEBUG] [task-rebind] [CALL] DriverToolApi._staged_vendor_inf_for -> (None, '') (0.64s)
2026-08-25 16:26:44 [DEBUG] [task-rebind] [CALL] DriverToolApi._staged_vendor_inf_for({'cat': '⚙️ Rendszereszköz', 'name': 'A rendszer CMOS vagy valós idejű órája', 'id': 'ACPI\\VEN_PNP&DEV_0B00', 'pnp_id': 'ACPI\\PNP0B00\\4&27A0EA9D&0', 'all_hwids': ['ACPI\\VEN_PNP&DEV_0B00', 'ACPI\\P...[+56 kar.], [{'version': '16.0.7629.4000', 'published': 'oem0.inf', 'original': 'prnms006.inf', 'class': 'Printer', 'provider': 'Microsoft', 'date': ''}, {'published': 'oem1.inf', 'original': 'prnms001.inf', 'cla...[+8876 kar.])
2026-08-25 16:26:45 [DEBUG] [task-rebind] [CALL] DriverToolApi._staged_vendor_inf_for -> (None, '') (0.64s)
2026-08-25 16:26:45 [DEBUG] [task-rebind] [CALL] DriverToolApi._staged_vendor_inf_for({'cat': '⚙️ Rendszereszköz', 'name': 'Plug and Play szoftveres eszközenumerátor', 'id': 'ROOT\\SWENUM', 'pnp_id': 'ROOT\\SYSTEM\\0000', 'all_hwids': ['ROOT\\SWENUM'], 'err_code': 0, 'pclass': 'System'...[+1 kar.], [{'version': '16.0.7629.4000', 'published': 'oem0.inf', 'original': 'prnms006.inf', 'class': 'Printer', 'provider': 'Microsoft', 'date': ''}, {'published': 'oem1.inf', 'original': 'prnms001.inf', 'cla...[+8876 kar.])
2026-08-25 16:26:45 [DEBUG] [task-rebind] [CALL] DriverToolApi._staged_vendor_inf_for -> (None, '') (0.64s)
2026-08-25 16:26:45 [DEBUG] [task-rebind] [CALL] DriverToolApi._staged_vendor_inf_for({'cat': '⚙️ Rendszereszköz', 'name': 'Távoli asztali eszközátirányító busz', 'id': 'ROOT\\RDPBUS', 'pnp_id': 'ROOT\\RDPBUS\\0000', 'all_hwids': ['ROOT\\RDPBUS'], 'err_code': 0, 'pclass': 'System'}, [{'version': '16.0.7629.4000', 'published': 'oem0.inf', 'original': 'prnms006.inf', 'class': 'Printer', 'provider': 'Microsoft', 'date': ''}, {'published': 'oem1.inf', 'original': 'prnms001.inf', 'cla...[+8876 kar.])
2026-08-25 16:26:46 [DEBUG] [task-rebind] [CALL] DriverToolApi._staged_vendor_inf_for -> (None, '') (0.62s)
2026-08-25 16:26:46 [DEBUG] [task-rebind] [CALL] DriverToolApi._staged_vendor_inf_for({'cat': '🌐 Hálózat (LAN/Wi-Fi)', 'name': 'WAN Miniport (IPv6)', 'id': 'ms_ndiswanipv6', 'pnp_id': 'SWD\\MSRRAS\\MS_NDISWANIPV6', 'all_hwids': ['ms_ndiswanipv6'], 'err_code': 0, 'pclass': 'Net'}, [{'version': '16.0.7629.4000', 'published': 'oem0.inf', 'original': 'prnms006.inf', 'class': 'Printer', 'provider': 'Microsoft', 'date': ''}, {'published': 'oem1.inf', 'original': 'prnms001.inf', 'cla...[+8876 kar.])
2026-08-25 16:26:46 [DEBUG] [task-rebind] [CALL] DriverToolApi._staged_vendor_inf_for -> (None, '') (0.66s)
2026-08-25 16:26:46 [DEBUG] [task-rebind] [CALL] DriverToolApi._staged_vendor_inf_for({'cat': '⚙️ Rendszereszköz', 'name': 'Programozható megszakításvezérlő', 'id': 'ACPI\\VEN_PNP&DEV_0000', 'pnp_id': 'ACPI\\PNP0000\\4&27A0EA9D&0', 'all_hwids': ['ACPI\\VEN_PNP&DEV_0000', 'ACPI\\PNP0000...[+50 kar.], [{'version': '16.0.7629.4000', 'published': 'oem0.inf', 'original': 'prnms006.inf', 'class': 'Printer', 'provider': 'Microsoft', 'date': ''}, {'published': 'oem1.inf', 'original': 'prnms001.inf', 'cla...[+8876 kar.])
2026-08-25 16:26:47 [DEBUG] [task-rebind] [CALL] DriverToolApi._staged_vendor_inf_for -> (None, '') (0.64s)
2026-08-25 16:26:47 [DEBUG] [task-rebind] [CALL] DriverToolApi._staged_vendor_inf_for({'cat': '🔌 USB Vezérlő', 'name': 'USB-gyökérhub (USB 3.0)', 'id': 'USB\\ROOT_HUB30&VID8086&PID15C1&REV0001', 'pnp_id': 'USB\\ROOT_HUB30\\7&1715E03&0&0', 'all_hwids': ['USB\\ROOT_HUB30&VID8086&PID15C1&...[+96 kar.], [{'version': '16.0.7629.4000', 'published': 'oem0.inf', 'original': 'prnms006.inf', 'class': 'Printer', 'provider': 'Microsoft', 'date': ''}, {'published': 'oem1.inf', 'original': 'prnms001.inf', 'cla...[+8876 kar.])
2026-08-25 16:26:48 [DEBUG] [task-rebind] [CALL] DriverToolApi._staged_vendor_inf_for -> (None, '') (0.64s)
2026-08-25 16:26:48 [DEBUG] [task-rebind] [CALL] DriverToolApi._staged_vendor_inf_for({'cat': '🌐 Hálózat (LAN/Wi-Fi)', 'name': 'WAN Miniport (L2TP)', 'id': 'ms_l2tpminiport', 'pnp_id': 'SWD\\MSRRAS\\MS_L2TPMINIPORT', 'all_hwids': ['ms_l2tpminiport'], 'err_code': 0, 'pclass': 'Net'}, [{'version': '16.0.7629.4000', 'published': 'oem0.inf', 'original': 'prnms006.inf', 'class': 'Printer', 'provider': 'Microsoft', 'date': ''}, {'published': 'oem1.inf', 'original': 'prnms001.inf', 'cla...[+8876 kar.])
2026-08-25 16:26:48 [DEBUG] [task-rebind] [CALL] DriverToolApi._staged_vendor_inf_for -> (None, '') (0.64s)
2026-08-25 16:26:48 [INFO] [task-rebind] [EMIT:task_progress] 🔧 8 eszközhöz VAN gyári driver a gépen, mégis alapdriveren fut - visszakötés:
2026-08-25 16:26:48 [INFO] [task-rebind] [EMIT:task_progress] (1/8) HID-kompatibilis egér
   most: msmouse.inf (Microsoft) → gyári: synpd.inf
2026-08-25 16:26:48 [DEBUG] [task-rebind] [CALL] DriverToolApi._rebind_device('HID\\SYNHIDMINI&COL01\\1&213A2F8E&0&0000', 'C:\\Windows\\System32\\DriverStore\\FileRepository\\synpd.inf_amd64_61d873e750f15de4\\synpd.inf', 'HID-kompatibilis egér', 'Mouse', 'rebind')
2026-08-25 16:26:48 [INFO] [task-rebind] [REBIND] 1. lépés - újratelepítés: HID-kompatibilis egér <- C:\Windows\System32\DriverStore\FileRepository\synpd.inf_amd64_61d873e750f15de4\synpd.inf
2026-08-25 16:26:48 [DEBUG] [task-rebind] [CMD] Futtatás: pnputil /add-driver C:\Windows\System32\DriverStore\FileRepository\synpd.inf_amd64_61d873e750f15de4\synpd.inf /install
2026-08-25 16:26:49 [DEBUG] [task-rebind] [CMD] OK - várt kód: 259 (0.6s)
2026-08-25 16:26:49 [DEBUG] [task-rebind] [CMD] stdout: Microsoft PnP Utility

Adding driver package:  SynPD.inf
Driver package added successfully. (Already exists in the system)
Published Name:         oem19.inf
Driver package is up-to-date on device: ACPI\LEN009B\4&27a0ea9d&0

Total driver packages:  1
Added driver packages:  0
2026-08-25 16:26:49 [DEBUG] [task-rebind] [CMD] Futtatás: pnputil /scan-devices
2026-08-25 16:26:52 [DEBUG] [task-rebind] [CMD] OK (3.2s)
2026-08-25 16:26:52 [DEBUG] [task-rebind] [CMD] stdout: Microsoft PnP Utility

Scanning for device hardware changes.
Scan complete.
2026-08-25 16:26:52 [DEBUG] [task-rebind] [CALL] DriverToolApi._device_on_vendor_driver('HID\\SYNHIDMINI&COL01\\1&213A2F8E&0&0000')
2026-08-25 16:26:52 [DEBUG] [task-rebind] [CALL] DriverToolApi._get_installed_driver_info()
2026-08-25 16:26:52 [DEBUG] [task-rebind] [CMD] Futtatás: powershell -NoProfile -Command [Console]::OutputEncoding = [System.Text.Encoding]::UTF8; Get-WmiObject Win32_PnPSignedDriver | Where-Object { $_.DeviceID -and $_.DriverVersion } | Select-Object DeviceID, DriverVersion, DriverDate, DriverProviderName, InfName | ConvertTo-Json -Compress
2026-08-25 16:26:54 [DEBUG] [task-rebind] [CMD] OK (2.0s)
2026-08-25 16:26:54 [DEBUG] [task-rebind] [CMD] stdout: [{"DeviceID":"SWD\\PRINTENUM\\{D04F27B3-CB9C-426F-A1CA-1D81DB1D34C8}","DriverVersion":"10.0.19041.1","DriverDate":"20060621000000.******+***","DriverProviderName":"Microsoft","InfName":"printqueue.inf"},{"DeviceID":"SWD\\PRINTENUM\\{8B82CBFE-FB5C-450A-84E3-F7591FFBC6F1}","DriverVersion":"10.0.19041.1","DriverDate":"20060621000000.******+***","DriverProviderName":"Microsoft","InfName":"printqueue.inf"},{"DeviceID":"SWD\\PRINTENUM\\{C1C10521-AA32-4491-BE4D-F5E6E7927369}","DriverVersion":"10.0.19041.1","DriverDate":"20060621000000.******+***","DriverProviderName":"Microsoft","InfName":"printqueue.inf"},{"DeviceID":"SWD\\PRINTENUM\\{49305D13-835A-448E-BB53-6BFC07E5EB08}","DriverVersion":"10.0.19041.1","DriverDate":"20060621000000.******+***","DriverProviderName":"Microsoft","InfName":"printqueue.inf"},{"DeviceID":"SWD\\PRINTENUM\\{C4A8C922-C486-40BB-BC60-CC480DD22CC8}","DriverVersion":"10.0.19041.1","DriverDate":"20060621000000.******+***","DriverProviderName":"Microsoft","InfName":"printqueue.inf"},{"DeviceID":"SWD\\PRINTENUM\\{115C2850-D19A-4E5F-B8F4-3A74F0FFFD4F}","DriverVersion":"10.0.19041.1","DriverDate":"20060621000000.******+***","DriverProviderName":"Microsoft","InfName":"printqueue.inf"},{"DeviceID":"SWD\\PRINTENUM\\{A5856CD5-01F0-4301-AB7C-064B52928E14}","DriverVersion":"10.0.19041.1","DriverDate":"20060621000000.******+***","DriverProviderName":"Microsoft","InfName":"printqueue.inf"},{"DeviceID":"SWD\\PRINTENUM\\PRINTQUEUES","DriverVersion":"10.0.19041.1","DriverDate":"20060621000000.******+***","DriverProviderName":"Microsoft","InfName":"printqueue.inf"},{"DeviceID":"SWD\\MSRRAS\\MS_NDISWANBH","DriverVersion":"10.0.19041.1","DriverDate":"20060621000000.******+***","DriverProviderName":"Microsoft","InfName":"netrasa.inf"},{"DeviceID":"SWD\\MSRRAS\\MS_NDISWANIPV6","DriverVersion":"10.0.19041.1","DriverDate":"20060621000000.******+***","DriverProviderName":"Microsoft","InfName":"netrasa.inf"},{"DeviceID":"SWD\\MSRRAS\\MS_NDISWANIP","DriverVersion":"10.0.19041.1","DriverDate":"20060621000000.******+***","DriverProviderName":"Microsoft","InfName":"netrasa.inf"},{"DeviceID":"SWD\\MSRRAS\\MS_PPPOEMINIPORT","DriverVersion":"10.0.19041.1","DriverDate":"20060621000000.******+***","DriverProviderName":"Microsoft","InfName":"netrasa.inf"},{"DeviceID":"SWD\\MSRRAS\\MS_PPTPMINIPORT","DriverVersion":"10.0.19041.1","DriverDate":"20060621000000.******+***","DriverProviderName":"Microsoft","InfName":"netrasa.inf"},{"DeviceID":"SWD\\MSRRAS\\MS_L2TPMINIPORT","DriverVersion":"10.0.19041.1","DriverDate":"20060621000000.******+***","DriverProviderName":"Microsoft","InfName":"netrasa.inf"},{"DeviceID":"SWD\\MSRRAS\\MS_AGILEVPNMINIPORT","DriverVersion":"10.0.19041.1","DriverDate":"20060621000000.******+***","DriverProviderName":"Microsoft","InfName":"netavpna.inf"},{"DeviceID":"SWD\\MSRRAS\\MS_SSTPMINIPORT","DriverVersion":"10.0.19041.1","DriverDate":"20060621000000.******+***","DriverProviderName":"Microsoft","InfName":"netsstpa.inf"},{"DeviceID":"SWD\\MSRRAS\\{5E259276-BC7E-40E3-B93B-8F89B5F3ABC0}","DriverVersion":"10.0.19041.1","DriverDate":"20060621000000.******+***","DriverProviderName":"Microsoft","InfName":"c_swdevice.inf"},{"DeviceID":"SWD\\MMDEVAPI\\MICROSOFTGSWAVETABLESYNTH","DriverVersion":"10.0.19041.1","DriverDate":"20060621000000.******+***","DriverProviderName":"Microsoft","InfName":"c_swdevice.inf"},{"DeviceID":"SWD\\RADIO\\{DE38D9E2-5164-45E8-8E9F-6CE2E3AAF664}","DriverVersion":"10.0.19041.1","DriverDate":"20060621000000.******+***","DriverProviderName":"Microsoft","InfName":"c_swdevice.inf"},{"DeviceID":"SWD\\RADIO\\{9C87EA3A-9CA2-4060-B1F1-B8099D923722}","DriverVersion":"10.0.19041.1","DriverDate":"20060621000000.******+***","DriverProviderName":"Microsoft","InfName":"c_swdevice.inf"},{"DeviceID":"SWD\\RADIO\\BLUETOOTH_24EE9AF8AFEC","DriverVersion":"10.0.19041.1","DriverDate":"20060621000000.******+***","DriverProviderName":"Microsoft","InfName":"c_swdevice.inf"},{"DeviceID":"SWD\\RADIO\\{3DB5895D-CC28-44B3-AD3D-6F01A782B8D... [TRUNCATED]
2026-08-25 16:26:54 [INFO] [task-rebind] [CATALOG] Telepített driver-infó: 193 eszköz
2026-08-25 16:26:54 [DEBUG] [task-rebind] [CALL] DriverToolApi._get_installed_driver_info -> {'SWD\\PRINTENUM\\{D04F27B3-CB9C-426F-A1CA-1D81DB1D34C8}': {'version': '10.0.19041.1', 'date': '2006-06-21', 'provider': 'Microsoft', 'inf': 'printqueue.inf'}, 'SWD\\PRINTENUM\\{8B82CBFE-FB5C-450A-84E3-F7591FFBC6F1}': {'version': '10.0.19041.1', 'date': '2006-06-21', 'provider': 'Microsoft', 'inf': ...[+27318 kar.] (2.00s)
2026-08-25 16:26:54 [DEBUG] [task-rebind] [CALL] DriverToolApi._device_on_vendor_driver -> False (2.00s)
2026-08-25 16:26:54 [WARNING] [task-rebind] [REBIND] 2. lépés - eszköz újraenumerálása: HID-kompatibilis egér [HID\SYNHIDMINI&COL01\1&213A2F8E&0&0000]
2026-08-25 16:26:54 [INFO] [task-rebind] [EMIT:task_progress] 🔄 HID-kompatibilis egér: újraenumerálás (mintha ki-be dugnánk)...
2026-08-25 16:26:54 [DEBUG] [task-rebind] [CMD] Futtatás: pnputil /remove-device HID\SYNHIDMINI&COL01\1&213A2F8E&0&0000
2026-08-25 16:26:54 [DEBUG] [task-rebind] [CMD] OK (0.0s)
2026-08-25 16:26:54 [DEBUG] [task-rebind] [CMD] stdout: Microsoft PnP Utility

Removing device:          HID\SYNHIDMINI&COL01\1&213A2F8E&0&0000
Device removed successfully.
2026-08-25 16:26:54 [DEBUG] [task-rebind] [CMD] Futtatás: pnputil /scan-devices
2026-08-25 16:26:55 [DEBUG] [task-rebind] [CMD] OK (0.5s)
2026-08-25 16:26:55 [DEBUG] [task-rebind] [CMD] stdout: Microsoft PnP Utility

Scanning for device hardware changes.
Scan complete.
2026-08-25 16:27:00 [DEBUG] [task-rebind] [CALL] DriverToolApi._device_on_vendor_driver('HID\\SYNHIDMINI&COL01\\1&213A2F8E&0&0000')
2026-08-25 16:27:00 [DEBUG] [task-rebind] [CALL] DriverToolApi._get_installed_driver_info()
2026-08-25 16:27:00 [DEBUG] [task-rebind] [CMD] Futtatás: powershell -NoProfile -Command [Console]::OutputEncoding = [System.Text.Encoding]::UTF8; Get-WmiObject Win32_PnPSignedDriver | Where-Object { $_.DeviceID -and $_.DriverVersion } | Select-Object DeviceID, DriverVersion, DriverDate, DriverProviderName, InfName | ConvertTo-Json -Compress
2026-08-25 16:27:02 [DEBUG] [task-rebind] [CMD] OK (1.9s)
2026-08-25 16:27:02 [DEBUG] [task-rebind] [CMD] stdout: [{"DeviceID":"SWD\\PRINTENUM\\{D04F27B3-CB9C-426F-A1CA-1D81DB1D34C8}","DriverVersion":"10.0.19041.1","DriverDate":"20060621000000.******+***","DriverProviderName":"Microsoft","InfName":"printqueue.inf"},{"DeviceID":"SWD\\PRINTENUM\\{8B82CBFE-FB5C-450A-84E3-F7591FFBC6F1}","DriverVersion":"10.0.19041.1","DriverDate":"20060621000000.******+***","DriverProviderName":"Microsoft","InfName":"printqueue.inf"},{"DeviceID":"SWD\\PRINTENUM\\{C1C10521-AA32-4491-BE4D-F5E6E7927369}","DriverVersion":"10.0.19041.1","DriverDate":"20060621000000.******+***","DriverProviderName":"Microsoft","InfName":"printqueue.inf"},{"DeviceID":"SWD\\PRINTENUM\\{49305D13-835A-448E-BB53-6BFC07E5EB08}","DriverVersion":"10.0.19041.1","DriverDate":"20060621000000.******+***","DriverProviderName":"Microsoft","InfName":"printqueue.inf"},{"DeviceID":"SWD\\PRINTENUM\\{C4A8C922-C486-40BB-BC60-CC480DD22CC8}","DriverVersion":"10.0.19041.1","DriverDate":"20060621000000.******+***","DriverProviderName":"Microsoft","InfName":"printqueue.inf"},{"DeviceID":"SWD\\PRINTENUM\\{115C2850-D19A-4E5F-B8F4-3A74F0FFFD4F}","DriverVersion":"10.0.19041.1","DriverDate":"20060621000000.******+***","DriverProviderName":"Microsoft","InfName":"printqueue.inf"},{"DeviceID":"SWD\\PRINTENUM\\{A5856CD5-01F0-4301-AB7C-064B52928E14}","DriverVersion":"10.0.19041.1","DriverDate":"20060621000000.******+***","DriverProviderName":"Microsoft","InfName":"printqueue.inf"},{"DeviceID":"SWD\\PRINTENUM\\PRINTQUEUES","DriverVersion":"10.0.19041.1","DriverDate":"20060621000000.******+***","DriverProviderName":"Microsoft","InfName":"printqueue.inf"},{"DeviceID":"SWD\\MSRRAS\\MS_NDISWANBH","DriverVersion":"10.0.19041.1","DriverDate":"20060621000000.******+***","DriverProviderName":"Microsoft","InfName":"netrasa.inf"},{"DeviceID":"SWD\\MSRRAS\\MS_NDISWANIPV6","DriverVersion":"10.0.19041.1","DriverDate":"20060621000000.******+***","DriverProviderName":"Microsoft","InfName":"netrasa.inf"},{"DeviceID":"SWD\\MSRRAS\\MS_NDISWANIP","DriverVersion":"10.0.19041.1","DriverDate":"20060621000000.******+***","DriverProviderName":"Microsoft","InfName":"netrasa.inf"},{"DeviceID":"SWD\\MSRRAS\\MS_PPPOEMINIPORT","DriverVersion":"10.0.19041.1","DriverDate":"20060621000000.******+***","DriverProviderName":"Microsoft","InfName":"netrasa.inf"},{"DeviceID":"SWD\\MSRRAS\\MS_PPTPMINIPORT","DriverVersion":"10.0.19041.1","DriverDate":"20060621000000.******+***","DriverProviderName":"Microsoft","InfName":"netrasa.inf"},{"DeviceID":"SWD\\MSRRAS\\MS_L2TPMINIPORT","DriverVersion":"10.0.19041.1","DriverDate":"20060621000000.******+***","DriverProviderName":"Microsoft","InfName":"netrasa.inf"},{"DeviceID":"SWD\\MSRRAS\\MS_AGILEVPNMINIPORT","DriverVersion":"10.0.19041.1","DriverDate":"20060621000000.******+***","DriverProviderName":"Microsoft","InfName":"netavpna.inf"},{"DeviceID":"SWD\\MSRRAS\\MS_SSTPMINIPORT","DriverVersion":"10.0.19041.1","DriverDate":"20060621000000.******+***","DriverProviderName":"Microsoft","InfName":"netsstpa.inf"},{"DeviceID":"SWD\\MSRRAS\\{5E259276-BC7E-40E3-B93B-8F89B5F3ABC0}","DriverVersion":"10.0.19041.1","DriverDate":"20060621000000.******+***","DriverProviderName":"Microsoft","InfName":"c_swdevice.inf"},{"DeviceID":"SWD\\MMDEVAPI\\MICROSOFTGSWAVETABLESYNTH","DriverVersion":"10.0.19041.1","DriverDate":"20060621000000.******+***","DriverProviderName":"Microsoft","InfName":"c_swdevice.inf"},{"DeviceID":"SWD\\RADIO\\{DE38D9E2-5164-45E8-8E9F-6CE2E3AAF664}","DriverVersion":"10.0.19041.1","DriverDate":"20060621000000.******+***","DriverProviderName":"Microsoft","InfName":"c_swdevice.inf"},{"DeviceID":"SWD\\RADIO\\{9C87EA3A-9CA2-4060-B1F1-B8099D923722}","DriverVersion":"10.0.19041.1","DriverDate":"20060621000000.******+***","DriverProviderName":"Microsoft","InfName":"c_swdevice.inf"},{"DeviceID":"SWD\\RADIO\\BLUETOOTH_24EE9AF8AFEC","DriverVersion":"10.0.19041.1","DriverDate":"20060621000000.******+***","DriverProviderName":"Microsoft","InfName":"c_swdevice.inf"},{"DeviceID":"SWD\\RADIO\\{3DB5895D-CC28-44B3-AD3D-6F01A782B8D... [TRUNCATED]
2026-08-25 16:27:02 [INFO] [task-rebind] [CATALOG] Telepített driver-infó: 193 eszköz
2026-08-25 16:27:02 [DEBUG] [task-rebind] [CALL] DriverToolApi._get_installed_driver_info -> {'SWD\\PRINTENUM\\{D04F27B3-CB9C-426F-A1CA-1D81DB1D34C8}': {'version': '10.0.19041.1', 'date': '2006-06-21', 'provider': 'Microsoft', 'inf': 'printqueue.inf'}, 'SWD\\PRINTENUM\\{8B82CBFE-FB5C-450A-84E3-F7591FFBC6F1}': {'version': '10.0.19041.1', 'date': '2006-06-21', 'provider': 'Microsoft', 'inf': ...[+27318 kar.] (1.92s)
2026-08-25 16:27:02 [DEBUG] [task-rebind] [CALL] DriverToolApi._device_on_vendor_driver -> False (1.92s)
2026-08-25 16:27:02 [WARNING] [task-rebind] [REBIND] NEM SIKERÜLT (újraenumerálással): HID-kompatibilis egér
2026-08-25 16:27:02 [DEBUG] [task-rebind] [CALL] DriverToolApi._rebind_device -> False (13.23s)
2026-08-25 16:27:02 [INFO] [task-rebind] [EMIT:task_progress] ❌ Nem sikerült - az eszköz a Windows alapdriverén marad.
2026-08-25 16:27:02 [INFO] [task-rebind] [EMIT:task_progress] (2/8) HID-kompatibilis, gyártó által definiált eszköz
   most: input.inf (Microsoft) → gyári: synpd.inf
2026-08-25 16:27:02 [DEBUG] [task-rebind] [CALL] DriverToolApi._rebind_device('HID\\SYNHIDMINI&COL04\\1&33F3E033&0&0003', 'C:\\Windows\\System32\\DriverStore\\FileRepository\\synpd.inf_amd64_61d873e750f15de4\\synpd.inf', 'HID-kompatibilis, gyártó által definiált eszköz', 'HIDClass', 'rebind')
2026-08-25 16:27:02 [INFO] [task-rebind] [REBIND] 1. lépés - újratelepítés: HID-kompatibilis, gyártó által definiált eszköz <- C:\Windows\System32\DriverStore\FileRepository\synpd.inf_amd64_61d873e750f15de4\synpd.inf
2026-08-25 16:27:02 [DEBUG] [task-rebind] [CMD] Futtatás: pnputil /add-driver C:\Windows\System32\DriverStore\FileRepository\synpd.inf_amd64_61d873e750f15de4\synpd.inf /install
2026-08-25 16:27:02 [DEBUG] [task-rebind] [CMD] OK - várt kód: 259 (0.6s)
2026-08-25 16:27:02 [DEBUG] [task-rebind] [CMD] stdout: Microsoft PnP Utility

Adding driver package:  SynPD.inf
Driver package added successfully. (Already exists in the system)
Published Name:         oem19.inf
Driver package is up-to-date on device: ACPI\LEN009B\4&27a0ea9d&0

Total driver packages:  1
Added driver packages:  0
2026-08-25 16:27:02 [DEBUG] [task-rebind] [CMD] Futtatás: pnputil /scan-devices
2026-08-25 16:27:04 [DEBUG] [task-rebind] [CMD] OK (1.6s)
2026-08-25 16:27:04 [DEBUG] [task-rebind] [CMD] stdout: Microsoft PnP Utility

Scanning for device hardware changes.
Scan complete.
2026-08-25 16:27:04 [DEBUG] [task-rebind] [CALL] DriverToolApi._device_on_vendor_driver('HID\\SYNHIDMINI&COL04\\1&33F3E033&0&0003')
2026-08-25 16:27:04 [DEBUG] [task-rebind] [CALL] DriverToolApi._get_installed_driver_info()
2026-08-25 16:27:04 [DEBUG] [task-rebind] [CMD] Futtatás: powershell -NoProfile -Command [Console]::OutputEncoding = [System.Text.Encoding]::UTF8; Get-WmiObject Win32_PnPSignedDriver | Where-Object { $_.DeviceID -and $_.DriverVersion } | Select-Object DeviceID, DriverVersion, DriverDate, DriverProviderName, InfName | ConvertTo-Json -Compress
2026-08-25 16:27:05 [DEBUG] [task-rebind] [CMD] OK (1.4s)
2026-08-25 16:27:05 [DEBUG] [task-rebind] [CMD] stdout: [{"DeviceID":"SWD\\PRINTENUM\\{D04F27B3-CB9C-426F-A1CA-1D81DB1D34C8}","DriverVersion":"10.0.19041.1","DriverDate":"20060621000000.******+***","DriverProviderName":"Microsoft","InfName":"printqueue.inf"},{"DeviceID":"SWD\\PRINTENUM\\{8B82CBFE-FB5C-450A-84E3-F7591FFBC6F1}","DriverVersion":"10.0.19041.1","DriverDate":"20060621000000.******+***","DriverProviderName":"Microsoft","InfName":"printqueue.inf"},{"DeviceID":"SWD\\PRINTENUM\\{C1C10521-AA32-4491-BE4D-F5E6E7927369}","DriverVersion":"10.0.19041.1","DriverDate":"20060621000000.******+***","DriverProviderName":"Microsoft","InfName":"printqueue.inf"},{"DeviceID":"SWD\\PRINTENUM\\{49305D13-835A-448E-BB53-6BFC07E5EB08}","DriverVersion":"10.0.19041.1","DriverDate":"20060621000000.******+***","DriverProviderName":"Microsoft","InfName":"printqueue.inf"},{"DeviceID":"SWD\\PRINTENUM\\{C4A8C922-C486-40BB-BC60-CC480DD22CC8}","DriverVersion":"10.0.19041.1","DriverDate":"20060621000000.******+***","DriverProviderName":"Microsoft","InfName":"printqueue.inf"},{"DeviceID":"SWD\\PRINTENUM\\{115C2850-D19A-4E5F-B8F4-3A74F0FFFD4F}","DriverVersion":"10.0.19041.1","DriverDate":"20060621000000.******+***","DriverProviderName":"Microsoft","InfName":"printqueue.inf"},{"DeviceID":"SWD\\PRINTENUM\\{A5856CD5-01F0-4301-AB7C-064B52928E14}","DriverVersion":"10.0.19041.1","DriverDate":"20060621000000.******+***","DriverProviderName":"Microsoft","InfName":"printqueue.inf"},{"DeviceID":"SWD\\PRINTENUM\\PRINTQUEUES","DriverVersion":"10.0.19041.1","DriverDate":"20060621000000.******+***","DriverProviderName":"Microsoft","InfName":"printqueue.inf"},{"DeviceID":"SWD\\MSRRAS\\MS_NDISWANBH","DriverVersion":"10.0.19041.1","DriverDate":"20060621000000.******+***","DriverProviderName":"Microsoft","InfName":"netrasa.inf"},{"DeviceID":"SWD\\MSRRAS\\MS_NDISWANIPV6","DriverVersion":"10.0.19041.1","DriverDate":"20060621000000.******+***","DriverProviderName":"Microsoft","InfName":"netrasa.inf"},{"DeviceID":"SWD\\MSRRAS\\MS_NDISWANIP","DriverVersion":"10.0.19041.1","DriverDate":"20060621000000.******+***","DriverProviderName":"Microsoft","InfName":"netrasa.inf"},{"DeviceID":"SWD\\MSRRAS\\MS_PPPOEMINIPORT","DriverVersion":"10.0.19041.1","DriverDate":"20060621000000.******+***","DriverProviderName":"Microsoft","InfName":"netrasa.inf"},{"DeviceID":"SWD\\MSRRAS\\MS_PPTPMINIPORT","DriverVersion":"10.0.19041.1","DriverDate":"20060621000000.******+***","DriverProviderName":"Microsoft","InfName":"netrasa.inf"},{"DeviceID":"SWD\\MSRRAS\\MS_L2TPMINIPORT","DriverVersion":"10.0.19041.1","DriverDate":"20060621000000.******+***","DriverProviderName":"Microsoft","InfName":"netrasa.inf"},{"DeviceID":"SWD\\MSRRAS\\MS_AGILEVPNMINIPORT","DriverVersion":"10.0.19041.1","DriverDate":"20060621000000.******+***","DriverProviderName":"Microsoft","InfName":"netavpna.inf"},{"DeviceID":"SWD\\MSRRAS\\MS_SSTPMINIPORT","DriverVersion":"10.0.19041.1","DriverDate":"20060621000000.******+***","DriverProviderName":"Microsoft","InfName":"netsstpa.inf"},{"DeviceID":"SWD\\MSRRAS\\{5E259276-BC7E-40E3-B93B-8F89B5F3ABC0}","DriverVersion":"10.0.19041.1","DriverDate":"20060621000000.******+***","DriverProviderName":"Microsoft","InfName":"c_swdevice.inf"},{"DeviceID":"SWD\\MMDEVAPI\\MICROSOFTGSWAVETABLESYNTH","DriverVersion":"10.0.19041.1","DriverDate":"20060621000000.******+***","DriverProviderName":"Microsoft","InfName":"c_swdevice.inf"},{"DeviceID":"SWD\\RADIO\\{DE38D9E2-5164-45E8-8E9F-6CE2E3AAF664}","DriverVersion":"10.0.19041.1","DriverDate":"20060621000000.******+***","DriverProviderName":"Microsoft","InfName":"c_swdevice.inf"},{"DeviceID":"SWD\\RADIO\\{9C87EA3A-9CA2-4060-B1F1-B8099D923722}","DriverVersion":"10.0.19041.1","DriverDate":"20060621000000.******+***","DriverProviderName":"Microsoft","InfName":"c_swdevice.inf"},{"DeviceID":"SWD\\RADIO\\BLUETOOTH_24EE9AF8AFEC","DriverVersion":"10.0.19041.1","DriverDate":"20060621000000.******+***","DriverProviderName":"Microsoft","InfName":"c_swdevice.inf"},{"DeviceID":"SWD\\RADIO\\{3DB5895D-CC28-44B3-AD3D-6F01A782B8D... [TRUNCATED]
2026-08-25 16:27:05 [INFO] [task-rebind] [CATALOG] Telepített driver-infó: 193 eszköz
2026-08-25 16:27:05 [DEBUG] [task-rebind] [CALL] DriverToolApi._get_installed_driver_info -> {'SWD\\PRINTENUM\\{D04F27B3-CB9C-426F-A1CA-1D81DB1D34C8}': {'version': '10.0.19041.1', 'date': '2006-06-21', 'provider': 'Microsoft', 'inf': 'printqueue.inf'}, 'SWD\\PRINTENUM\\{8B82CBFE-FB5C-450A-84E3-F7591FFBC6F1}': {'version': '10.0.19041.1', 'date': '2006-06-21', 'provider': 'Microsoft', 'inf': ...[+27318 kar.] (1.41s)
2026-08-25 16:27:05 [DEBUG] [task-rebind] [CALL] DriverToolApi._device_on_vendor_driver -> False (1.41s)
2026-08-25 16:27:05 [WARNING] [task-rebind] [REBIND] 2. lépés - eszköz újraenumerálása: HID-kompatibilis, gyártó által definiált eszköz [HID\SYNHIDMINI&COL04\1&33F3E033&0&0003]
2026-08-25 16:27:05 [INFO] [task-rebind] [EMIT:task_progress] 🔄 HID-kompatibilis, gyártó által definiált eszköz: újraenumerálás (mintha ki-be dugnánk)...
2026-08-25 16:27:05 [DEBUG] [task-rebind] [CMD] Futtatás: pnputil /remove-device HID\SYNHIDMINI&COL04\1&33F3E033&0&0003
2026-08-25 16:27:05 [DEBUG] [task-rebind] [CMD] OK (0.0s)
2026-08-25 16:27:05 [DEBUG] [task-rebind] [CMD] stdout: Microsoft PnP Utility

Removing device:          HID\SYNHIDMINI&COL04\1&33F3E033&0&0003
Device removed successfully.
2026-08-25 16:27:05 [DEBUG] [task-rebind] [CMD] Futtatás: pnputil /scan-devices
2026-08-25 16:27:06 [DEBUG] [task-rebind] [CMD] OK (0.4s)
2026-08-25 16:27:06 [DEBUG] [task-rebind] [CMD] stdout: Microsoft PnP Utility

Scanning for device hardware changes.
Scan complete.
2026-08-25 16:27:11 [DEBUG] [task-rebind] [CALL] DriverToolApi._device_on_vendor_driver('HID\\SYNHIDMINI&COL04\\1&33F3E033&0&0003')
2026-08-25 16:27:11 [DEBUG] [task-rebind] [CALL] DriverToolApi._get_installed_driver_info()
2026-08-25 16:27:11 [DEBUG] [task-rebind] [CMD] Futtatás: powershell -NoProfile -Command [Console]::OutputEncoding = [System.Text.Encoding]::UTF8; Get-WmiObject Win32_PnPSignedDriver | Where-Object { $_.DeviceID -and $_.DriverVersion } | Select-Object DeviceID, DriverVersion, DriverDate, DriverProviderName, InfName | ConvertTo-Json -Compress
2026-08-25 16:27:13 [DEBUG] [task-rebind] [CMD] OK (1.9s)
2026-08-25 16:27:13 [DEBUG] [task-rebind] [CMD] stdout: [{"DeviceID":"SWD\\PRINTENUM\\{D04F27B3-CB9C-426F-A1CA-1D81DB1D34C8}","DriverVersion":"10.0.19041.1","DriverDate":"20060621000000.******+***","DriverProviderName":"Microsoft","InfName":"printqueue.inf"},{"DeviceID":"SWD\\PRINTENUM\\{8B82CBFE-FB5C-450A-84E3-F7591FFBC6F1}","DriverVersion":"10.0.19041.1","DriverDate":"20060621000000.******+***","DriverProviderName":"Microsoft","InfName":"printqueue.inf"},{"DeviceID":"SWD\\PRINTENUM\\{C1C10521-AA32-4491-BE4D-F5E6E7927369}","DriverVersion":"10.0.19041.1","DriverDate":"20060621000000.******+***","DriverProviderName":"Microsoft","InfName":"printqueue.inf"},{"DeviceID":"SWD\\PRINTENUM\\{49305D13-835A-448E-BB53-6BFC07E5EB08}","DriverVersion":"10.0.19041.1","DriverDate":"20060621000000.******+***","DriverProviderName":"Microsoft","InfName":"printqueue.inf"},{"DeviceID":"SWD\\PRINTENUM\\{C4A8C922-C486-40BB-BC60-CC480DD22CC8}","DriverVersion":"10.0.19041.1","DriverDate":"20060621000000.******+***","DriverProviderName":"Microsoft","InfName":"printqueue.inf"},{"DeviceID":"SWD\\PRINTENUM\\{115C2850-D19A-4E5F-B8F4-3A74F0FFFD4F}","DriverVersion":"10.0.19041.1","DriverDate":"20060621000000.******+***","DriverProviderName":"Microsoft","InfName":"printqueue.inf"},{"DeviceID":"SWD\\PRINTENUM\\{A5856CD5-01F0-4301-AB7C-064B52928E14}","DriverVersion":"10.0.19041.1","DriverDate":"20060621000000.******+***","DriverProviderName":"Microsoft","InfName":"printqueue.inf"},{"DeviceID":"SWD\\PRINTENUM\\PRINTQUEUES","DriverVersion":"10.0.19041.1","DriverDate":"20060621000000.******+***","DriverProviderName":"Microsoft","InfName":"printqueue.inf"},{"DeviceID":"SWD\\MSRRAS\\MS_NDISWANBH","DriverVersion":"10.0.19041.1","DriverDate":"20060621000000.******+***","DriverProviderName":"Microsoft","InfName":"netrasa.inf"},{"DeviceID":"SWD\\MSRRAS\\MS_NDISWANIPV6","DriverVersion":"10.0.19041.1","DriverDate":"20060621000000.******+***","DriverProviderName":"Microsoft","InfName":"netrasa.inf"},{"DeviceID":"SWD\\MSRRAS\\MS_NDISWANIP","DriverVersion":"10.0.19041.1","DriverDate":"20060621000000.******+***","DriverProviderName":"Microsoft","InfName":"netrasa.inf"},{"DeviceID":"SWD\\MSRRAS\\MS_PPPOEMINIPORT","DriverVersion":"10.0.19041.1","DriverDate":"20060621000000.******+***","DriverProviderName":"Microsoft","InfName":"netrasa.inf"},{"DeviceID":"SWD\\MSRRAS\\MS_PPTPMINIPORT","DriverVersion":"10.0.19041.1","DriverDate":"20060621000000.******+***","DriverProviderName":"Microsoft","InfName":"netrasa.inf"},{"DeviceID":"SWD\\MSRRAS\\MS_L2TPMINIPORT","DriverVersion":"10.0.19041.1","DriverDate":"20060621000000.******+***","DriverProviderName":"Microsoft","InfName":"netrasa.inf"},{"DeviceID":"SWD\\MSRRAS\\MS_AGILEVPNMINIPORT","DriverVersion":"10.0.19041.1","DriverDate":"20060621000000.******+***","DriverProviderName":"Microsoft","InfName":"netavpna.inf"},{"DeviceID":"SWD\\MSRRAS\\MS_SSTPMINIPORT","DriverVersion":"10.0.19041.1","DriverDate":"20060621000000.******+***","DriverProviderName":"Microsoft","InfName":"netsstpa.inf"},{"DeviceID":"SWD\\MSRRAS\\{5E259276-BC7E-40E3-B93B-8F89B5F3ABC0}","DriverVersion":"10.0.19041.1","DriverDate":"20060621000000.******+***","DriverProviderName":"Microsoft","InfName":"c_swdevice.inf"},{"DeviceID":"SWD\\MMDEVAPI\\MICROSOFTGSWAVETABLESYNTH","DriverVersion":"10.0.19041.1","DriverDate":"20060621000000.******+***","DriverProviderName":"Microsoft","InfName":"c_swdevice.inf"},{"DeviceID":"SWD\\RADIO\\{DE38D9E2-5164-45E8-8E9F-6CE2E3AAF664}","DriverVersion":"10.0.19041.1","DriverDate":"20060621000000.******+***","DriverProviderName":"Microsoft","InfName":"c_swdevice.inf"},{"DeviceID":"SWD\\RADIO\\{9C87EA3A-9CA2-4060-B1F1-B8099D923722}","DriverVersion":"10.0.19041.1","DriverDate":"20060621000000.******+***","DriverProviderName":"Microsoft","InfName":"c_swdevice.inf"},{"DeviceID":"SWD\\RADIO\\BLUETOOTH_24EE9AF8AFEC","DriverVersion":"10.0.19041.1","DriverDate":"20060621000000.******+***","DriverProviderName":"Microsoft","InfName":"c_swdevice.inf"},{"DeviceID":"SWD\\RADIO\\{3DB5895D-CC28-44B3-AD3D-6F01A782B8D... [TRUNCATED]
2026-08-25 16:27:13 [INFO] [task-rebind] [CATALOG] Telepített driver-infó: 193 eszköz
2026-08-25 16:27:13 [DEBUG] [task-rebind] [CALL] DriverToolApi._get_installed_driver_info -> {'SWD\\PRINTENUM\\{D04F27B3-CB9C-426F-A1CA-1D81DB1D34C8}': {'version': '10.0.19041.1', 'date': '2006-06-21', 'provider': 'Microsoft', 'inf': 'printqueue.inf'}, 'SWD\\PRINTENUM\\{8B82CBFE-FB5C-450A-84E3-F7591FFBC6F1}': {'version': '10.0.19041.1', 'date': '2006-06-21', 'provider': 'Microsoft', 'inf': ...[+27318 kar.] (1.91s)
2026-08-25 16:27:13 [DEBUG] [task-rebind] [CALL] DriverToolApi._device_on_vendor_driver -> False (1.91s)
2026-08-25 16:27:13 [WARNING] [task-rebind] [REBIND] NEM SIKERÜLT (újraenumerálással): HID-kompatibilis, gyártó által definiált eszköz
2026-08-25 16:27:13 [DEBUG] [task-rebind] [CALL] DriverToolApi._rebind_device -> False (10.98s)
2026-08-25 16:27:13 [INFO] [task-rebind] [EMIT:task_progress] ❌ Nem sikerült - az eszköz a Windows alapdriverén marad.
2026-08-25 16:27:13 [INFO] [task-rebind] [EMIT:task_progress] (3/8) USB kompozit eszköz
   most: usb.inf (Microsoft) → gyári: intelgnssdriver.inf
2026-08-25 16:27:13 [DEBUG] [task-rebind] [CALL] DriverToolApi._rebind_device('USB\\VID_2CB7&PID_0210\\004999010640000', 'C:\\Windows\\System32\\DriverStore\\FileRepository\\intelgnssdriver.inf_amd64_62e132b10c269354\\intelgnssdriver.inf', 'USB kompozit eszköz', 'USB', 'rebind')
2026-08-25 16:27:13 [INFO] [task-rebind] [REBIND] 1. lépés - újratelepítés: USB kompozit eszköz <- C:\Windows\System32\DriverStore\FileRepository\intelgnssdriver.inf_amd64_62e132b10c269354\intelgnssdriver.inf
2026-08-25 16:27:13 [DEBUG] [task-rebind] [CMD] Futtatás: pnputil /add-driver C:\Windows\System32\DriverStore\FileRepository\intelgnssdriver.inf_amd64_62e132b10c269354\intelgnssdriver.inf /install
2026-08-25 16:27:13 [DEBUG] [task-rebind] [CMD] OK - várt kód: 259 (0.1s)
2026-08-25 16:27:13 [DEBUG] [task-rebind] [CMD] stdout: Microsoft PnP Utility

Adding driver package:  IntelGNSSDriver.inf
Driver package added successfully. (Already exists in the system)
Published Name:         oem18.inf
Driver package is up-to-date on device: USB\VID_2CB7&PID_0210&MI_02\6&2db79ea2&0&0002

Total driver packages:  1
Added driver packages:  0
2026-08-25 16:27:13 [DEBUG] [task-rebind] [CMD] Futtatás: pnputil /scan-devices
2026-08-25 16:27:14 [DEBUG] [task-rebind] [CMD] OK (1.6s)
2026-08-25 16:27:14 [DEBUG] [task-rebind] [CMD] stdout: Microsoft PnP Utility

Scanning for device hardware changes.
Scan complete.
2026-08-25 16:27:14 [DEBUG] [task-rebind] [CALL] DriverToolApi._device_on_vendor_driver('USB\\VID_2CB7&PID_0210\\004999010640000')
2026-08-25 16:27:14 [DEBUG] [task-rebind] [CALL] DriverToolApi._get_installed_driver_info()
2026-08-25 16:27:14 [DEBUG] [task-rebind] [CMD] Futtatás: powershell -NoProfile -Command [Console]::OutputEncoding = [System.Text.Encoding]::UTF8; Get-WmiObject Win32_PnPSignedDriver | Where-Object { $_.DeviceID -and $_.DriverVersion } | Select-Object DeviceID, DriverVersion, DriverDate, DriverProviderName, InfName | ConvertTo-Json -Compress
2026-08-25 16:27:16 [DEBUG] [task-rebind] [CMD] OK (1.4s)
2026-08-25 16:27:16 [DEBUG] [task-rebind] [CMD] stdout: [{"DeviceID":"SWD\\PRINTENUM\\{D04F27B3-CB9C-426F-A1CA-1D81DB1D34C8}","DriverVersion":"10.0.19041.1","DriverDate":"20060621000000.******+***","DriverProviderName":"Microsoft","InfName":"printqueue.inf"},{"DeviceID":"SWD\\PRINTENUM\\{8B82CBFE-FB5C-450A-84E3-F7591FFBC6F1}","DriverVersion":"10.0.19041.1","DriverDate":"20060621000000.******+***","DriverProviderName":"Microsoft","InfName":"printqueue.inf"},{"DeviceID":"SWD\\PRINTENUM\\{C1C10521-AA32-4491-BE4D-F5E6E7927369}","DriverVersion":"10.0.19041.1","DriverDate":"20060621000000.******+***","DriverProviderName":"Microsoft","InfName":"printqueue.inf"},{"DeviceID":"SWD\\PRINTENUM\\{49305D13-835A-448E-BB53-6BFC07E5EB08}","DriverVersion":"10.0.19041.1","DriverDate":"20060621000000.******+***","DriverProviderName":"Microsoft","InfName":"printqueue.inf"},{"DeviceID":"SWD\\PRINTENUM\\{C4A8C922-C486-40BB-BC60-CC480DD22CC8}","DriverVersion":"10.0.19041.1","DriverDate":"20060621000000.******+***","DriverProviderName":"Microsoft","InfName":"printqueue.inf"},{"DeviceID":"SWD\\PRINTENUM\\{115C2850-D19A-4E5F-B8F4-3A74F0FFFD4F}","DriverVersion":"10.0.19041.1","DriverDate":"20060621000000.******+***","DriverProviderName":"Microsoft","InfName":"printqueue.inf"},{"DeviceID":"SWD\\PRINTENUM\\{A5856CD5-01F0-4301-AB7C-064B52928E14}","DriverVersion":"10.0.19041.1","DriverDate":"20060621000000.******+***","DriverProviderName":"Microsoft","InfName":"printqueue.inf"},{"DeviceID":"SWD\\PRINTENUM\\PRINTQUEUES","DriverVersion":"10.0.19041.1","DriverDate":"20060621000000.******+***","DriverProviderName":"Microsoft","InfName":"printqueue.inf"},{"DeviceID":"SWD\\MSRRAS\\MS_NDISWANBH","DriverVersion":"10.0.19041.1","DriverDate":"20060621000000.******+***","DriverProviderName":"Microsoft","InfName":"netrasa.inf"},{"DeviceID":"SWD\\MSRRAS\\MS_NDISWANIPV6","DriverVersion":"10.0.19041.1","DriverDate":"20060621000000.******+***","DriverProviderName":"Microsoft","InfName":"netrasa.inf"},{"DeviceID":"SWD\\MSRRAS\\MS_NDISWANIP","DriverVersion":"10.0.19041.1","DriverDate":"20060621000000.******+***","DriverProviderName":"Microsoft","InfName":"netrasa.inf"},{"DeviceID":"SWD\\MSRRAS\\MS_PPPOEMINIPORT","DriverVersion":"10.0.19041.1","DriverDate":"20060621000000.******+***","DriverProviderName":"Microsoft","InfName":"netrasa.inf"},{"DeviceID":"SWD\\MSRRAS\\MS_PPTPMINIPORT","DriverVersion":"10.0.19041.1","DriverDate":"20060621000000.******+***","DriverProviderName":"Microsoft","InfName":"netrasa.inf"},{"DeviceID":"SWD\\MSRRAS\\MS_L2TPMINIPORT","DriverVersion":"10.0.19041.1","DriverDate":"20060621000000.******+***","DriverProviderName":"Microsoft","InfName":"netrasa.inf"},{"DeviceID":"SWD\\MSRRAS\\MS_AGILEVPNMINIPORT","DriverVersion":"10.0.19041.1","DriverDate":"20060621000000.******+***","DriverProviderName":"Microsoft","InfName":"netavpna.inf"},{"DeviceID":"SWD\\MSRRAS\\MS_SSTPMINIPORT","DriverVersion":"10.0.19041.1","DriverDate":"20060621000000.******+***","DriverProviderName":"Microsoft","InfName":"netsstpa.inf"},{"DeviceID":"SWD\\MSRRAS\\{5E259276-BC7E-40E3-B93B-8F89B5F3ABC0}","DriverVersion":"10.0.19041.1","DriverDate":"20060621000000.******+***","DriverProviderName":"Microsoft","InfName":"c_swdevice.inf"},{"DeviceID":"SWD\\MMDEVAPI\\MICROSOFTGSWAVETABLESYNTH","DriverVersion":"10.0.19041.1","DriverDate":"20060621000000.******+***","DriverProviderName":"Microsoft","InfName":"c_swdevice.inf"},{"DeviceID":"SWD\\RADIO\\{DE38D9E2-5164-45E8-8E9F-6CE2E3AAF664}","DriverVersion":"10.0.19041.1","DriverDate":"20060621000000.******+***","DriverProviderName":"Microsoft","InfName":"c_swdevice.inf"},{"DeviceID":"SWD\\RADIO\\{9C87EA3A-9CA2-4060-B1F1-B8099D923722}","DriverVersion":"10.0.19041.1","DriverDate":"20060621000000.******+***","DriverProviderName":"Microsoft","InfName":"c_swdevice.inf"},{"DeviceID":"SWD\\RADIO\\BLUETOOTH_24EE9AF8AFEC","DriverVersion":"10.0.19041.1","DriverDate":"20060621000000.******+***","DriverProviderName":"Microsoft","InfName":"c_swdevice.inf"},{"DeviceID":"SWD\\RADIO\\{3DB5895D-CC28-44B3-AD3D-6F01A782B8D... [TRUNCATED]
2026-08-25 16:27:16 [INFO] [task-rebind] [CATALOG] Telepített driver-infó: 193 eszköz
2026-08-25 16:27:16 [DEBUG] [task-rebind] [CALL] DriverToolApi._get_installed_driver_info -> {'SWD\\PRINTENUM\\{D04F27B3-CB9C-426F-A1CA-1D81DB1D34C8}': {'version': '10.0.19041.1', 'date': '2006-06-21', 'provider': 'Microsoft', 'inf': 'printqueue.inf'}, 'SWD\\PRINTENUM\\{8B82CBFE-FB5C-450A-84E3-F7591FFBC6F1}': {'version': '10.0.19041.1', 'date': '2006-06-21', 'provider': 'Microsoft', 'inf': ...[+27318 kar.] (1.38s)
2026-08-25 16:27:16 [DEBUG] [task-rebind] [CALL] DriverToolApi._device_on_vendor_driver -> False (1.38s)
2026-08-25 16:27:16 [WARNING] [task-rebind] [REBIND] 2. lépés - eszköz újraenumerálása: USB kompozit eszköz [USB\VID_2CB7&PID_0210\004999010640000]
2026-08-25 16:27:16 [INFO] [task-rebind] [EMIT:task_progress] 🔄 USB kompozit eszköz: újraenumerálás (mintha ki-be dugnánk)...
2026-08-25 16:27:16 [DEBUG] [task-rebind] [CMD] Futtatás: pnputil /remove-device USB\VID_2CB7&PID_0210\004999010640000
2026-08-25 16:27:16 [DEBUG] [task-rebind] [CMD] OK (0.2s)
2026-08-25 16:27:16 [DEBUG] [task-rebind] [CMD] stdout: Microsoft PnP Utility

Removing device:          USB\VID_2CB7&PID_0210\004999010640000
Device removed successfully.
2026-08-25 16:27:16 [DEBUG] [task-rebind] [CMD] Futtatás: pnputil /scan-devices
2026-08-25 16:27:17 [DEBUG] [task-rebind] [CMD] OK (0.7s)
2026-08-25 16:27:17 [DEBUG] [task-rebind] [CMD] stdout: Microsoft PnP Utility

Scanning for device hardware changes.
Scan complete.
2026-08-25 16:27:22 [DEBUG] [task-rebind] [CALL] DriverToolApi._device_on_vendor_driver('USB\\VID_2CB7&PID_0210\\004999010640000')
2026-08-25 16:27:22 [DEBUG] [task-rebind] [CALL] DriverToolApi._get_installed_driver_info()
2026-08-25 16:27:22 [DEBUG] [task-rebind] [CMD] Futtatás: powershell -NoProfile -Command [Console]::OutputEncoding = [System.Text.Encoding]::UTF8; Get-WmiObject Win32_PnPSignedDriver | Where-Object { $_.DeviceID -and $_.DriverVersion } | Select-Object DeviceID, DriverVersion, DriverDate, DriverProviderName, InfName | ConvertTo-Json -Compress
2026-08-25 16:27:24 [DEBUG] [task-rebind] [CMD] OK (1.9s)
2026-08-25 16:27:24 [DEBUG] [task-rebind] [CMD] stdout: [{"DeviceID":"SWD\\PRINTENUM\\{D04F27B3-CB9C-426F-A1CA-1D81DB1D34C8}","DriverVersion":"10.0.19041.1","DriverDate":"20060621000000.******+***","DriverProviderName":"Microsoft","InfName":"printqueue.inf"},{"DeviceID":"SWD\\PRINTENUM\\{8B82CBFE-FB5C-450A-84E3-F7591FFBC6F1}","DriverVersion":"10.0.19041.1","DriverDate":"20060621000000.******+***","DriverProviderName":"Microsoft","InfName":"printqueue.inf"},{"DeviceID":"SWD\\PRINTENUM\\{C1C10521-AA32-4491-BE4D-F5E6E7927369}","DriverVersion":"10.0.19041.1","DriverDate":"20060621000000.******+***","DriverProviderName":"Microsoft","InfName":"printqueue.inf"},{"DeviceID":"SWD\\PRINTENUM\\{49305D13-835A-448E-BB53-6BFC07E5EB08}","DriverVersion":"10.0.19041.1","DriverDate":"20060621000000.******+***","DriverProviderName":"Microsoft","InfName":"printqueue.inf"},{"DeviceID":"SWD\\PRINTENUM\\{C4A8C922-C486-40BB-BC60-CC480DD22CC8}","DriverVersion":"10.0.19041.1","DriverDate":"20060621000000.******+***","DriverProviderName":"Microsoft","InfName":"printqueue.inf"},{"DeviceID":"SWD\\PRINTENUM\\{115C2850-D19A-4E5F-B8F4-3A74F0FFFD4F}","DriverVersion":"10.0.19041.1","DriverDate":"20060621000000.******+***","DriverProviderName":"Microsoft","InfName":"printqueue.inf"},{"DeviceID":"SWD\\PRINTENUM\\{A5856CD5-01F0-4301-AB7C-064B52928E14}","DriverVersion":"10.0.19041.1","DriverDate":"20060621000000.******+***","DriverProviderName":"Microsoft","InfName":"printqueue.inf"},{"DeviceID":"SWD\\PRINTENUM\\PRINTQUEUES","DriverVersion":"10.0.19041.1","DriverDate":"20060621000000.******+***","DriverProviderName":"Microsoft","InfName":"printqueue.inf"},{"DeviceID":"SWD\\MSRRAS\\MS_NDISWANBH","DriverVersion":"10.0.19041.1","DriverDate":"20060621000000.******+***","DriverProviderName":"Microsoft","InfName":"netrasa.inf"},{"DeviceID":"SWD\\MSRRAS\\MS_NDISWANIPV6","DriverVersion":"10.0.19041.1","DriverDate":"20060621000000.******+***","DriverProviderName":"Microsoft","InfName":"netrasa.inf"},{"DeviceID":"SWD\\MSRRAS\\MS_NDISWANIP","DriverVersion":"10.0.19041.1","DriverDate":"20060621000000.******+***","DriverProviderName":"Microsoft","InfName":"netrasa.inf"},{"DeviceID":"SWD\\MSRRAS\\MS_PPPOEMINIPORT","DriverVersion":"10.0.19041.1","DriverDate":"20060621000000.******+***","DriverProviderName":"Microsoft","InfName":"netrasa.inf"},{"DeviceID":"SWD\\MSRRAS\\MS_PPTPMINIPORT","DriverVersion":"10.0.19041.1","DriverDate":"20060621000000.******+***","DriverProviderName":"Microsoft","InfName":"netrasa.inf"},{"DeviceID":"SWD\\MSRRAS\\MS_L2TPMINIPORT","DriverVersion":"10.0.19041.1","DriverDate":"20060621000000.******+***","DriverProviderName":"Microsoft","InfName":"netrasa.inf"},{"DeviceID":"SWD\\MSRRAS\\MS_AGILEVPNMINIPORT","DriverVersion":"10.0.19041.1","DriverDate":"20060621000000.******+***","DriverProviderName":"Microsoft","InfName":"netavpna.inf"},{"DeviceID":"SWD\\MSRRAS\\MS_SSTPMINIPORT","DriverVersion":"10.0.19041.1","DriverDate":"20060621000000.******+***","DriverProviderName":"Microsoft","InfName":"netsstpa.inf"},{"DeviceID":"SWD\\MSRRAS\\{5E259276-BC7E-40E3-B93B-8F89B5F3ABC0}","DriverVersion":"10.0.19041.1","DriverDate":"20060621000000.******+***","DriverProviderName":"Microsoft","InfName":"c_swdevice.inf"},{"DeviceID":"SWD\\MMDEVAPI\\MICROSOFTGSWAVETABLESYNTH","DriverVersion":"10.0.19041.1","DriverDate":"20060621000000.******+***","DriverProviderName":"Microsoft","InfName":"c_swdevice.inf"},{"DeviceID":"SWD\\RADIO\\{DE38D9E2-5164-45E8-8E9F-6CE2E3AAF664}","DriverVersion":"10.0.19041.1","DriverDate":"20060621000000.******+***","DriverProviderName":"Microsoft","InfName":"c_swdevice.inf"},{"DeviceID":"SWD\\RADIO\\{9C87EA3A-9CA2-4060-B1F1-B8099D923722}","DriverVersion":"10.0.19041.1","DriverDate":"20060621000000.******+***","DriverProviderName":"Microsoft","InfName":"c_swdevice.inf"},{"DeviceID":"SWD\\RADIO\\BLUETOOTH_24EE9AF8AFEC","DriverVersion":"10.0.19041.1","DriverDate":"20060621000000.******+***","DriverProviderName":"Microsoft","InfName":"c_swdevice.inf"},{"DeviceID":"SWD\\RADIO\\{3DB5895D-CC28-44B3-AD3D-6F01A782B8D... [TRUNCATED]
2026-08-25 16:27:24 [INFO] [task-rebind] [CATALOG] Telepített driver-infó: 193 eszköz
2026-08-25 16:27:24 [DEBUG] [task-rebind] [CALL] DriverToolApi._get_installed_driver_info -> {'SWD\\PRINTENUM\\{D04F27B3-CB9C-426F-A1CA-1D81DB1D34C8}': {'version': '10.0.19041.1', 'date': '2006-06-21', 'provider': 'Microsoft', 'inf': 'printqueue.inf'}, 'SWD\\PRINTENUM\\{8B82CBFE-FB5C-450A-84E3-F7591FFBC6F1}': {'version': '10.0.19041.1', 'date': '2006-06-21', 'provider': 'Microsoft', 'inf': ...[+27318 kar.] (1.91s)
2026-08-25 16:27:24 [DEBUG] [task-rebind] [CALL] DriverToolApi._device_on_vendor_driver -> False (1.91s)
2026-08-25 16:27:24 [WARNING] [task-rebind] [REBIND] NEM SIKERÜLT (újraenumerálással): USB kompozit eszköz
2026-08-25 16:27:24 [DEBUG] [task-rebind] [CALL] DriverToolApi._rebind_device -> False (10.84s)
2026-08-25 16:27:24 [INFO] [task-rebind] [EMIT:task_progress] ❌ Nem sikerült - az eszköz a Windows alapdriverén marad.
2026-08-25 16:27:24 [INFO] [task-rebind] [EMIT:task_progress] (4/8) Microsoft Input Configuration Device
   most: mtconfig.inf (Microsoft) → gyári: synpd.inf
2026-08-25 16:27:24 [DEBUG] [task-rebind] [CALL] DriverToolApi._rebind_device('HID\\SYNHIDMINI&COL03\\1&B12C6D1&0&0002', 'C:\\Windows\\System32\\DriverStore\\FileRepository\\synpd.inf_amd64_61d873e750f15de4\\synpd.inf', 'Microsoft Input Configuration Device', 'HIDClass', 'rebind')
2026-08-25 16:27:24 [INFO] [task-rebind] [REBIND] 1. lépés - újratelepítés: Microsoft Input Configuration Device <- C:\Windows\System32\DriverStore\FileRepository\synpd.inf_amd64_61d873e750f15de4\synpd.inf
2026-08-25 16:27:24 [DEBUG] [task-rebind] [CMD] Futtatás: pnputil /add-driver C:\Windows\System32\DriverStore\FileRepository\synpd.inf_amd64_61d873e750f15de4\synpd.inf /install
2026-08-25 16:27:24 [DEBUG] [task-rebind] [CMD] OK - várt kód: 259 (0.6s)
2026-08-25 16:27:24 [DEBUG] [task-rebind] [CMD] stdout: Microsoft PnP Utility

Adding driver package:  SynPD.inf
Driver package added successfully. (Already exists in the system)
Published Name:         oem19.inf
Driver package is up-to-date on device: ACPI\LEN009B\4&27a0ea9d&0

Total driver packages:  1
Added driver packages:  0
2026-08-25 16:27:24 [DEBUG] [task-rebind] [CMD] Futtatás: pnputil /scan-devices
2026-08-25 16:27:26 [DEBUG] [task-rebind] [CMD] OK (1.5s)
2026-08-25 16:27:26 [DEBUG] [task-rebind] [CMD] stdout: Microsoft PnP Utility

Scanning for device hardware changes.
Scan complete.
2026-08-25 16:27:26 [DEBUG] [task-rebind] [CALL] DriverToolApi._device_on_vendor_driver('HID\\SYNHIDMINI&COL03\\1&B12C6D1&0&0002')
2026-08-25 16:27:26 [DEBUG] [task-rebind] [CALL] DriverToolApi._get_installed_driver_info()
2026-08-25 16:27:26 [DEBUG] [task-rebind] [CMD] Futtatás: powershell -NoProfile -Command [Console]::OutputEncoding = [System.Text.Encoding]::UTF8; Get-WmiObject Win32_PnPSignedDriver | Where-Object { $_.DeviceID -and $_.DriverVersion } | Select-Object DeviceID, DriverVersion, DriverDate, DriverProviderName, InfName | ConvertTo-Json -Compress
2026-08-25 16:27:27 [DEBUG] [task-rebind] [CMD] OK (1.4s)
2026-08-25 16:27:27 [DEBUG] [task-rebind] [CMD] stdout: [{"DeviceID":"SWD\\PRINTENUM\\{D04F27B3-CB9C-426F-A1CA-1D81DB1D34C8}","DriverVersion":"10.0.19041.1","DriverDate":"20060621000000.******+***","DriverProviderName":"Microsoft","InfName":"printqueue.inf"},{"DeviceID":"SWD\\PRINTENUM\\{8B82CBFE-FB5C-450A-84E3-F7591FFBC6F1}","DriverVersion":"10.0.19041.1","DriverDate":"20060621000000.******+***","DriverProviderName":"Microsoft","InfName":"printqueue.inf"},{"DeviceID":"SWD\\PRINTENUM\\{C1C10521-AA32-4491-BE4D-F5E6E7927369}","DriverVersion":"10.0.19041.1","DriverDate":"20060621000000.******+***","DriverProviderName":"Microsoft","InfName":"printqueue.inf"},{"DeviceID":"SWD\\PRINTENUM\\{49305D13-835A-448E-BB53-6BFC07E5EB08}","DriverVersion":"10.0.19041.1","DriverDate":"20060621000000.******+***","DriverProviderName":"Microsoft","InfName":"printqueue.inf"},{"DeviceID":"SWD\\PRINTENUM\\{C4A8C922-C486-40BB-BC60-CC480DD22CC8}","DriverVersion":"10.0.19041.1","DriverDate":"20060621000000.******+***","DriverProviderName":"Microsoft","InfName":"printqueue.inf"},{"DeviceID":"SWD\\PRINTENUM\\{115C2850-D19A-4E5F-B8F4-3A74F0FFFD4F}","DriverVersion":"10.0.19041.1","DriverDate":"20060621000000.******+***","DriverProviderName":"Microsoft","InfName":"printqueue.inf"},{"DeviceID":"SWD\\PRINTENUM\\{A5856CD5-01F0-4301-AB7C-064B52928E14}","DriverVersion":"10.0.19041.1","DriverDate":"20060621000000.******+***","DriverProviderName":"Microsoft","InfName":"printqueue.inf"},{"DeviceID":"SWD\\PRINTENUM\\PRINTQUEUES","DriverVersion":"10.0.19041.1","DriverDate":"20060621000000.******+***","DriverProviderName":"Microsoft","InfName":"printqueue.inf"},{"DeviceID":"SWD\\MSRRAS\\MS_NDISWANBH","DriverVersion":"10.0.19041.1","DriverDate":"20060621000000.******+***","DriverProviderName":"Microsoft","InfName":"netrasa.inf"},{"DeviceID":"SWD\\MSRRAS\\MS_NDISWANIPV6","DriverVersion":"10.0.19041.1","DriverDate":"20060621000000.******+***","DriverProviderName":"Microsoft","InfName":"netrasa.inf"},{"DeviceID":"SWD\\MSRRAS\\MS_NDISWANIP","DriverVersion":"10.0.19041.1","DriverDate":"20060621000000.******+***","DriverProviderName":"Microsoft","InfName":"netrasa.inf"},{"DeviceID":"SWD\\MSRRAS\\MS_PPPOEMINIPORT","DriverVersion":"10.0.19041.1","DriverDate":"20060621000000.******+***","DriverProviderName":"Microsoft","InfName":"netrasa.inf"},{"DeviceID":"SWD\\MSRRAS\\MS_PPTPMINIPORT","DriverVersion":"10.0.19041.1","DriverDate":"20060621000000.******+***","DriverProviderName":"Microsoft","InfName":"netrasa.inf"},{"DeviceID":"SWD\\MSRRAS\\MS_L2TPMINIPORT","DriverVersion":"10.0.19041.1","DriverDate":"20060621000000.******+***","DriverProviderName":"Microsoft","InfName":"netrasa.inf"},{"DeviceID":"SWD\\MSRRAS\\MS_AGILEVPNMINIPORT","DriverVersion":"10.0.19041.1","DriverDate":"20060621000000.******+***","DriverProviderName":"Microsoft","InfName":"netavpna.inf"},{"DeviceID":"SWD\\MSRRAS\\MS_SSTPMINIPORT","DriverVersion":"10.0.19041.1","DriverDate":"20060621000000.******+***","DriverProviderName":"Microsoft","InfName":"netsstpa.inf"},{"DeviceID":"SWD\\MSRRAS\\{5E259276-BC7E-40E3-B93B-8F89B5F3ABC0}","DriverVersion":"10.0.19041.1","DriverDate":"20060621000000.******+***","DriverProviderName":"Microsoft","InfName":"c_swdevice.inf"},{"DeviceID":"SWD\\MMDEVAPI\\MICROSOFTGSWAVETABLESYNTH","DriverVersion":"10.0.19041.1","DriverDate":"20060621000000.******+***","DriverProviderName":"Microsoft","InfName":"c_swdevice.inf"},{"DeviceID":"SWD\\RADIO\\{DE38D9E2-5164-45E8-8E9F-6CE2E3AAF664}","DriverVersion":"10.0.19041.1","DriverDate":"20060621000000.******+***","DriverProviderName":"Microsoft","InfName":"c_swdevice.inf"},{"DeviceID":"SWD\\RADIO\\{9C87EA3A-9CA2-4060-B1F1-B8099D923722}","DriverVersion":"10.0.19041.1","DriverDate":"20060621000000.******+***","DriverProviderName":"Microsoft","InfName":"c_swdevice.inf"},{"DeviceID":"SWD\\RADIO\\BLUETOOTH_24EE9AF8AFEC","DriverVersion":"10.0.19041.1","DriverDate":"20060621000000.******+***","DriverProviderName":"Microsoft","InfName":"c_swdevice.inf"},{"DeviceID":"SWD\\RADIO\\{3DB5895D-CC28-44B3-AD3D-6F01A782B8D... [TRUNCATED]
2026-08-25 16:27:27 [INFO] [task-rebind] [CATALOG] Telepített driver-infó: 193 eszköz
2026-08-25 16:27:27 [DEBUG] [task-rebind] [CALL] DriverToolApi._get_installed_driver_info -> {'SWD\\PRINTENUM\\{D04F27B3-CB9C-426F-A1CA-1D81DB1D34C8}': {'version': '10.0.19041.1', 'date': '2006-06-21', 'provider': 'Microsoft', 'inf': 'printqueue.inf'}, 'SWD\\PRINTENUM\\{8B82CBFE-FB5C-450A-84E3-F7591FFBC6F1}': {'version': '10.0.19041.1', 'date': '2006-06-21', 'provider': 'Microsoft', 'inf': ...[+27318 kar.] (1.41s)
2026-08-25 16:27:27 [DEBUG] [task-rebind] [CALL] DriverToolApi._device_on_vendor_driver -> False (1.41s)
2026-08-25 16:27:27 [WARNING] [task-rebind] [REBIND] 2. lépés - eszköz újraenumerálása: Microsoft Input Configuration Device [HID\SYNHIDMINI&COL03\1&B12C6D1&0&0002]
2026-08-25 16:27:27 [INFO] [task-rebind] [EMIT:task_progress] 🔄 Microsoft Input Configuration Device: újraenumerálás (mintha ki-be dugnánk)...
2026-08-25 16:27:27 [DEBUG] [task-rebind] [CMD] Futtatás: pnputil /remove-device HID\SYNHIDMINI&COL03\1&B12C6D1&0&0002
2026-08-25 16:27:27 [DEBUG] [task-rebind] [CMD] OK (0.1s)
2026-08-25 16:27:27 [DEBUG] [task-rebind] [CMD] stdout: Microsoft PnP Utility

Removing device:          HID\SYNHIDMINI&COL03\1&B12C6D1&0&0002
Device removed successfully.
2026-08-25 16:27:27 [DEBUG] [task-rebind] [CMD] Futtatás: pnputil /scan-devices
2026-08-25 16:27:28 [DEBUG] [task-rebind] [CMD] OK (0.4s)
2026-08-25 16:27:28 [DEBUG] [task-rebind] [CMD] stdout: Microsoft PnP Utility

Scanning for device hardware changes.
Scan complete.
2026-08-25 16:27:33 [DEBUG] [task-rebind] [CALL] DriverToolApi._device_on_vendor_driver('HID\\SYNHIDMINI&COL03\\1&B12C6D1&0&0002')
2026-08-25 16:27:33 [DEBUG] [task-rebind] [CALL] DriverToolApi._get_installed_driver_info()
2026-08-25 16:27:33 [DEBUG] [task-rebind] [CMD] Futtatás: powershell -NoProfile -Command [Console]::OutputEncoding = [System.Text.Encoding]::UTF8; Get-WmiObject Win32_PnPSignedDriver | Where-Object { $_.DeviceID -and $_.DriverVersion } | Select-Object DeviceID, DriverVersion, DriverDate, DriverProviderName, InfName | ConvertTo-Json -Compress
2026-08-25 16:27:34 [DEBUG] [task-rebind] [CMD] OK (1.9s)
2026-08-25 16:27:34 [DEBUG] [task-rebind] [CMD] stdout: [{"DeviceID":"SWD\\PRINTENUM\\{D04F27B3-CB9C-426F-A1CA-1D81DB1D34C8}","DriverVersion":"10.0.19041.1","DriverDate":"20060621000000.******+***","DriverProviderName":"Microsoft","InfName":"printqueue.inf"},{"DeviceID":"SWD\\PRINTENUM\\{8B82CBFE-FB5C-450A-84E3-F7591FFBC6F1}","DriverVersion":"10.0.19041.1","DriverDate":"20060621000000.******+***","DriverProviderName":"Microsoft","InfName":"printqueue.inf"},{"DeviceID":"SWD\\PRINTENUM\\{C1C10521-AA32-4491-BE4D-F5E6E7927369}","DriverVersion":"10.0.19041.1","DriverDate":"20060621000000.******+***","DriverProviderName":"Microsoft","InfName":"printqueue.inf"},{"DeviceID":"SWD\\PRINTENUM\\{49305D13-835A-448E-BB53-6BFC07E5EB08}","DriverVersion":"10.0.19041.1","DriverDate":"20060621000000.******+***","DriverProviderName":"Microsoft","InfName":"printqueue.inf"},{"DeviceID":"SWD\\PRINTENUM\\{C4A8C922-C486-40BB-BC60-CC480DD22CC8}","DriverVersion":"10.0.19041.1","DriverDate":"20060621000000.******+***","DriverProviderName":"Microsoft","InfName":"printqueue.inf"},{"DeviceID":"SWD\\PRINTENUM\\{115C2850-D19A-4E5F-B8F4-3A74F0FFFD4F}","DriverVersion":"10.0.19041.1","DriverDate":"20060621000000.******+***","DriverProviderName":"Microsoft","InfName":"printqueue.inf"},{"DeviceID":"SWD\\PRINTENUM\\{A5856CD5-01F0-4301-AB7C-064B52928E14}","DriverVersion":"10.0.19041.1","DriverDate":"20060621000000.******+***","DriverProviderName":"Microsoft","InfName":"printqueue.inf"},{"DeviceID":"SWD\\PRINTENUM\\PRINTQUEUES","DriverVersion":"10.0.19041.1","DriverDate":"20060621000000.******+***","DriverProviderName":"Microsoft","InfName":"printqueue.inf"},{"DeviceID":"SWD\\MSRRAS\\MS_NDISWANBH","DriverVersion":"10.0.19041.1","DriverDate":"20060621000000.******+***","DriverProviderName":"Microsoft","InfName":"netrasa.inf"},{"DeviceID":"SWD\\MSRRAS\\MS_NDISWANIPV6","DriverVersion":"10.0.19041.1","DriverDate":"20060621000000.******+***","DriverProviderName":"Microsoft","InfName":"netrasa.inf"},{"DeviceID":"SWD\\MSRRAS\\MS_NDISWANIP","DriverVersion":"10.0.19041.1","DriverDate":"20060621000000.******+***","DriverProviderName":"Microsoft","InfName":"netrasa.inf"},{"DeviceID":"SWD\\MSRRAS\\MS_PPPOEMINIPORT","DriverVersion":"10.0.19041.1","DriverDate":"20060621000000.******+***","DriverProviderName":"Microsoft","InfName":"netrasa.inf"},{"DeviceID":"SWD\\MSRRAS\\MS_PPTPMINIPORT","DriverVersion":"10.0.19041.1","DriverDate":"20060621000000.******+***","DriverProviderName":"Microsoft","InfName":"netrasa.inf"},{"DeviceID":"SWD\\MSRRAS\\MS_L2TPMINIPORT","DriverVersion":"10.0.19041.1","DriverDate":"20060621000000.******+***","DriverProviderName":"Microsoft","InfName":"netrasa.inf"},{"DeviceID":"SWD\\MSRRAS\\MS_AGILEVPNMINIPORT","DriverVersion":"10.0.19041.1","DriverDate":"20060621000000.******+***","DriverProviderName":"Microsoft","InfName":"netavpna.inf"},{"DeviceID":"SWD\\MSRRAS\\MS_SSTPMINIPORT","DriverVersion":"10.0.19041.1","DriverDate":"20060621000000.******+***","DriverProviderName":"Microsoft","InfName":"netsstpa.inf"},{"DeviceID":"SWD\\MSRRAS\\{5E259276-BC7E-40E3-B93B-8F89B5F3ABC0}","DriverVersion":"10.0.19041.1","DriverDate":"20060621000000.******+***","DriverProviderName":"Microsoft","InfName":"c_swdevice.inf"},{"DeviceID":"SWD\\MMDEVAPI\\MICROSOFTGSWAVETABLESYNTH","DriverVersion":"10.0.19041.1","DriverDate":"20060621000000.******+***","DriverProviderName":"Microsoft","InfName":"c_swdevice.inf"},{"DeviceID":"SWD\\RADIO\\{DE38D9E2-5164-45E8-8E9F-6CE2E3AAF664}","DriverVersion":"10.0.19041.1","DriverDate":"20060621000000.******+***","DriverProviderName":"Microsoft","InfName":"c_swdevice.inf"},{"DeviceID":"SWD\\RADIO\\{9C87EA3A-9CA2-4060-B1F1-B8099D923722}","DriverVersion":"10.0.19041.1","DriverDate":"20060621000000.******+***","DriverProviderName":"Microsoft","InfName":"c_swdevice.inf"},{"DeviceID":"SWD\\RADIO\\BLUETOOTH_24EE9AF8AFEC","DriverVersion":"10.0.19041.1","DriverDate":"20060621000000.******+***","DriverProviderName":"Microsoft","InfName":"c_swdevice.inf"},{"DeviceID":"SWD\\RADIO\\{3DB5895D-CC28-44B3-AD3D-6F01A782B8D... [TRUNCATED]
2026-08-25 16:27:34 [INFO] [task-rebind] [CATALOG] Telepített driver-infó: 193 eszköz
2026-08-25 16:27:34 [DEBUG] [task-rebind] [CALL] DriverToolApi._get_installed_driver_info -> {'SWD\\PRINTENUM\\{D04F27B3-CB9C-426F-A1CA-1D81DB1D34C8}': {'version': '10.0.19041.1', 'date': '2006-06-21', 'provider': 'Microsoft', 'inf': 'printqueue.inf'}, 'SWD\\PRINTENUM\\{8B82CBFE-FB5C-450A-84E3-F7591FFBC6F1}': {'version': '10.0.19041.1', 'date': '2006-06-21', 'provider': 'Microsoft', 'inf': ...[+27318 kar.] (1.88s)
2026-08-25 16:27:34 [DEBUG] [task-rebind] [CALL] DriverToolApi._device_on_vendor_driver -> False (1.89s)
2026-08-25 16:27:34 [WARNING] [task-rebind] [REBIND] NEM SIKERÜLT (újraenumerálással): Microsoft Input Configuration Device
2026-08-25 16:27:34 [DEBUG] [task-rebind] [CALL] DriverToolApi._rebind_device -> False (10.94s)
2026-08-25 16:27:34 [INFO] [task-rebind] [EMIT:task_progress] ❌ Nem sikerült - az eszköz a Windows alapdriverén marad.
2026-08-25 16:27:34 [INFO] [task-rebind] [EMIT:task_progress] (5/8) HID-szabványos érintőpárna
   most: input.inf (Microsoft) → gyári: synpd.inf
2026-08-25 16:27:34 [DEBUG] [task-rebind] [CALL] DriverToolApi._rebind_device('HID\\SYNHIDMINI&COL02\\1&213A2F8E&0&0001', 'C:\\Windows\\System32\\DriverStore\\FileRepository\\synpd.inf_amd64_61d873e750f15de4\\synpd.inf', 'HID-szabványos érintőpárna', 'HIDClass', 'rebind')
2026-08-25 16:27:34 [INFO] [task-rebind] [REBIND] 1. lépés - újratelepítés: HID-szabványos érintőpárna <- C:\Windows\System32\DriverStore\FileRepository\synpd.inf_amd64_61d873e750f15de4\synpd.inf
2026-08-25 16:27:34 [DEBUG] [task-rebind] [CMD] Futtatás: pnputil /add-driver C:\Windows\System32\DriverStore\FileRepository\synpd.inf_amd64_61d873e750f15de4\synpd.inf /install
2026-08-25 16:27:35 [DEBUG] [task-rebind] [CMD] OK - várt kód: 259 (0.6s)
2026-08-25 16:27:35 [DEBUG] [task-rebind] [CMD] stdout: Microsoft PnP Utility

Adding driver package:  SynPD.inf
Driver package added successfully. (Already exists in the system)
Published Name:         oem19.inf
Driver package is up-to-date on device: ACPI\LEN009B\4&27a0ea9d&0

Total driver packages:  1
Added driver packages:  0
2026-08-25 16:27:35 [DEBUG] [task-rebind] [CMD] Futtatás: pnputil /scan-devices
2026-08-25 16:27:37 [DEBUG] [task-rebind] [CMD] OK (1.6s)
2026-08-25 16:27:37 [DEBUG] [task-rebind] [CMD] stdout: Microsoft PnP Utility

Scanning for device hardware changes.
Scan complete.
2026-08-25 16:27:37 [DEBUG] [task-rebind] [CALL] DriverToolApi._device_on_vendor_driver('HID\\SYNHIDMINI&COL02\\1&213A2F8E&0&0001')
2026-08-25 16:27:37 [DEBUG] [task-rebind] [CALL] DriverToolApi._get_installed_driver_info()
2026-08-25 16:27:37 [DEBUG] [task-rebind] [CMD] Futtatás: powershell -NoProfile -Command [Console]::OutputEncoding = [System.Text.Encoding]::UTF8; Get-WmiObject Win32_PnPSignedDriver | Where-Object { $_.DeviceID -and $_.DriverVersion } | Select-Object DeviceID, DriverVersion, DriverDate, DriverProviderName, InfName | ConvertTo-Json -Compress
2026-08-25 16:27:38 [DEBUG] [task-rebind] [CMD] OK (1.4s)
2026-08-25 16:27:38 [DEBUG] [task-rebind] [CMD] stdout: [{"DeviceID":"SWD\\PRINTENUM\\{D04F27B3-CB9C-426F-A1CA-1D81DB1D34C8}","DriverVersion":"10.0.19041.1","DriverDate":"20060621000000.******+***","DriverProviderName":"Microsoft","InfName":"printqueue.inf"},{"DeviceID":"SWD\\PRINTENUM\\{8B82CBFE-FB5C-450A-84E3-F7591FFBC6F1}","DriverVersion":"10.0.19041.1","DriverDate":"20060621000000.******+***","DriverProviderName":"Microsoft","InfName":"printqueue.inf"},{"DeviceID":"SWD\\PRINTENUM\\{C1C10521-AA32-4491-BE4D-F5E6E7927369}","DriverVersion":"10.0.19041.1","DriverDate":"20060621000000.******+***","DriverProviderName":"Microsoft","InfName":"printqueue.inf"},{"DeviceID":"SWD\\PRINTENUM\\{49305D13-835A-448E-BB53-6BFC07E5EB08}","DriverVersion":"10.0.19041.1","DriverDate":"20060621000000.******+***","DriverProviderName":"Microsoft","InfName":"printqueue.inf"},{"DeviceID":"SWD\\PRINTENUM\\{C4A8C922-C486-40BB-BC60-CC480DD22CC8}","DriverVersion":"10.0.19041.1","DriverDate":"20060621000000.******+***","DriverProviderName":"Microsoft","InfName":"printqueue.inf"},{"DeviceID":"SWD\\PRINTENUM\\{115C2850-D19A-4E5F-B8F4-3A74F0FFFD4F}","DriverVersion":"10.0.19041.1","DriverDate":"20060621000000.******+***","DriverProviderName":"Microsoft","InfName":"printqueue.inf"},{"DeviceID":"SWD\\PRINTENUM\\{A5856CD5-01F0-4301-AB7C-064B52928E14}","DriverVersion":"10.0.19041.1","DriverDate":"20060621000000.******+***","DriverProviderName":"Microsoft","InfName":"printqueue.inf"},{"DeviceID":"SWD\\PRINTENUM\\PRINTQUEUES","DriverVersion":"10.0.19041.1","DriverDate":"20060621000000.******+***","DriverProviderName":"Microsoft","InfName":"printqueue.inf"},{"DeviceID":"SWD\\MSRRAS\\MS_NDISWANBH","DriverVersion":"10.0.19041.1","DriverDate":"20060621000000.******+***","DriverProviderName":"Microsoft","InfName":"netrasa.inf"},{"DeviceID":"SWD\\MSRRAS\\MS_NDISWANIPV6","DriverVersion":"10.0.19041.1","DriverDate":"20060621000000.******+***","DriverProviderName":"Microsoft","InfName":"netrasa.inf"},{"DeviceID":"SWD\\MSRRAS\\MS_NDISWANIP","DriverVersion":"10.0.19041.1","DriverDate":"20060621000000.******+***","DriverProviderName":"Microsoft","InfName":"netrasa.inf"},{"DeviceID":"SWD\\MSRRAS\\MS_PPPOEMINIPORT","DriverVersion":"10.0.19041.1","DriverDate":"20060621000000.******+***","DriverProviderName":"Microsoft","InfName":"netrasa.inf"},{"DeviceID":"SWD\\MSRRAS\\MS_PPTPMINIPORT","DriverVersion":"10.0.19041.1","DriverDate":"20060621000000.******+***","DriverProviderName":"Microsoft","InfName":"netrasa.inf"},{"DeviceID":"SWD\\MSRRAS\\MS_L2TPMINIPORT","DriverVersion":"10.0.19041.1","DriverDate":"20060621000000.******+***","DriverProviderName":"Microsoft","InfName":"netrasa.inf"},{"DeviceID":"SWD\\MSRRAS\\MS_AGILEVPNMINIPORT","DriverVersion":"10.0.19041.1","DriverDate":"20060621000000.******+***","DriverProviderName":"Microsoft","InfName":"netavpna.inf"},{"DeviceID":"SWD\\MSRRAS\\MS_SSTPMINIPORT","DriverVersion":"10.0.19041.1","DriverDate":"20060621000000.******+***","DriverProviderName":"Microsoft","InfName":"netsstpa.inf"},{"DeviceID":"SWD\\MSRRAS\\{5E259276-BC7E-40E3-B93B-8F89B5F3ABC0}","DriverVersion":"10.0.19041.1","DriverDate":"20060621000000.******+***","DriverProviderName":"Microsoft","InfName":"c_swdevice.inf"},{"DeviceID":"SWD\\MMDEVAPI\\MICROSOFTGSWAVETABLESYNTH","DriverVersion":"10.0.19041.1","DriverDate":"20060621000000.******+***","DriverProviderName":"Microsoft","InfName":"c_swdevice.inf"},{"DeviceID":"SWD\\RADIO\\{DE38D9E2-5164-45E8-8E9F-6CE2E3AAF664}","DriverVersion":"10.0.19041.1","DriverDate":"20060621000000.******+***","DriverProviderName":"Microsoft","InfName":"c_swdevice.inf"},{"DeviceID":"SWD\\RADIO\\{9C87EA3A-9CA2-4060-B1F1-B8099D923722}","DriverVersion":"10.0.19041.1","DriverDate":"20060621000000.******+***","DriverProviderName":"Microsoft","InfName":"c_swdevice.inf"},{"DeviceID":"SWD\\RADIO\\BLUETOOTH_24EE9AF8AFEC","DriverVersion":"10.0.19041.1","DriverDate":"20060621000000.******+***","DriverProviderName":"Microsoft","InfName":"c_swdevice.inf"},{"DeviceID":"SWD\\RADIO\\{3DB5895D-CC28-44B3-AD3D-6F01A782B8D... [TRUNCATED]
2026-08-25 16:27:38 [INFO] [task-rebind] [CATALOG] Telepített driver-infó: 193 eszköz
2026-08-25 16:27:38 [DEBUG] [task-rebind] [CALL] DriverToolApi._get_installed_driver_info -> {'SWD\\PRINTENUM\\{D04F27B3-CB9C-426F-A1CA-1D81DB1D34C8}': {'version': '10.0.19041.1', 'date': '2006-06-21', 'provider': 'Microsoft', 'inf': 'printqueue.inf'}, 'SWD\\PRINTENUM\\{8B82CBFE-FB5C-450A-84E3-F7591FFBC6F1}': {'version': '10.0.19041.1', 'date': '2006-06-21', 'provider': 'Microsoft', 'inf': ...[+27318 kar.] (1.39s)
2026-08-25 16:27:38 [DEBUG] [task-rebind] [CALL] DriverToolApi._device_on_vendor_driver -> False (1.39s)
2026-08-25 16:27:38 [WARNING] [task-rebind] [REBIND] 2. lépés - eszköz újraenumerálása: HID-szabványos érintőpárna [HID\SYNHIDMINI&COL02\1&213A2F8E&0&0001]
2026-08-25 16:27:38 [INFO] [task-rebind] [EMIT:task_progress] 🔄 HID-szabványos érintőpárna: újraenumerálás (mintha ki-be dugnánk)...
2026-08-25 16:27:38 [DEBUG] [task-rebind] [CMD] Futtatás: pnputil /remove-device HID\SYNHIDMINI&COL02\1&213A2F8E&0&0001
2026-08-25 16:27:38 [DEBUG] [task-rebind] [CMD] OK (0.0s)
2026-08-25 16:27:38 [DEBUG] [task-rebind] [CMD] stdout: Microsoft PnP Utility

Removing device:          HID\SYNHIDMINI&COL02\1&213A2F8E&0&0001
Device removed successfully.
2026-08-25 16:27:38 [DEBUG] [task-rebind] [CMD] Futtatás: pnputil /scan-devices
2026-08-25 16:27:39 [DEBUG] [task-rebind] [CMD] OK (0.5s)
2026-08-25 16:27:39 [DEBUG] [task-rebind] [CMD] stdout: Microsoft PnP Utility

Scanning for device hardware changes.
Scan complete.
2026-08-25 16:27:44 [DEBUG] [task-rebind] [CALL] DriverToolApi._device_on_vendor_driver('HID\\SYNHIDMINI&COL02\\1&213A2F8E&0&0001')
2026-08-25 16:27:44 [DEBUG] [task-rebind] [CALL] DriverToolApi._get_installed_driver_info()
2026-08-25 16:27:44 [DEBUG] [task-rebind] [CMD] Futtatás: powershell -NoProfile -Command [Console]::OutputEncoding = [System.Text.Encoding]::UTF8; Get-WmiObject Win32_PnPSignedDriver | Where-Object { $_.DeviceID -and $_.DriverVersion } | Select-Object DeviceID, DriverVersion, DriverDate, DriverProviderName, InfName | ConvertTo-Json -Compress
2026-08-25 16:27:45 [DEBUG] [task-rebind] [CMD] OK (1.9s)
2026-08-25 16:27:45 [DEBUG] [task-rebind] [CMD] stdout: [{"DeviceID":"SWD\\PRINTENUM\\{D04F27B3-CB9C-426F-A1CA-1D81DB1D34C8}","DriverVersion":"10.0.19041.1","DriverDate":"20060621000000.******+***","DriverProviderName":"Microsoft","InfName":"printqueue.inf"},{"DeviceID":"SWD\\PRINTENUM\\{8B82CBFE-FB5C-450A-84E3-F7591FFBC6F1}","DriverVersion":"10.0.19041.1","DriverDate":"20060621000000.******+***","DriverProviderName":"Microsoft","InfName":"printqueue.inf"},{"DeviceID":"SWD\\PRINTENUM\\{C1C10521-AA32-4491-BE4D-F5E6E7927369}","DriverVersion":"10.0.19041.1","DriverDate":"20060621000000.******+***","DriverProviderName":"Microsoft","InfName":"printqueue.inf"},{"DeviceID":"SWD\\PRINTENUM\\{49305D13-835A-448E-BB53-6BFC07E5EB08}","DriverVersion":"10.0.19041.1","DriverDate":"20060621000000.******+***","DriverProviderName":"Microsoft","InfName":"printqueue.inf"},{"DeviceID":"SWD\\PRINTENUM\\{C4A8C922-C486-40BB-BC60-CC480DD22CC8}","DriverVersion":"10.0.19041.1","DriverDate":"20060621000000.******+***","DriverProviderName":"Microsoft","InfName":"printqueue.inf"},{"DeviceID":"SWD\\PRINTENUM\\{115C2850-D19A-4E5F-B8F4-3A74F0FFFD4F}","DriverVersion":"10.0.19041.1","DriverDate":"20060621000000.******+***","DriverProviderName":"Microsoft","InfName":"printqueue.inf"},{"DeviceID":"SWD\\PRINTENUM\\{A5856CD5-01F0-4301-AB7C-064B52928E14}","DriverVersion":"10.0.19041.1","DriverDate":"20060621000000.******+***","DriverProviderName":"Microsoft","InfName":"printqueue.inf"},{"DeviceID":"SWD\\PRINTENUM\\PRINTQUEUES","DriverVersion":"10.0.19041.1","DriverDate":"20060621000000.******+***","DriverProviderName":"Microsoft","InfName":"printqueue.inf"},{"DeviceID":"SWD\\MSRRAS\\MS_NDISWANBH","DriverVersion":"10.0.19041.1","DriverDate":"20060621000000.******+***","DriverProviderName":"Microsoft","InfName":"netrasa.inf"},{"DeviceID":"SWD\\MSRRAS\\MS_NDISWANIPV6","DriverVersion":"10.0.19041.1","DriverDate":"20060621000000.******+***","DriverProviderName":"Microsoft","InfName":"netrasa.inf"},{"DeviceID":"SWD\\MSRRAS\\MS_NDISWANIP","DriverVersion":"10.0.19041.1","DriverDate":"20060621000000.******+***","DriverProviderName":"Microsoft","InfName":"netrasa.inf"},{"DeviceID":"SWD\\MSRRAS\\MS_PPPOEMINIPORT","DriverVersion":"10.0.19041.1","DriverDate":"20060621000000.******+***","DriverProviderName":"Microsoft","InfName":"netrasa.inf"},{"DeviceID":"SWD\\MSRRAS\\MS_PPTPMINIPORT","DriverVersion":"10.0.19041.1","DriverDate":"20060621000000.******+***","DriverProviderName":"Microsoft","InfName":"netrasa.inf"},{"DeviceID":"SWD\\MSRRAS\\MS_L2TPMINIPORT","DriverVersion":"10.0.19041.1","DriverDate":"20060621000000.******+***","DriverProviderName":"Microsoft","InfName":"netrasa.inf"},{"DeviceID":"SWD\\MSRRAS\\MS_AGILEVPNMINIPORT","DriverVersion":"10.0.19041.1","DriverDate":"20060621000000.******+***","DriverProviderName":"Microsoft","InfName":"netavpna.inf"},{"DeviceID":"SWD\\MSRRAS\\MS_SSTPMINIPORT","DriverVersion":"10.0.19041.1","DriverDate":"20060621000000.******+***","DriverProviderName":"Microsoft","InfName":"netsstpa.inf"},{"DeviceID":"SWD\\MSRRAS\\{5E259276-BC7E-40E3-B93B-8F89B5F3ABC0}","DriverVersion":"10.0.19041.1","DriverDate":"20060621000000.******+***","DriverProviderName":"Microsoft","InfName":"c_swdevice.inf"},{"DeviceID":"SWD\\MMDEVAPI\\MICROSOFTGSWAVETABLESYNTH","DriverVersion":"10.0.19041.1","DriverDate":"20060621000000.******+***","DriverProviderName":"Microsoft","InfName":"c_swdevice.inf"},{"DeviceID":"SWD\\RADIO\\{DE38D9E2-5164-45E8-8E9F-6CE2E3AAF664}","DriverVersion":"10.0.19041.1","DriverDate":"20060621000000.******+***","DriverProviderName":"Microsoft","InfName":"c_swdevice.inf"},{"DeviceID":"SWD\\RADIO\\{9C87EA3A-9CA2-4060-B1F1-B8099D923722}","DriverVersion":"10.0.19041.1","DriverDate":"20060621000000.******+***","DriverProviderName":"Microsoft","InfName":"c_swdevice.inf"},{"DeviceID":"SWD\\RADIO\\BLUETOOTH_24EE9AF8AFEC","DriverVersion":"10.0.19041.1","DriverDate":"20060621000000.******+***","DriverProviderName":"Microsoft","InfName":"c_swdevice.inf"},{"DeviceID":"SWD\\RADIO\\{3DB5895D-CC28-44B3-AD3D-6F01A782B8D... [TRUNCATED]
2026-08-25 16:27:45 [INFO] [task-rebind] [CATALOG] Telepített driver-infó: 193 eszköz
2026-08-25 16:27:45 [DEBUG] [task-rebind] [CALL] DriverToolApi._get_installed_driver_info -> {'SWD\\PRINTENUM\\{D04F27B3-CB9C-426F-A1CA-1D81DB1D34C8}': {'version': '10.0.19041.1', 'date': '2006-06-21', 'provider': 'Microsoft', 'inf': 'printqueue.inf'}, 'SWD\\PRINTENUM\\{8B82CBFE-FB5C-450A-84E3-F7591FFBC6F1}': {'version': '10.0.19041.1', 'date': '2006-06-21', 'provider': 'Microsoft', 'inf': ...[+27318 kar.] (1.91s)
2026-08-25 16:27:45 [DEBUG] [task-rebind] [CALL] DriverToolApi._device_on_vendor_driver -> False (1.91s)
2026-08-25 16:27:45 [WARNING] [task-rebind] [REBIND] NEM SIKERÜLT (újraenumerálással): HID-szabványos érintőpárna
2026-08-25 16:27:45 [DEBUG] [task-rebind] [CALL] DriverToolApi._rebind_device -> False (10.97s)
2026-08-25 16:27:45 [INFO] [task-rebind] [EMIT:task_progress] ❌ Nem sikerült - az eszköz a Windows alapdriverén marad.
2026-08-25 16:27:45 [INFO] [task-rebind] [EMIT:task_progress] (6/8) High Definition Audio hangvezérlő
   most: hdaudbus.inf (Microsoft) → gyári: hdbusext.inf
2026-08-25 16:27:45 [DEBUG] [task-rebind] [CALL] DriverToolApi._rebind_device('PCI\\VEN_8086&DEV_9D71&SUBSYS_225A17AA&REV_21\\3&11583659&0&FB', 'C:\\Windows\\System32\\DriverStore\\FileRepository\\hdbusext.inf_amd64_971ad2134ef0d908\\hdbusext.inf', 'High Definition Audio hangvezérlő', 'System', 'rebind')
2026-08-25 16:27:45 [INFO] [task-rebind] [REBIND] 1. lépés - újratelepítés: High Definition Audio hangvezérlő <- C:\Windows\System32\DriverStore\FileRepository\hdbusext.inf_amd64_971ad2134ef0d908\hdbusext.inf
2026-08-25 16:27:45 [DEBUG] [task-rebind] [CMD] Futtatás: pnputil /add-driver C:\Windows\System32\DriverStore\FileRepository\hdbusext.inf_amd64_971ad2134ef0d908\hdbusext.inf /install
2026-08-25 16:27:46 [DEBUG] [task-rebind] [CMD] OK (0.1s)
2026-08-25 16:27:46 [DEBUG] [task-rebind] [CMD] stdout: Microsoft PnP Utility

Adding driver package:  hdbusext.inf
Driver package added successfully. (Already exists in the system)
Published Name:         oem34.inf
Driver package installed on device: PCI\VEN_8086&DEV_9D71&SUBSYS_07A71028&REV_21\3&11583659&0&FB
Driver package installed on device: PCI\VEN_8086&DEV_9D71&SUBSYS_07A61028&REV_21\3&11583659&0&FB
Driver package installed on device: PCI\VEN_8086&DEV_9D71&SUBSYS_07941028&REV_21\3&11583659&0&FB
Driver package installed on device: PCI\VEN_8086&DEV_9D71&SUBSYS_082A1028&REV_21\3&11583659&0&FB
Driver package is up-to-date on device: PCI\VEN_8086&DEV_9D71&SUBSYS_225A17AA&REV_21\3&11583659&0&FB
Driver package installed on device: PCI\VEN_8086&DEV_9D71&SUBSYS_08161028&REV_21\3&11583659&0&FB
Driver package installed on device: PCI\VEN_8086&DEV_9DC8&SUBSYS_08E11028&REV_30\3&11583659&0&FB
Driver package installed on device: PCI\VEN_8086&DEV_9DC8&SUBSYS_507217AA&REV_30\3&11583659&0&FB
Driver package installed on device: PCI\VEN_8086&DEV_A2F0&SUBSYS_9B491462&REV_00\3&11583659&0&FB
Driver package installed on device: PCI\VEN_8086&DEV_9DC8&SUBSYS_08B81028&REV_30\3&11583659&0&FB
Driver package installed on device: PCI\VEN_8086&DEV_A171&SUBSYS_07D01028&REV_31\3&11583659&0&FB

Total driver packages:  1
Added driver packages:  1
2026-08-25 16:27:46 [DEBUG] [task-rebind] [CMD] Futtatás: pnputil /scan-devices
2026-08-25 16:27:47 [DEBUG] [task-rebind] [CMD] OK (1.6s)
2026-08-25 16:27:47 [DEBUG] [task-rebind] [CMD] stdout: Microsoft PnP Utility

Scanning for device hardware changes.
Scan complete.
2026-08-25 16:27:47 [DEBUG] [task-rebind] [CALL] DriverToolApi._device_on_vendor_driver('PCI\\VEN_8086&DEV_9D71&SUBSYS_225A17AA&REV_21\\3&11583659&0&FB')
2026-08-25 16:27:47 [DEBUG] [task-rebind] [CALL] DriverToolApi._get_installed_driver_info()
2026-08-25 16:27:47 [DEBUG] [task-rebind] [CMD] Futtatás: powershell -NoProfile -Command [Console]::OutputEncoding = [System.Text.Encoding]::UTF8; Get-WmiObject Win32_PnPSignedDriver | Where-Object { $_.DeviceID -and $_.DriverVersion } | Select-Object DeviceID, DriverVersion, DriverDate, DriverProviderName, InfName | ConvertTo-Json -Compress
2026-08-25 16:27:49 [DEBUG] [task-rebind] [CMD] OK (1.4s)
2026-08-25 16:27:49 [DEBUG] [task-rebind] [CMD] stdout: [{"DeviceID":"SWD\\PRINTENUM\\{D04F27B3-CB9C-426F-A1CA-1D81DB1D34C8}","DriverVersion":"10.0.19041.1","DriverDate":"20060621000000.******+***","DriverProviderName":"Microsoft","InfName":"printqueue.inf"},{"DeviceID":"SWD\\PRINTENUM\\{8B82CBFE-FB5C-450A-84E3-F7591FFBC6F1}","DriverVersion":"10.0.19041.1","DriverDate":"20060621000000.******+***","DriverProviderName":"Microsoft","InfName":"printqueue.inf"},{"DeviceID":"SWD\\PRINTENUM\\{C1C10521-AA32-4491-BE4D-F5E6E7927369}","DriverVersion":"10.0.19041.1","DriverDate":"20060621000000.******+***","DriverProviderName":"Microsoft","InfName":"printqueue.inf"},{"DeviceID":"SWD\\PRINTENUM\\{49305D13-835A-448E-BB53-6BFC07E5EB08}","DriverVersion":"10.0.19041.1","DriverDate":"20060621000000.******+***","DriverProviderName":"Microsoft","InfName":"printqueue.inf"},{"DeviceID":"SWD\\PRINTENUM\\{C4A8C922-C486-40BB-BC60-CC480DD22CC8}","DriverVersion":"10.0.19041.1","DriverDate":"20060621000000.******+***","DriverProviderName":"Microsoft","InfName":"printqueue.inf"},{"DeviceID":"SWD\\PRINTENUM\\{115C2850-D19A-4E5F-B8F4-3A74F0FFFD4F}","DriverVersion":"10.0.19041.1","DriverDate":"20060621000000.******+***","DriverProviderName":"Microsoft","InfName":"printqueue.inf"},{"DeviceID":"SWD\\PRINTENUM\\{A5856CD5-01F0-4301-AB7C-064B52928E14}","DriverVersion":"10.0.19041.1","DriverDate":"20060621000000.******+***","DriverProviderName":"Microsoft","InfName":"printqueue.inf"},{"DeviceID":"SWD\\PRINTENUM\\PRINTQUEUES","DriverVersion":"10.0.19041.1","DriverDate":"20060621000000.******+***","DriverProviderName":"Microsoft","InfName":"printqueue.inf"},{"DeviceID":"SWD\\MSRRAS\\MS_NDISWANBH","DriverVersion":"10.0.19041.1","DriverDate":"20060621000000.******+***","DriverProviderName":"Microsoft","InfName":"netrasa.inf"},{"DeviceID":"SWD\\MSRRAS\\MS_NDISWANIPV6","DriverVersion":"10.0.19041.1","DriverDate":"20060621000000.******+***","DriverProviderName":"Microsoft","InfName":"netrasa.inf"},{"DeviceID":"SWD\\MSRRAS\\MS_NDISWANIP","DriverVersion":"10.0.19041.1","DriverDate":"20060621000000.******+***","DriverProviderName":"Microsoft","InfName":"netrasa.inf"},{"DeviceID":"SWD\\MSRRAS\\MS_PPPOEMINIPORT","DriverVersion":"10.0.19041.1","DriverDate":"20060621000000.******+***","DriverProviderName":"Microsoft","InfName":"netrasa.inf"},{"DeviceID":"SWD\\MSRRAS\\MS_PPTPMINIPORT","DriverVersion":"10.0.19041.1","DriverDate":"20060621000000.******+***","DriverProviderName":"Microsoft","InfName":"netrasa.inf"},{"DeviceID":"SWD\\MSRRAS\\MS_L2TPMINIPORT","DriverVersion":"10.0.19041.1","DriverDate":"20060621000000.******+***","DriverProviderName":"Microsoft","InfName":"netrasa.inf"},{"DeviceID":"SWD\\MSRRAS\\MS_AGILEVPNMINIPORT","DriverVersion":"10.0.19041.1","DriverDate":"20060621000000.******+***","DriverProviderName":"Microsoft","InfName":"netavpna.inf"},{"DeviceID":"SWD\\MSRRAS\\MS_SSTPMINIPORT","DriverVersion":"10.0.19041.1","DriverDate":"20060621000000.******+***","DriverProviderName":"Microsoft","InfName":"netsstpa.inf"},{"DeviceID":"SWD\\MSRRAS\\{5E259276-BC7E-40E3-B93B-8F89B5F3ABC0}","DriverVersion":"10.0.19041.1","DriverDate":"20060621000000.******+***","DriverProviderName":"Microsoft","InfName":"c_swdevice.inf"},{"DeviceID":"SWD\\MMDEVAPI\\MICROSOFTGSWAVETABLESYNTH","DriverVersion":"10.0.19041.1","DriverDate":"20060621000000.******+***","DriverProviderName":"Microsoft","InfName":"c_swdevice.inf"},{"DeviceID":"SWD\\RADIO\\{DE38D9E2-5164-45E8-8E9F-6CE2E3AAF664}","DriverVersion":"10.0.19041.1","DriverDate":"20060621000000.******+***","DriverProviderName":"Microsoft","InfName":"c_swdevice.inf"},{"DeviceID":"SWD\\RADIO\\{9C87EA3A-9CA2-4060-B1F1-B8099D923722}","DriverVersion":"10.0.19041.1","DriverDate":"20060621000000.******+***","DriverProviderName":"Microsoft","InfName":"c_swdevice.inf"},{"DeviceID":"SWD\\RADIO\\BLUETOOTH_24EE9AF8AFEC","DriverVersion":"10.0.19041.1","DriverDate":"20060621000000.******+***","DriverProviderName":"Microsoft","InfName":"c_swdevice.inf"},{"DeviceID":"SWD\\RADIO\\{3DB5895D-CC28-44B3-AD3D-6F01A782B8D... [TRUNCATED]
2026-08-25 16:27:49 [INFO] [task-rebind] [CATALOG] Telepített driver-infó: 193 eszköz
2026-08-25 16:27:49 [DEBUG] [task-rebind] [CALL] DriverToolApi._get_installed_driver_info -> {'SWD\\PRINTENUM\\{D04F27B3-CB9C-426F-A1CA-1D81DB1D34C8}': {'version': '10.0.19041.1', 'date': '2006-06-21', 'provider': 'Microsoft', 'inf': 'printqueue.inf'}, 'SWD\\PRINTENUM\\{8B82CBFE-FB5C-450A-84E3-F7591FFBC6F1}': {'version': '10.0.19041.1', 'date': '2006-06-21', 'provider': 'Microsoft', 'inf': ...[+27318 kar.] (1.36s)
2026-08-25 16:27:49 [DEBUG] [task-rebind] [CALL] DriverToolApi._device_on_vendor_driver -> False (1.36s)
2026-08-25 16:27:49 [WARNING] [task-rebind] [REBIND] 2. lépés - eszköz újraenumerálása: High Definition Audio hangvezérlő [PCI\VEN_8086&DEV_9D71&SUBSYS_225A17AA&REV_21\3&11583659&0&FB]
2026-08-25 16:27:49 [INFO] [task-rebind] [EMIT:task_progress] 🔄 High Definition Audio hangvezérlő: újraenumerálás (mintha ki-be dugnánk)...
2026-08-25 16:27:49 [DEBUG] [task-rebind] [CMD] Futtatás: pnputil /remove-device PCI\VEN_8086&DEV_9D71&SUBSYS_225A17AA&REV_21\3&11583659&0&FB
2026-08-25 16:27:49 [DEBUG] [task-rebind] [CMD] OK (0.5s)
2026-08-25 16:27:49 [DEBUG] [task-rebind] [CMD] stdout: Microsoft PnP Utility

Removing device:          PCI\VEN_8086&DEV_9D71&SUBSYS_225A17AA&REV_21\3&11583659&0&FB
Device removed successfully.
2026-08-25 16:27:49 [DEBUG] [task-rebind] [CMD] Futtatás: pnputil /scan-devices
2026-08-25 16:27:51 [DEBUG] [task-rebind] [CMD] OK (1.6s)
2026-08-25 16:27:51 [DEBUG] [task-rebind] [CMD] stdout: Microsoft PnP Utility

Scanning for device hardware changes.
Scan complete.
2026-08-25 16:27:56 [DEBUG] [task-rebind] [CALL] DriverToolApi._device_on_vendor_driver('PCI\\VEN_8086&DEV_9D71&SUBSYS_225A17AA&REV_21\\3&11583659&0&FB')
2026-08-25 16:27:56 [DEBUG] [task-rebind] [CALL] DriverToolApi._get_installed_driver_info()
2026-08-25 16:27:56 [DEBUG] [task-rebind] [CMD] Futtatás: powershell -NoProfile -Command [Console]::OutputEncoding = [System.Text.Encoding]::UTF8; Get-WmiObject Win32_PnPSignedDriver | Where-Object { $_.DeviceID -and $_.DriverVersion } | Select-Object DeviceID, DriverVersion, DriverDate, DriverProviderName, InfName | ConvertTo-Json -Compress
2026-08-25 16:27:58 [DEBUG] [task-rebind] [CMD] OK (2.0s)
2026-08-25 16:27:58 [DEBUG] [task-rebind] [CMD] stdout: [{"DeviceID":"SWD\\PRINTENUM\\{D04F27B3-CB9C-426F-A1CA-1D81DB1D34C8}","DriverVersion":"10.0.19041.1","DriverDate":"20060621000000.******+***","DriverProviderName":"Microsoft","InfName":"printqueue.inf"},{"DeviceID":"SWD\\PRINTENUM\\{8B82CBFE-FB5C-450A-84E3-F7591FFBC6F1}","DriverVersion":"10.0.19041.1","DriverDate":"20060621000000.******+***","DriverProviderName":"Microsoft","InfName":"printqueue.inf"},{"DeviceID":"SWD\\PRINTENUM\\{C1C10521-AA32-4491-BE4D-F5E6E7927369}","DriverVersion":"10.0.19041.1","DriverDate":"20060621000000.******+***","DriverProviderName":"Microsoft","InfName":"printqueue.inf"},{"DeviceID":"SWD\\PRINTENUM\\{49305D13-835A-448E-BB53-6BFC07E5EB08}","DriverVersion":"10.0.19041.1","DriverDate":"20060621000000.******+***","DriverProviderName":"Microsoft","InfName":"printqueue.inf"},{"DeviceID":"SWD\\PRINTENUM\\{C4A8C922-C486-40BB-BC60-CC480DD22CC8}","DriverVersion":"10.0.19041.1","DriverDate":"20060621000000.******+***","DriverProviderName":"Microsoft","InfName":"printqueue.inf"},{"DeviceID":"SWD\\PRINTENUM\\{115C2850-D19A-4E5F-B8F4-3A74F0FFFD4F}","DriverVersion":"10.0.19041.1","DriverDate":"20060621000000.******+***","DriverProviderName":"Microsoft","InfName":"printqueue.inf"},{"DeviceID":"SWD\\PRINTENUM\\{A5856CD5-01F0-4301-AB7C-064B52928E14}","DriverVersion":"10.0.19041.1","DriverDate":"20060621000000.******+***","DriverProviderName":"Microsoft","InfName":"printqueue.inf"},{"DeviceID":"SWD\\PRINTENUM\\PRINTQUEUES","DriverVersion":"10.0.19041.1","DriverDate":"20060621000000.******+***","DriverProviderName":"Microsoft","InfName":"printqueue.inf"},{"DeviceID":"SWD\\MSRRAS\\MS_NDISWANBH","DriverVersion":"10.0.19041.1","DriverDate":"20060621000000.******+***","DriverProviderName":"Microsoft","InfName":"netrasa.inf"},{"DeviceID":"SWD\\MSRRAS\\MS_NDISWANIPV6","DriverVersion":"10.0.19041.1","DriverDate":"20060621000000.******+***","DriverProviderName":"Microsoft","InfName":"netrasa.inf"},{"DeviceID":"SWD\\MSRRAS\\MS_NDISWANIP","DriverVersion":"10.0.19041.1","DriverDate":"20060621000000.******+***","DriverProviderName":"Microsoft","InfName":"netrasa.inf"},{"DeviceID":"SWD\\MSRRAS\\MS_PPPOEMINIPORT","DriverVersion":"10.0.19041.1","DriverDate":"20060621000000.******+***","DriverProviderName":"Microsoft","InfName":"netrasa.inf"},{"DeviceID":"SWD\\MSRRAS\\MS_PPTPMINIPORT","DriverVersion":"10.0.19041.1","DriverDate":"20060621000000.******+***","DriverProviderName":"Microsoft","InfName":"netrasa.inf"},{"DeviceID":"SWD\\MSRRAS\\MS_L2TPMINIPORT","DriverVersion":"10.0.19041.1","DriverDate":"20060621000000.******+***","DriverProviderName":"Microsoft","InfName":"netrasa.inf"},{"DeviceID":"SWD\\MSRRAS\\MS_AGILEVPNMINIPORT","DriverVersion":"10.0.19041.1","DriverDate":"20060621000000.******+***","DriverProviderName":"Microsoft","InfName":"netavpna.inf"},{"DeviceID":"SWD\\MSRRAS\\MS_SSTPMINIPORT","DriverVersion":"10.0.19041.1","DriverDate":"20060621000000.******+***","DriverProviderName":"Microsoft","InfName":"netsstpa.inf"},{"DeviceID":"SWD\\MSRRAS\\{5E259276-BC7E-40E3-B93B-8F89B5F3ABC0}","DriverVersion":"10.0.19041.1","DriverDate":"20060621000000.******+***","DriverProviderName":"Microsoft","InfName":"c_swdevice.inf"},{"DeviceID":"SWD\\MMDEVAPI\\MICROSOFTGSWAVETABLESYNTH","DriverVersion":"10.0.19041.1","DriverDate":"20060621000000.******+***","DriverProviderName":"Microsoft","InfName":"c_swdevice.inf"},{"DeviceID":"SWD\\RADIO\\{DE38D9E2-5164-45E8-8E9F-6CE2E3AAF664}","DriverVersion":"10.0.19041.1","DriverDate":"20060621000000.******+***","DriverProviderName":"Microsoft","InfName":"c_swdevice.inf"},{"DeviceID":"SWD\\RADIO\\{9C87EA3A-9CA2-4060-B1F1-B8099D923722}","DriverVersion":"10.0.19041.1","DriverDate":"20060621000000.******+***","DriverProviderName":"Microsoft","InfName":"c_swdevice.inf"},{"DeviceID":"SWD\\RADIO\\BLUETOOTH_24EE9AF8AFEC","DriverVersion":"10.0.19041.1","DriverDate":"20060621000000.******+***","DriverProviderName":"Microsoft","InfName":"c_swdevice.inf"},{"DeviceID":"SWD\\RADIO\\{3DB5895D-CC28-44B3-AD3D-6F01A782B8D... [TRUNCATED]
2026-08-25 16:27:58 [INFO] [task-rebind] [CATALOG] Telepített driver-infó: 193 eszköz
2026-08-25 16:27:58 [DEBUG] [task-rebind] [CALL] DriverToolApi._get_installed_driver_info -> {'SWD\\PRINTENUM\\{D04F27B3-CB9C-426F-A1CA-1D81DB1D34C8}': {'version': '10.0.19041.1', 'date': '2006-06-21', 'provider': 'Microsoft', 'inf': 'printqueue.inf'}, 'SWD\\PRINTENUM\\{8B82CBFE-FB5C-450A-84E3-F7591FFBC6F1}': {'version': '10.0.19041.1', 'date': '2006-06-21', 'provider': 'Microsoft', 'inf': ...[+27318 kar.] (1.97s)
2026-08-25 16:27:58 [DEBUG] [task-rebind] [CALL] DriverToolApi._device_on_vendor_driver -> False (1.97s)
2026-08-25 16:27:58 [WARNING] [task-rebind] [REBIND] NEM SIKERÜLT (újraenumerálással): High Definition Audio hangvezérlő
2026-08-25 16:27:58 [DEBUG] [task-rebind] [CALL] DriverToolApi._rebind_device -> False (12.30s)
2026-08-25 16:27:58 [INFO] [task-rebind] [EMIT:task_progress] ❌ Nem sikerült - az eszköz a Windows alapdriverén marad.
2026-08-25 16:27:58 [INFO] [task-rebind] [EMIT:task_progress] (7/8) Intel(R) USB 3.0 eXtensible Host Controller - 1.0 (Microsoft)
   most: usbxhci.inf (Microsoft) → gyári: appleusbvhci.inf
2026-08-25 16:27:58 [DEBUG] [task-rebind] [CALL] DriverToolApi._rebind_device('PCI\\VEN_8086&DEV_9D2F&SUBSYS_225A17AA&REV_21\\3&11583659&0&A0', 'C:\\Windows\\System32\\DriverStore\\FileRepository\\appleusbvhci.inf_amd64_4a92d20b24eaae32\\appleusbvhci.inf', 'Intel(R) USB 3.0 eXtensible Host Controller - 1.0 (Microsoft)', 'USB', 'rebind')
2026-08-25 16:27:58 [INFO] [task-rebind] [REBIND] 1. lépés - újratelepítés: Intel(R) USB 3.0 eXtensible Host Controller - 1.0 (Microsoft) <- C:\Windows\System32\DriverStore\FileRepository\appleusbvhci.inf_amd64_4a92d20b24eaae32\appleusbvhci.inf
2026-08-25 16:27:58 [DEBUG] [task-rebind] [CMD] Futtatás: pnputil /add-driver C:\Windows\System32\DriverStore\FileRepository\appleusbvhci.inf_amd64_4a92d20b24eaae32\appleusbvhci.inf /install
2026-08-25 16:27:58 [DEBUG] [task-rebind] [CMD] OK - várt kód: 259 (0.1s)
2026-08-25 16:27:58 [DEBUG] [task-rebind] [CMD] stdout: Microsoft PnP Utility

Adding driver package:  AppleUSBVHCI.inf
Driver package added successfully. (Already exists in the system)
Published Name:         oem45.inf
Driver package is up-to-date on device: PCI\VEN_8086&DEV_9D2F&SUBSYS_225A17AA&REV_21\3&11583659&0&A0

Total driver packages:  1
Added driver packages:  0
2026-08-25 16:27:58 [DEBUG] [task-rebind] [CMD] Futtatás: pnputil /scan-devices
2026-08-25 16:27:59 [DEBUG] [task-rebind] [CMD] OK (1.0s)
2026-08-25 16:27:59 [DEBUG] [task-rebind] [CMD] stdout: Microsoft PnP Utility

Scanning for device hardware changes.
Scan complete.
2026-08-25 16:27:59 [DEBUG] [task-rebind] [CALL] DriverToolApi._device_on_vendor_driver('PCI\\VEN_8086&DEV_9D2F&SUBSYS_225A17AA&REV_21\\3&11583659&0&A0')
2026-08-25 16:27:59 [DEBUG] [task-rebind] [CALL] DriverToolApi._get_installed_driver_info()
2026-08-25 16:27:59 [DEBUG] [task-rebind] [CMD] Futtatás: powershell -NoProfile -Command [Console]::OutputEncoding = [System.Text.Encoding]::UTF8; Get-WmiObject Win32_PnPSignedDriver | Where-Object { $_.DeviceID -and $_.DriverVersion } | Select-Object DeviceID, DriverVersion, DriverDate, DriverProviderName, InfName | ConvertTo-Json -Compress
2026-08-25 16:28:00 [DEBUG] [task-rebind] [CMD] OK (1.4s)
2026-08-25 16:28:00 [DEBUG] [task-rebind] [CMD] stdout: [{"DeviceID":"SWD\\PRINTENUM\\{D04F27B3-CB9C-426F-A1CA-1D81DB1D34C8}","DriverVersion":"10.0.19041.1","DriverDate":"20060621000000.******+***","DriverProviderName":"Microsoft","InfName":"printqueue.inf"},{"DeviceID":"SWD\\PRINTENUM\\{8B82CBFE-FB5C-450A-84E3-F7591FFBC6F1}","DriverVersion":"10.0.19041.1","DriverDate":"20060621000000.******+***","DriverProviderName":"Microsoft","InfName":"printqueue.inf"},{"DeviceID":"SWD\\PRINTENUM\\{C1C10521-AA32-4491-BE4D-F5E6E7927369}","DriverVersion":"10.0.19041.1","DriverDate":"20060621000000.******+***","DriverProviderName":"Microsoft","InfName":"printqueue.inf"},{"DeviceID":"SWD\\PRINTENUM\\{49305D13-835A-448E-BB53-6BFC07E5EB08}","DriverVersion":"10.0.19041.1","DriverDate":"20060621000000.******+***","DriverProviderName":"Microsoft","InfName":"printqueue.inf"},{"DeviceID":"SWD\\PRINTENUM\\{C4A8C922-C486-40BB-BC60-CC480DD22CC8}","DriverVersion":"10.0.19041.1","DriverDate":"20060621000000.******+***","DriverProviderName":"Microsoft","InfName":"printqueue.inf"},{"DeviceID":"SWD\\PRINTENUM\\{115C2850-D19A-4E5F-B8F4-3A74F0FFFD4F}","DriverVersion":"10.0.19041.1","DriverDate":"20060621000000.******+***","DriverProviderName":"Microsoft","InfName":"printqueue.inf"},{"DeviceID":"SWD\\PRINTENUM\\{A5856CD5-01F0-4301-AB7C-064B52928E14}","DriverVersion":"10.0.19041.1","DriverDate":"20060621000000.******+***","DriverProviderName":"Microsoft","InfName":"printqueue.inf"},{"DeviceID":"SWD\\PRINTENUM\\PRINTQUEUES","DriverVersion":"10.0.19041.1","DriverDate":"20060621000000.******+***","DriverProviderName":"Microsoft","InfName":"printqueue.inf"},{"DeviceID":"SWD\\MSRRAS\\MS_NDISWANBH","DriverVersion":"10.0.19041.1","DriverDate":"20060621000000.******+***","DriverProviderName":"Microsoft","InfName":"netrasa.inf"},{"DeviceID":"SWD\\MSRRAS\\MS_NDISWANIPV6","DriverVersion":"10.0.19041.1","DriverDate":"20060621000000.******+***","DriverProviderName":"Microsoft","InfName":"netrasa.inf"},{"DeviceID":"SWD\\MSRRAS\\MS_NDISWANIP","DriverVersion":"10.0.19041.1","DriverDate":"20060621000000.******+***","DriverProviderName":"Microsoft","InfName":"netrasa.inf"},{"DeviceID":"SWD\\MSRRAS\\MS_PPPOEMINIPORT","DriverVersion":"10.0.19041.1","DriverDate":"20060621000000.******+***","DriverProviderName":"Microsoft","InfName":"netrasa.inf"},{"DeviceID":"SWD\\MSRRAS\\MS_PPTPMINIPORT","DriverVersion":"10.0.19041.1","DriverDate":"20060621000000.******+***","DriverProviderName":"Microsoft","InfName":"netrasa.inf"},{"DeviceID":"SWD\\MSRRAS\\MS_L2TPMINIPORT","DriverVersion":"10.0.19041.1","DriverDate":"20060621000000.******+***","DriverProviderName":"Microsoft","InfName":"netrasa.inf"},{"DeviceID":"SWD\\MSRRAS\\MS_AGILEVPNMINIPORT","DriverVersion":"10.0.19041.1","DriverDate":"20060621000000.******+***","DriverProviderName":"Microsoft","InfName":"netavpna.inf"},{"DeviceID":"SWD\\MSRRAS\\MS_SSTPMINIPORT","DriverVersion":"10.0.19041.1","DriverDate":"20060621000000.******+***","DriverProviderName":"Microsoft","InfName":"netsstpa.inf"},{"DeviceID":"SWD\\MSRRAS\\{5E259276-BC7E-40E3-B93B-8F89B5F3ABC0}","DriverVersion":"10.0.19041.1","DriverDate":"20060621000000.******+***","DriverProviderName":"Microsoft","InfName":"c_swdevice.inf"},{"DeviceID":"SWD\\MMDEVAPI\\MICROSOFTGSWAVETABLESYNTH","DriverVersion":"10.0.19041.1","DriverDate":"20060621000000.******+***","DriverProviderName":"Microsoft","InfName":"c_swdevice.inf"},{"DeviceID":"SWD\\RADIO\\{DE38D9E2-5164-45E8-8E9F-6CE2E3AAF664}","DriverVersion":"10.0.19041.1","DriverDate":"20060621000000.******+***","DriverProviderName":"Microsoft","InfName":"c_swdevice.inf"},{"DeviceID":"SWD\\RADIO\\{9C87EA3A-9CA2-4060-B1F1-B8099D923722}","DriverVersion":"10.0.19041.1","DriverDate":"20060621000000.******+***","DriverProviderName":"Microsoft","InfName":"c_swdevice.inf"},{"DeviceID":"SWD\\RADIO\\BLUETOOTH_24EE9AF8AFEC","DriverVersion":"10.0.19041.1","DriverDate":"20060621000000.******+***","DriverProviderName":"Microsoft","InfName":"c_swdevice.inf"},{"DeviceID":"SWD\\RADIO\\{3DB5895D-CC28-44B3-AD3D-6F01A782B8D... [TRUNCATED]
2026-08-25 16:28:00 [INFO] [task-rebind] [CATALOG] Telepített driver-infó: 193 eszköz
2026-08-25 16:28:00 [DEBUG] [task-rebind] [CALL] DriverToolApi._get_installed_driver_info -> {'SWD\\PRINTENUM\\{D04F27B3-CB9C-426F-A1CA-1D81DB1D34C8}': {'version': '10.0.19041.1', 'date': '2006-06-21', 'provider': 'Microsoft', 'inf': 'printqueue.inf'}, 'SWD\\PRINTENUM\\{8B82CBFE-FB5C-450A-84E3-F7591FFBC6F1}': {'version': '10.0.19041.1', 'date': '2006-06-21', 'provider': 'Microsoft', 'inf': ...[+27318 kar.] (1.39s)
2026-08-25 16:28:00 [DEBUG] [task-rebind] [CALL] DriverToolApi._device_on_vendor_driver -> False (1.39s)
2026-08-25 16:28:00 [WARNING] [task-rebind] [REBIND] 2. lépés - eszköz újraenumerálása: Intel(R) USB 3.0 eXtensible Host Controller - 1.0 (Microsoft) [PCI\VEN_8086&DEV_9D2F&SUBSYS_225A17AA&REV_21\3&11583659&0&A0]
2026-08-25 16:28:00 [INFO] [task-rebind] [EMIT:task_progress] 🔄 Intel(R) USB 3.0 eXtensible Host Controller - 1.0 (Microsoft): újraenumerálás (mintha ki-be dugnánk)...
2026-08-25 16:28:00 [DEBUG] [task-rebind] [CMD] Futtatás: pnputil /remove-device PCI\VEN_8086&DEV_9D2F&SUBSYS_225A17AA&REV_21\3&11583659&0&A0
2026-08-25 16:28:01 [DEBUG] [task-rebind] [CMD] OK - várt kód: 3010 (0.4s)
2026-08-25 16:28:01 [DEBUG] [task-rebind] [CMD] stdout: Microsoft PnP Utility

Removing device:          PCI\VEN_8086&DEV_9D2F&SUBSYS_225A17AA&REV_21\3&11583659&0&A0
System reboot is needed to complete configuration operations!
2026-08-25 16:28:01 [DEBUG] [task-rebind] [CMD] Futtatás: pnputil /scan-devices
2026-08-25 16:28:01 [DEBUG] [task-rebind] [CMD] OK (0.4s)
2026-08-25 16:28:01 [DEBUG] [task-rebind] [CMD] stdout: Microsoft PnP Utility

Scanning for device hardware changes.
Scan complete.
2026-08-25 16:28:06 [DEBUG] [task-rebind] [CALL] DriverToolApi._device_on_vendor_driver('PCI\\VEN_8086&DEV_9D2F&SUBSYS_225A17AA&REV_21\\3&11583659&0&A0')
2026-08-25 16:28:06 [DEBUG] [task-rebind] [CALL] DriverToolApi._get_installed_driver_info()
2026-08-25 16:28:06 [DEBUG] [task-rebind] [CMD] Futtatás: powershell -NoProfile -Command [Console]::OutputEncoding = [System.Text.Encoding]::UTF8; Get-WmiObject Win32_PnPSignedDriver | Where-Object { $_.DeviceID -and $_.DriverVersion } | Select-Object DeviceID, DriverVersion, DriverDate, DriverProviderName, InfName | ConvertTo-Json -Compress
2026-08-25 16:28:08 [DEBUG] [task-rebind] [CMD] OK (1.9s)
2026-08-25 16:28:08 [DEBUG] [task-rebind] [CMD] stdout: [{"DeviceID":"SWD\\PRINTENUM\\{D04F27B3-CB9C-426F-A1CA-1D81DB1D34C8}","DriverVersion":"10.0.19041.1","DriverDate":"20060621000000.******+***","DriverProviderName":"Microsoft","InfName":"printqueue.inf"},{"DeviceID":"SWD\\PRINTENUM\\{8B82CBFE-FB5C-450A-84E3-F7591FFBC6F1}","DriverVersion":"10.0.19041.1","DriverDate":"20060621000000.******+***","DriverProviderName":"Microsoft","InfName":"printqueue.inf"},{"DeviceID":"SWD\\PRINTENUM\\{C1C10521-AA32-4491-BE4D-F5E6E7927369}","DriverVersion":"10.0.19041.1","DriverDate":"20060621000000.******+***","DriverProviderName":"Microsoft","InfName":"printqueue.inf"},{"DeviceID":"SWD\\PRINTENUM\\{49305D13-835A-448E-BB53-6BFC07E5EB08}","DriverVersion":"10.0.19041.1","DriverDate":"20060621000000.******+***","DriverProviderName":"Microsoft","InfName":"printqueue.inf"},{"DeviceID":"SWD\\PRINTENUM\\{C4A8C922-C486-40BB-BC60-CC480DD22CC8}","DriverVersion":"10.0.19041.1","DriverDate":"20060621000000.******+***","DriverProviderName":"Microsoft","InfName":"printqueue.inf"},{"DeviceID":"SWD\\PRINTENUM\\{115C2850-D19A-4E5F-B8F4-3A74F0FFFD4F}","DriverVersion":"10.0.19041.1","DriverDate":"20060621000000.******+***","DriverProviderName":"Microsoft","InfName":"printqueue.inf"},{"DeviceID":"SWD\\PRINTENUM\\{A5856CD5-01F0-4301-AB7C-064B52928E14}","DriverVersion":"10.0.19041.1","DriverDate":"20060621000000.******+***","DriverProviderName":"Microsoft","InfName":"printqueue.inf"},{"DeviceID":"SWD\\PRINTENUM\\PRINTQUEUES","DriverVersion":"10.0.19041.1","DriverDate":"20060621000000.******+***","DriverProviderName":"Microsoft","InfName":"printqueue.inf"},{"DeviceID":"SWD\\MSRRAS\\MS_NDISWANBH","DriverVersion":"10.0.19041.1","DriverDate":"20060621000000.******+***","DriverProviderName":"Microsoft","InfName":"netrasa.inf"},{"DeviceID":"SWD\\MSRRAS\\MS_NDISWANIPV6","DriverVersion":"10.0.19041.1","DriverDate":"20060621000000.******+***","DriverProviderName":"Microsoft","InfName":"netrasa.inf"},{"DeviceID":"SWD\\MSRRAS\\MS_NDISWANIP","DriverVersion":"10.0.19041.1","DriverDate":"20060621000000.******+***","DriverProviderName":"Microsoft","InfName":"netrasa.inf"},{"DeviceID":"SWD\\MSRRAS\\MS_PPPOEMINIPORT","DriverVersion":"10.0.19041.1","DriverDate":"20060621000000.******+***","DriverProviderName":"Microsoft","InfName":"netrasa.inf"},{"DeviceID":"SWD\\MSRRAS\\MS_PPTPMINIPORT","DriverVersion":"10.0.19041.1","DriverDate":"20060621000000.******+***","DriverProviderName":"Microsoft","InfName":"netrasa.inf"},{"DeviceID":"SWD\\MSRRAS\\MS_L2TPMINIPORT","DriverVersion":"10.0.19041.1","DriverDate":"20060621000000.******+***","DriverProviderName":"Microsoft","InfName":"netrasa.inf"},{"DeviceID":"SWD\\MSRRAS\\MS_AGILEVPNMINIPORT","DriverVersion":"10.0.19041.1","DriverDate":"20060621000000.******+***","DriverProviderName":"Microsoft","InfName":"netavpna.inf"},{"DeviceID":"SWD\\MSRRAS\\MS_SSTPMINIPORT","DriverVersion":"10.0.19041.1","DriverDate":"20060621000000.******+***","DriverProviderName":"Microsoft","InfName":"netsstpa.inf"},{"DeviceID":"SWD\\MSRRAS\\{5E259276-BC7E-40E3-B93B-8F89B5F3ABC0}","DriverVersion":"10.0.19041.1","DriverDate":"20060621000000.******+***","DriverProviderName":"Microsoft","InfName":"c_swdevice.inf"},{"DeviceID":"SWD\\MMDEVAPI\\MICROSOFTGSWAVETABLESYNTH","DriverVersion":"10.0.19041.1","DriverDate":"20060621000000.******+***","DriverProviderName":"Microsoft","InfName":"c_swdevice.inf"},{"DeviceID":"SWD\\RADIO\\{DE38D9E2-5164-45E8-8E9F-6CE2E3AAF664}","DriverVersion":"10.0.19041.1","DriverDate":"20060621000000.******+***","DriverProviderName":"Microsoft","InfName":"c_swdevice.inf"},{"DeviceID":"SWD\\RADIO\\{9C87EA3A-9CA2-4060-B1F1-B8099D923722}","DriverVersion":"10.0.19041.1","DriverDate":"20060621000000.******+***","DriverProviderName":"Microsoft","InfName":"c_swdevice.inf"},{"DeviceID":"SWD\\RADIO\\BLUETOOTH_24EE9AF8AFEC","DriverVersion":"10.0.19041.1","DriverDate":"20060621000000.******+***","DriverProviderName":"Microsoft","InfName":"c_swdevice.inf"},{"DeviceID":"SWD\\RADIO\\{3DB5895D-CC28-44B3-AD3D-6F01A782B8D... [TRUNCATED]
2026-08-25 16:28:08 [INFO] [task-rebind] [CATALOG] Telepített driver-infó: 193 eszköz
2026-08-25 16:28:08 [DEBUG] [task-rebind] [CALL] DriverToolApi._get_installed_driver_info -> {'SWD\\PRINTENUM\\{D04F27B3-CB9C-426F-A1CA-1D81DB1D34C8}': {'version': '10.0.19041.1', 'date': '2006-06-21', 'provider': 'Microsoft', 'inf': 'printqueue.inf'}, 'SWD\\PRINTENUM\\{8B82CBFE-FB5C-450A-84E3-F7591FFBC6F1}': {'version': '10.0.19041.1', 'date': '2006-06-21', 'provider': 'Microsoft', 'inf': ...[+27318 kar.] (1.89s)
2026-08-25 16:28:08 [DEBUG] [task-rebind] [CALL] DriverToolApi._device_on_vendor_driver -> False (1.89s)
2026-08-25 16:28:08 [WARNING] [task-rebind] [REBIND] NEM SIKERÜLT (újraenumerálással): Intel(R) USB 3.0 eXtensible Host Controller - 1.0 (Microsoft)
2026-08-25 16:28:08 [DEBUG] [task-rebind] [CALL] DriverToolApi._rebind_device -> False (10.27s)
2026-08-25 16:28:08 [INFO] [task-rebind] [EMIT:task_progress] ❌ Nem sikerült - az eszköz a Windows alapdriverén marad.
2026-08-25 16:28:08 [INFO] [task-rebind] [EMIT:task_progress] (8/8) USB kompozit eszköz
   most: usb.inf (Microsoft) → gyári: rtlejf.inf
2026-08-25 16:28:08 [DEBUG] [task-rebind] [CALL] DriverToolApi._rebind_device('USB\\VID_13D3&PID_56A6\\0001', 'C:\\Windows\\System32\\DriverStore\\FileRepository\\rtlejf.inf_amd64_29ac319548e83f49\\rtlejf.inf', 'USB kompozit eszköz', 'USB', 'rebind')
2026-08-25 16:28:08 [INFO] [task-rebind] [REBIND] 1. lépés - újratelepítés: USB kompozit eszköz <- C:\Windows\System32\DriverStore\FileRepository\rtlejf.inf_amd64_29ac319548e83f49\rtlejf.inf
2026-08-25 16:28:08 [DEBUG] [task-rebind] [CMD] Futtatás: pnputil /add-driver C:\Windows\System32\DriverStore\FileRepository\rtlejf.inf_amd64_29ac319548e83f49\rtlejf.inf /install
2026-08-25 16:28:08 [DEBUG] [task-rebind] [CMD] OK - várt kód: 259 (0.1s)
2026-08-25 16:28:08 [DEBUG] [task-rebind] [CMD] stdout: Microsoft PnP Utility

Adding driver package:  RtLeJF.inf
Driver package added successfully. (Already exists in the system)
Published Name:         oem106.inf
Driver package is up-to-date on device: USB\VID_13D3&PID_56A6&MI_00\6&1c1093a4&0&0000

Total driver packages:  1
Added driver packages:  0
2026-08-25 16:28:08 [DEBUG] [task-rebind] [CMD] Futtatás: pnputil /scan-devices
2026-08-25 16:28:09 [DEBUG] [task-rebind] [CMD] OK (1.0s)
2026-08-25 16:28:09 [DEBUG] [task-rebind] [CMD] stdout: Microsoft PnP Utility

Scanning for device hardware changes.
Scan complete.
2026-08-25 16:28:09 [DEBUG] [task-rebind] [CALL] DriverToolApi._device_on_vendor_driver('USB\\VID_13D3&PID_56A6\\0001')
2026-08-25 16:28:09 [DEBUG] [task-rebind] [CALL] DriverToolApi._get_installed_driver_info()
2026-08-25 16:28:09 [DEBUG] [task-rebind] [CMD] Futtatás: powershell -NoProfile -Command [Console]::OutputEncoding = [System.Text.Encoding]::UTF8; Get-WmiObject Win32_PnPSignedDriver | Where-Object { $_.DeviceID -and $_.DriverVersion } | Select-Object DeviceID, DriverVersion, DriverDate, DriverProviderName, InfName | ConvertTo-Json -Compress
2026-08-25 16:28:11 [DEBUG] [task-rebind] [CMD] OK (1.4s)
2026-08-25 16:28:11 [DEBUG] [task-rebind] [CMD] stdout: [{"DeviceID":"SWD\\PRINTENUM\\{D04F27B3-CB9C-426F-A1CA-1D81DB1D34C8}","DriverVersion":"10.0.19041.1","DriverDate":"20060621000000.******+***","DriverProviderName":"Microsoft","InfName":"printqueue.inf"},{"DeviceID":"SWD\\PRINTENUM\\{8B82CBFE-FB5C-450A-84E3-F7591FFBC6F1}","DriverVersion":"10.0.19041.1","DriverDate":"20060621000000.******+***","DriverProviderName":"Microsoft","InfName":"printqueue.inf"},{"DeviceID":"SWD\\PRINTENUM\\{C1C10521-AA32-4491-BE4D-F5E6E7927369}","DriverVersion":"10.0.19041.1","DriverDate":"20060621000000.******+***","DriverProviderName":"Microsoft","InfName":"printqueue.inf"},{"DeviceID":"SWD\\PRINTENUM\\{49305D13-835A-448E-BB53-6BFC07E5EB08}","DriverVersion":"10.0.19041.1","DriverDate":"20060621000000.******+***","DriverProviderName":"Microsoft","InfName":"printqueue.inf"},{"DeviceID":"SWD\\PRINTENUM\\{C4A8C922-C486-40BB-BC60-CC480DD22CC8}","DriverVersion":"10.0.19041.1","DriverDate":"20060621000000.******+***","DriverProviderName":"Microsoft","InfName":"printqueue.inf"},{"DeviceID":"SWD\\PRINTENUM\\{115C2850-D19A-4E5F-B8F4-3A74F0FFFD4F}","DriverVersion":"10.0.19041.1","DriverDate":"20060621000000.******+***","DriverProviderName":"Microsoft","InfName":"printqueue.inf"},{"DeviceID":"SWD\\PRINTENUM\\{A5856CD5-01F0-4301-AB7C-064B52928E14}","DriverVersion":"10.0.19041.1","DriverDate":"20060621000000.******+***","DriverProviderName":"Microsoft","InfName":"printqueue.inf"},{"DeviceID":"SWD\\PRINTENUM\\PRINTQUEUES","DriverVersion":"10.0.19041.1","DriverDate":"20060621000000.******+***","DriverProviderName":"Microsoft","InfName":"printqueue.inf"},{"DeviceID":"SWD\\MSRRAS\\MS_NDISWANBH","DriverVersion":"10.0.19041.1","DriverDate":"20060621000000.******+***","DriverProviderName":"Microsoft","InfName":"netrasa.inf"},{"DeviceID":"SWD\\MSRRAS\\MS_NDISWANIPV6","DriverVersion":"10.0.19041.1","DriverDate":"20060621000000.******+***","DriverProviderName":"Microsoft","InfName":"netrasa.inf"},{"DeviceID":"SWD\\MSRRAS\\MS_NDISWANIP","DriverVersion":"10.0.19041.1","DriverDate":"20060621000000.******+***","DriverProviderName":"Microsoft","InfName":"netrasa.inf"},{"DeviceID":"SWD\\MSRRAS\\MS_PPPOEMINIPORT","DriverVersion":"10.0.19041.1","DriverDate":"20060621000000.******+***","DriverProviderName":"Microsoft","InfName":"netrasa.inf"},{"DeviceID":"SWD\\MSRRAS\\MS_PPTPMINIPORT","DriverVersion":"10.0.19041.1","DriverDate":"20060621000000.******+***","DriverProviderName":"Microsoft","InfName":"netrasa.inf"},{"DeviceID":"SWD\\MSRRAS\\MS_L2TPMINIPORT","DriverVersion":"10.0.19041.1","DriverDate":"20060621000000.******+***","DriverProviderName":"Microsoft","InfName":"netrasa.inf"},{"DeviceID":"SWD\\MSRRAS\\MS_AGILEVPNMINIPORT","DriverVersion":"10.0.19041.1","DriverDate":"20060621000000.******+***","DriverProviderName":"Microsoft","InfName":"netavpna.inf"},{"DeviceID":"SWD\\MSRRAS\\MS_SSTPMINIPORT","DriverVersion":"10.0.19041.1","DriverDate":"20060621000000.******+***","DriverProviderName":"Microsoft","InfName":"netsstpa.inf"},{"DeviceID":"SWD\\MSRRAS\\{5E259276-BC7E-40E3-B93B-8F89B5F3ABC0}","DriverVersion":"10.0.19041.1","DriverDate":"20060621000000.******+***","DriverProviderName":"Microsoft","InfName":"c_swdevice.inf"},{"DeviceID":"SWD\\MMDEVAPI\\MICROSOFTGSWAVETABLESYNTH","DriverVersion":"10.0.19041.1","DriverDate":"20060621000000.******+***","DriverProviderName":"Microsoft","InfName":"c_swdevice.inf"},{"DeviceID":"SWD\\RADIO\\{DE38D9E2-5164-45E8-8E9F-6CE2E3AAF664}","DriverVersion":"10.0.19041.1","DriverDate":"20060621000000.******+***","DriverProviderName":"Microsoft","InfName":"c_swdevice.inf"},{"DeviceID":"SWD\\RADIO\\{9C87EA3A-9CA2-4060-B1F1-B8099D923722}","DriverVersion":"10.0.19041.1","DriverDate":"20060621000000.******+***","DriverProviderName":"Microsoft","InfName":"c_swdevice.inf"},{"DeviceID":"SWD\\RADIO\\BLUETOOTH_24EE9AF8AFEC","DriverVersion":"10.0.19041.1","DriverDate":"20060621000000.******+***","DriverProviderName":"Microsoft","InfName":"c_swdevice.inf"},{"DeviceID":"SWD\\RADIO\\{3DB5895D-CC28-44B3-AD3D-6F01A782B8D... [TRUNCATED]
2026-08-25 16:28:11 [INFO] [task-rebind] [CATALOG] Telepített driver-infó: 193 eszköz
2026-08-25 16:28:11 [DEBUG] [task-rebind] [CALL] DriverToolApi._get_installed_driver_info -> {'SWD\\PRINTENUM\\{D04F27B3-CB9C-426F-A1CA-1D81DB1D34C8}': {'version': '10.0.19041.1', 'date': '2006-06-21', 'provider': 'Microsoft', 'inf': 'printqueue.inf'}, 'SWD\\PRINTENUM\\{8B82CBFE-FB5C-450A-84E3-F7591FFBC6F1}': {'version': '10.0.19041.1', 'date': '2006-06-21', 'provider': 'Microsoft', 'inf': ...[+27318 kar.] (1.36s)
2026-08-25 16:28:11 [DEBUG] [task-rebind] [CALL] DriverToolApi._device_on_vendor_driver -> False (1.36s)
2026-08-25 16:28:11 [WARNING] [task-rebind] [REBIND] 2. lépés - eszköz újraenumerálása: USB kompozit eszköz [USB\VID_13D3&PID_56A6\0001]
2026-08-25 16:28:11 [INFO] [task-rebind] [EMIT:task_progress] 🔄 USB kompozit eszköz: újraenumerálás (mintha ki-be dugnánk)...
2026-08-25 16:28:11 [DEBUG] [task-rebind] [CMD] Futtatás: pnputil /remove-device USB\VID_13D3&PID_56A6\0001
2026-08-25 16:28:11 [DEBUG] [task-rebind] [CMD] OK (0.1s)
2026-08-25 16:28:11 [DEBUG] [task-rebind] [CMD] stdout: Microsoft PnP Utility

Removing device:          USB\VID_13D3&PID_56A6\0001
Device removed successfully.
2026-08-25 16:28:11 [DEBUG] [task-rebind] [CMD] Futtatás: pnputil /scan-devices
2026-08-25 16:28:11 [DEBUG] [task-rebind] [CMD] OK (0.6s)
2026-08-25 16:28:11 [DEBUG] [task-rebind] [CMD] stdout: Microsoft PnP Utility

Scanning for device hardware changes.
Scan complete.
2026-08-25 16:28:16 [DEBUG] [task-rebind] [CALL] DriverToolApi._device_on_vendor_driver('USB\\VID_13D3&PID_56A6\\0001')
2026-08-25 16:28:16 [DEBUG] [task-rebind] [CALL] DriverToolApi._get_installed_driver_info()
2026-08-25 16:28:16 [DEBUG] [task-rebind] [CMD] Futtatás: powershell -NoProfile -Command [Console]::OutputEncoding = [System.Text.Encoding]::UTF8; Get-WmiObject Win32_PnPSignedDriver | Where-Object { $_.DeviceID -and $_.DriverVersion } | Select-Object DeviceID, DriverVersion, DriverDate, DriverProviderName, InfName | ConvertTo-Json -Compress
2026-08-25 16:28:18 [DEBUG] [task-rebind] [CMD] OK (1.9s)
2026-08-25 16:28:18 [DEBUG] [task-rebind] [CMD] stdout: [{"DeviceID":"SWD\\PRINTENUM\\{D04F27B3-CB9C-426F-A1CA-1D81DB1D34C8}","DriverVersion":"10.0.19041.1","DriverDate":"20060621000000.******+***","DriverProviderName":"Microsoft","InfName":"printqueue.inf"},{"DeviceID":"SWD\\PRINTENUM\\{8B82CBFE-FB5C-450A-84E3-F7591FFBC6F1}","DriverVersion":"10.0.19041.1","DriverDate":"20060621000000.******+***","DriverProviderName":"Microsoft","InfName":"printqueue.inf"},{"DeviceID":"SWD\\PRINTENUM\\{C1C10521-AA32-4491-BE4D-F5E6E7927369}","DriverVersion":"10.0.19041.1","DriverDate":"20060621000000.******+***","DriverProviderName":"Microsoft","InfName":"printqueue.inf"},{"DeviceID":"SWD\\PRINTENUM\\{49305D13-835A-448E-BB53-6BFC07E5EB08}","DriverVersion":"10.0.19041.1","DriverDate":"20060621000000.******+***","DriverProviderName":"Microsoft","InfName":"printqueue.inf"},{"DeviceID":"SWD\\PRINTENUM\\{C4A8C922-C486-40BB-BC60-CC480DD22CC8}","DriverVersion":"10.0.19041.1","DriverDate":"20060621000000.******+***","DriverProviderName":"Microsoft","InfName":"printqueue.inf"},{"DeviceID":"SWD\\PRINTENUM\\{115C2850-D19A-4E5F-B8F4-3A74F0FFFD4F}","DriverVersion":"10.0.19041.1","DriverDate":"20060621000000.******+***","DriverProviderName":"Microsoft","InfName":"printqueue.inf"},{"DeviceID":"SWD\\PRINTENUM\\{A5856CD5-01F0-4301-AB7C-064B52928E14}","DriverVersion":"10.0.19041.1","DriverDate":"20060621000000.******+***","DriverProviderName":"Microsoft","InfName":"printqueue.inf"},{"DeviceID":"SWD\\PRINTENUM\\PRINTQUEUES","DriverVersion":"10.0.19041.1","DriverDate":"20060621000000.******+***","DriverProviderName":"Microsoft","InfName":"printqueue.inf"},{"DeviceID":"SWD\\MSRRAS\\MS_NDISWANBH","DriverVersion":"10.0.19041.1","DriverDate":"20060621000000.******+***","DriverProviderName":"Microsoft","InfName":"netrasa.inf"},{"DeviceID":"SWD\\MSRRAS\\MS_NDISWANIPV6","DriverVersion":"10.0.19041.1","DriverDate":"20060621000000.******+***","DriverProviderName":"Microsoft","InfName":"netrasa.inf"},{"DeviceID":"SWD\\MSRRAS\\MS_NDISWANIP","DriverVersion":"10.0.19041.1","DriverDate":"20060621000000.******+***","DriverProviderName":"Microsoft","InfName":"netrasa.inf"},{"DeviceID":"SWD\\MSRRAS\\MS_PPPOEMINIPORT","DriverVersion":"10.0.19041.1","DriverDate":"20060621000000.******+***","DriverProviderName":"Microsoft","InfName":"netrasa.inf"},{"DeviceID":"SWD\\MSRRAS\\MS_PPTPMINIPORT","DriverVersion":"10.0.19041.1","DriverDate":"20060621000000.******+***","DriverProviderName":"Microsoft","InfName":"netrasa.inf"},{"DeviceID":"SWD\\MSRRAS\\MS_L2TPMINIPORT","DriverVersion":"10.0.19041.1","DriverDate":"20060621000000.******+***","DriverProviderName":"Microsoft","InfName":"netrasa.inf"},{"DeviceID":"SWD\\MSRRAS\\MS_AGILEVPNMINIPORT","DriverVersion":"10.0.19041.1","DriverDate":"20060621000000.******+***","DriverProviderName":"Microsoft","InfName":"netavpna.inf"},{"DeviceID":"SWD\\MSRRAS\\MS_SSTPMINIPORT","DriverVersion":"10.0.19041.1","DriverDate":"20060621000000.******+***","DriverProviderName":"Microsoft","InfName":"netsstpa.inf"},{"DeviceID":"SWD\\MSRRAS\\{5E259276-BC7E-40E3-B93B-8F89B5F3ABC0}","DriverVersion":"10.0.19041.1","DriverDate":"20060621000000.******+***","DriverProviderName":"Microsoft","InfName":"c_swdevice.inf"},{"DeviceID":"SWD\\MMDEVAPI\\MICROSOFTGSWAVETABLESYNTH","DriverVersion":"10.0.19041.1","DriverDate":"20060621000000.******+***","DriverProviderName":"Microsoft","InfName":"c_swdevice.inf"},{"DeviceID":"SWD\\RADIO\\{DE38D9E2-5164-45E8-8E9F-6CE2E3AAF664}","DriverVersion":"10.0.19041.1","DriverDate":"20060621000000.******+***","DriverProviderName":"Microsoft","InfName":"c_swdevice.inf"},{"DeviceID":"SWD\\RADIO\\{9C87EA3A-9CA2-4060-B1F1-B8099D923722}","DriverVersion":"10.0.19041.1","DriverDate":"20060621000000.******+***","DriverProviderName":"Microsoft","InfName":"c_swdevice.inf"},{"DeviceID":"SWD\\RADIO\\BLUETOOTH_24EE9AF8AFEC","DriverVersion":"10.0.19041.1","DriverDate":"20060621000000.******+***","DriverProviderName":"Microsoft","InfName":"c_swdevice.inf"},{"DeviceID":"SWD\\RADIO\\{3DB5895D-CC28-44B3-AD3D-6F01A782B8D... [TRUNCATED]
2026-08-25 16:28:18 [INFO] [task-rebind] [CATALOG] Telepített driver-infó: 193 eszköz
2026-08-25 16:28:18 [DEBUG] [task-rebind] [CALL] DriverToolApi._get_installed_driver_info -> {'SWD\\PRINTENUM\\{D04F27B3-CB9C-426F-A1CA-1D81DB1D34C8}': {'version': '10.0.19041.1', 'date': '2006-06-21', 'provider': 'Microsoft', 'inf': 'printqueue.inf'}, 'SWD\\PRINTENUM\\{8B82CBFE-FB5C-450A-84E3-F7591FFBC6F1}': {'version': '10.0.19041.1', 'date': '2006-06-21', 'provider': 'Microsoft', 'inf': ...[+27318 kar.] (1.91s)
2026-08-25 16:28:18 [DEBUG] [task-rebind] [CALL] DriverToolApi._device_on_vendor_driver -> False (1.91s)
2026-08-25 16:28:18 [WARNING] [task-rebind] [REBIND] NEM SIKERÜLT (újraenumerálással): USB kompozit eszköz
2026-08-25 16:28:18 [DEBUG] [task-rebind] [CALL] DriverToolApi._rebind_device -> False (10.16s)
2026-08-25 16:28:18 [INFO] [task-rebind] [EMIT:task_progress] ❌ Nem sikerült - az eszköz a Windows alapdriverén marad.
2026-08-25 16:28:18 [INFO] [task-rebind] [EMIT:task_progress] 📊 Kész: 0 eszköz visszakötve a gyári driverre.
2026-08-25 16:28:18 [INFO] [task-rebind] [EMIT:task_progress] ⚠️ 8 eszközt nem sikerült: HID-kompatibilis egér, HID-kompatibilis, gyártó által definiált eszköz, USB kompozit eszköz, Microsoft Input Configuration Device, HID-szabványos érintőpárna, High Definition Audio hangvezérlő
2026-08-25 16:28:18 [INFO] [task-rebind] [EMIT:task_progress] 👉 Ezekhez a gyártó letöltőoldaláról telepíts drivert kézzel.
2026-08-25 16:28:18 [INFO] [task-rebind] [EMIT:task_complete] ✅ 0 eszköz javítva
2026-08-25 16:28:18 [INFO] [task-rebind] [THREAD:rebind] Befejezve (147.2s)
2026-08-25 16:30:52 [DEBUG] [Thread-122 (_call)] [JS_UI] [UI-AKCIO] Kattintás: button#mp-close-btn "✓ OK"
2026-08-25 17:17:17 [INFO] [MainThread] ==================================================
2026-08-25 17:17:17 [INFO] [MainThread] DriverVarázsló ELINDITVA (Build 273)
2026-08-25 17:17:17 [INFO] [MainThread] Parancssor: ['C:\\Users\\user\\Desktop\\DriverVarazslo.exe']
2026-08-25 17:17:17 [INFO] [MainThread] Futtatasi konyvtar: C:\Users\user\Desktop
2026-08-25 17:17:17 [INFO] [MainThread] Admin jog: True
2026-08-25 17:17:17 [INFO] [MainThread] ==================================================
2026-08-25 17:17:17 [INFO] [MainThread] [PREREQ] --------------------------------------------------------
2026-08-25 17:17:17 [INFO] [MainThread] [PREREQ] Rendszer: Windows 10 (10.0.19045) AMD64
2026-08-25 17:17:17 [INFO] [MainThread] [PREREQ] Admin: True | Fagyasztott exe: True | Szabad hely a rendszerlemezen: 68678 MB
2026-08-25 17:17:17 [INFO] [MainThread] [PREREQ] .NET Framework: 4.8.1 (Release=533325) - MEGFELELŐ a grafikus felülethez
2026-08-25 17:17:17 [INFO] [MainThread] [PREREQ] WebView2 Runtime: 151.0.4129.101
2026-08-25 17:17:17 [INFO] [MainThread] [PREREQ] pywebview: ismeretlen, becsomagolt WebView2 SDK: 1.0.2957.106
2026-08-25 17:17:17 [INFO] [MainThread] [PREREQ] PowerShell: 5.1.19041.1
2026-08-25 17:17:17 [INFO] [MainThread] [PREREQ] TLS 1.2 (kliens, schannel): alapértelmezett (nincs külön beállítva)
2026-08-25 17:17:17 [INFO] [MainThread] [PREREQ] pnputil szintaxis: új (perjeles), /scan-devices is elérhető
2026-08-25 17:17:17 [INFO] [MainThread] [PREREQ] --------------------------------------------------------
2026-08-25 17:17:17 [INFO] [MainThread] [INIT] WebView2 Runtime OK: v151.0.4129.101
2026-08-25 17:17:17 [INFO] [MainThread] [INIT] DriverToolApi inicializálás...
2026-08-25 17:17:17 [INFO] [MainThread] [INIT] sys_drive=C:\
2026-08-25 17:17:17 [DEBUG] [MainThread] [CALL] DriverToolApi._restore_power_after_stress()
2026-08-25 17:17:17 [DEBUG] [MainThread] [CALL] DriverToolApi._restore_power_after_stress -> None (0.00s)
2026-08-25 17:17:17 [DEBUG] [MainThread] [CALL] DriverToolApi._cleanup_leftover_autofix_policy()
2026-08-25 17:17:17 [DEBUG] [MainThread] [CALL] DriverToolApi._autofix_stats_path()
2026-08-25 17:17:17 [DEBUG] [MainThread] [CALL] DriverToolApi._autofix_stats_path -> 'C:\\DriverVarazslo\\autofix_stats.json' (0.00s)
2026-08-25 17:17:17 [DEBUG] [MainThread] [AUTOFIX-CLEANUP] Nincs félbehagyott lánc-állapotfájl - nincs mit takarítani.
2026-08-25 17:17:17 [DEBUG] [MainThread] [CALL] DriverToolApi._cleanup_leftover_autofix_policy -> None (0.00s)
2026-08-25 17:17:17 [DEBUG] [MainThread] [CALL] DriverToolApi._deferred_inf_cleanup_path()
2026-08-25 17:17:17 [DEBUG] [MainThread] [CALL] DriverToolApi._deferred_inf_cleanup_path -> 'C:\\DriverVarazslo\\pending_inf_cleanup.json' (0.00s)
2026-08-25 17:17:17 [INFO] [MainThread] [INIT] DriverToolApi kész.
2026-08-25 17:17:17 [DEBUG] [MainThread] [GUI-ŐR] Indítási kísérlet jelölve (wv2=151.0.4129.101|net=533325).
2026-08-25 17:17:17 [INFO] [MainThread] [MAIN] webview.start() hívása... (ez a natívan is elszállható szakasz; ha a napló itt ér véget, a felület omlott össze)
2026-08-25 17:17:18 [INFO] [Thread-3 (on_start)] [CALL] DriverToolApi.set_window(<webview.window.Window object at 0x000002642B4CBC20>)
2026-08-25 17:17:18 [INFO] [Thread-3 (on_start)] [WINDOW] WebView ablak beállítása...
2026-08-25 17:17:19 [INFO] [Thread-8 (_call)] [CALL] DriverToolApi.get_init_data()
2026-08-25 17:17:19 [INFO] [Thread-8 (_call)] [API] get_init_data() hívás - build=273, target=None
2026-08-25 17:17:19 [INFO] [Thread-3 (on_start)] [WINDOW] WebView2 DOM kész (1 próba után, 0.1s)
2026-08-25 17:17:19 [INFO] [Thread-8 (_call)] [CALL] DriverToolApi.get_init_data -> {'build': 273, 'sys_drive': 'C:\\', 'target_os': None, 'resume_mode': False, 'resume_step1': False, 'app_data_dir': 'C:\\DriverVarazslo'} (0.02s)
2026-08-25 17:17:19 [DEBUG] [Thread-3 (on_start)] [GUI-ŐR] A felület elindult - indítási jelző törölve.
2026-08-25 17:17:19 [INFO] [Thread-3 (on_start)] [CALL] DriverToolApi.set_window -> None (1.45s)
2026-08-25 17:17:19 [INFO] [Thread-10 (_call)] [CALL] DriverToolApi.load_drivers(False)
2026-08-25 17:17:19 [INFO] [Thread-10 (_call)] [API] load_drivers(all_drivers=False)
2026-08-25 17:17:19 [INFO] [Thread-11 (_call)] [CALL] DriverToolApi.get_service_tools_status()
2026-08-25 17:17:19 [DEBUG] [drivers-load] [EMIT:drivers_loading] data=None
2026-08-25 17:17:19 [INFO] [Thread-1 (webview_watchdog)] [WATCHDOG] WebView2 sikeresen elindult
2026-08-25 17:17:19 [INFO] [Thread-10 (_call)] [CALL] DriverToolApi.load_drivers -> None (0.00s)
2026-08-25 17:17:19 [DEBUG] [Thread-11 (_call)] [CALL] DriverToolApi._load_tool_install_records()
2026-08-25 17:17:19 [INFO] [Thread-12 (_call)] [CALL] DriverToolApi.check_for_updates()
2026-08-25 17:17:19 [INFO] [drivers-load] [DRIVERS] Third-party driverek lekérdezés
2026-08-25 17:17:19 [DEBUG] [Thread-11 (_call)] [CALL] DriverToolApi._tool_install_record_path()
2026-08-25 17:17:19 [INFO] [Thread-12 (_call)] [UPDATE] check_for_updates()
2026-08-25 17:17:19 [DEBUG] [drivers-load] [CALL] DriverToolApi._get_third_party_drivers()
2026-08-25 17:17:19 [DEBUG] [Thread-11 (_call)] [CALL] DriverToolApi._tool_install_record_path -> 'C:\\DriverVarazslo\\installed_tools.json' (0.00s)
2026-08-25 17:17:19 [DEBUG] [drivers-load] [DRIVERS] dism /English /Online /Get-Drivers futtatása...
2026-08-25 17:17:19 [DEBUG] [Thread-11 (_call)] [CALL] DriverToolApi._load_tool_install_records -> {} (0.00s)
2026-08-25 17:17:19 [DEBUG] [drivers-load] [CMD] Futtatás: dism /English /Online /Get-Drivers
2026-08-25 17:17:19 [INFO] [Thread-11 (_call)] [CALL] DriverToolApi.get_service_tools_status -> {'furmark': {'installed': False, 'path': None}, 'prime95': {'installed': False, 'path': None}, 'linpack': {'installed': False, 'path': None}, 'hwinfo': {'installed': False, 'path': None}, 'hdsentinel': {'installed': False, 'path': None}, 'cpuz': {'installed': False, 'path': None}, 'gpuz': {'installe...[+126 kar.] (0.00s)
2026-08-25 17:17:19 [INFO] [Thread-12 (_call)] [UPDATE] Update ellenőrzése erről a címről (1/3. próbálkozás): https://raw.githubusercontent.com/egonixaimgod/DriverVarazslo/main/driver_tool.py?t=1787671039
2026-08-25 17:17:19 [INFO] [Thread-12 (_call)] [UPDATE] Letöltött BUILD_NUMBER: 274, Helyi: 273
2026-08-25 17:17:19 [INFO] [Thread-12 (_call)] [UPDATE] Új verzió elérhető: 274 (Jelenlegi: 273)
2026-08-25 17:17:19 [INFO] [Thread-12 (_call)] [CALL] DriverToolApi.check_for_updates -> {'has_update': True, 'new_version': 274} (0.34s)
2026-08-25 17:17:21 [DEBUG] [Thread-15 (_call)] [JS_UI] [UI-AKCIO] Kattintás: button#mc-yes "Igen"
2026-08-25 17:17:21 [INFO] [Thread-16 (_call)] [CALL] DriverToolApi.perform_update()
2026-08-25 17:17:21 [INFO] [Thread-16 (_call)] [UPDATE] perform_update indítása...
2026-08-25 17:17:21 [DEBUG] [Thread-16 (_call)] [CALL] DriverToolApi._safe_thread('update', <function GuiUpdaterMixin.perform_update.<locals>.worker at 0x000002642B95B920>)
2026-08-25 17:17:21 [INFO] [task-update] [THREAD:update] Háttérszál indul...
2026-08-25 17:17:21 [DEBUG] [Thread-16 (_call)] [CALL] DriverToolApi._safe_thread -> None (0.00s)
2026-08-25 17:17:21 [DEBUG] [task-update] [EMIT:task_start] data={"task": "update", "title": "Program Frissítése"}
2026-08-25 17:17:21 [INFO] [Thread-16 (_call)] [CALL] DriverToolApi.perform_update -> None (0.00s)
2026-08-25 17:17:21 [INFO] [task-update] [UPDATE] EXE letöltése innen: https://raw.githubusercontent.com/egonixaimgod/DriverVarazslo/main/dist/DriverVarazslo.exe?t=1787671041
2026-08-25 17:17:21 [INFO] [task-update] [UPDATE] Cél fájl: C:\Users\user\AppData\Local\Temp\DriverVarazslo_Update_1787671041.exe
2026-08-25 17:17:21 [INFO] [task-update] [EMIT:task_progress] Új verzió letöltése GitHubról...
2026-08-25 17:17:21 [INFO] [task-update] [UPDATE] Letöltés innen: https://raw.githubusercontent.com/egonixaimgod/DriverVarazslo/main/dist/DriverVarazslo.exe?t=1787671041
2026-08-25 17:17:22 [INFO] [task-update] [UPDATE] Letöltve: C:\Users\user\AppData\Local\Temp\DriverVarazslo_Update_1787671041.exe
2026-08-25 17:17:22 [INFO] [task-update] [UPDATE] EXE letöltve. Fájlméret: 16313904 byte.
2026-08-25 17:17:22 [INFO] [task-update] [EMIT:task_progress] ✅ Letöltés kész! A program frissítése és újraindítása következik...
2026-08-25 17:17:22 [INFO] [task-update] [UPDATE] Jelenlegi futtatható fájl: C:\Users\user\Desktop\DriverVarazslo.exe
2026-08-25 17:17:22 [INFO] [task-update] [UPDATE] Asztali elérési út: C:\Users\user\Desktop\DriverVarazslo.exe
2026-08-25 17:17:22 [INFO] [task-update] [UPDATE] .bat fájl írása: C:\Users\user\AppData\Local\Temp\dv_update_1787671042.bat
2026-08-25 17:17:24 [INFO] [task-update] [UPDATE] .bat fájl elindítása és program bezárása...
2026-08-25 17:17:28 [INFO] [MainThread] ==================================================
2026-08-25 17:17:28 [INFO] [MainThread] DriverVarázsló ELINDITVA (Build 274)
2026-08-25 17:17:28 [INFO] [MainThread] Parancssor: ['C:\\Users\\user\\Desktop\\DriverVarazslo.exe']
2026-08-25 17:17:28 [INFO] [MainThread] Futtatasi konyvtar: C:\Users\user\Desktop
2026-08-25 17:17:28 [INFO] [MainThread] Admin jog: True
2026-08-25 17:17:28 [INFO] [MainThread] ==================================================
2026-08-25 17:17:28 [INFO] [MainThread] [PREREQ] --------------------------------------------------------
2026-08-25 17:17:28 [INFO] [MainThread] [PREREQ] Rendszer: Windows 10 (10.0.19045) AMD64
2026-08-25 17:17:28 [INFO] [MainThread] [PREREQ] Admin: True | Fagyasztott exe: True | Szabad hely a rendszerlemezen: 68645 MB
2026-08-25 17:17:28 [INFO] [MainThread] [PREREQ] .NET Framework: 4.8.1 (Release=533325) - MEGFELELŐ a grafikus felülethez
2026-08-25 17:17:28 [INFO] [MainThread] [PREREQ] WebView2 Runtime: 151.0.4129.101
2026-08-25 17:17:28 [INFO] [MainThread] [PREREQ] pywebview: ismeretlen, becsomagolt WebView2 SDK: 1.0.2957.106
2026-08-25 17:17:28 [INFO] [MainThread] [PREREQ] PowerShell: 5.1.19041.1
2026-08-25 17:17:28 [INFO] [MainThread] [PREREQ] TLS 1.2 (kliens, schannel): alapértelmezett (nincs külön beállítva)
2026-08-25 17:17:28 [INFO] [MainThread] [PREREQ] pnputil szintaxis: új (perjeles), /scan-devices is elérhető
2026-08-25 17:17:28 [INFO] [MainThread] [PREREQ] --------------------------------------------------------
2026-08-25 17:17:28 [INFO] [MainThread] [INIT] WebView2 Runtime OK: v151.0.4129.101
2026-08-25 17:17:28 [INFO] [MainThread] [INIT] DriverToolApi inicializálás...
2026-08-25 17:17:28 [INFO] [MainThread] [INIT] sys_drive=C:\
2026-08-25 17:17:28 [DEBUG] [MainThread] [CALL] DriverToolApi._restore_power_after_stress()
2026-08-25 17:17:28 [DEBUG] [MainThread] [CALL] DriverToolApi._restore_power_after_stress -> None (0.00s)
2026-08-25 17:17:28 [DEBUG] [MainThread] [CALL] DriverToolApi._cleanup_leftover_autofix_policy()
2026-08-25 17:17:28 [DEBUG] [MainThread] [CALL] DriverToolApi._autofix_stats_path()
2026-08-25 17:17:28 [DEBUG] [MainThread] [CALL] DriverToolApi._autofix_stats_path -> 'C:\\DriverVarazslo\\autofix_stats.json' (0.00s)
2026-08-25 17:17:28 [DEBUG] [MainThread] [AUTOFIX-CLEANUP] Nincs félbehagyott lánc-állapotfájl - nincs mit takarítani.
2026-08-25 17:17:28 [DEBUG] [MainThread] [CALL] DriverToolApi._cleanup_leftover_autofix_policy -> None (0.00s)
2026-08-25 17:17:28 [DEBUG] [MainThread] [CALL] DriverToolApi._deferred_inf_cleanup_path()
2026-08-25 17:17:28 [DEBUG] [MainThread] [CALL] DriverToolApi._deferred_inf_cleanup_path -> 'C:\\DriverVarazslo\\pending_inf_cleanup.json' (0.00s)
2026-08-25 17:17:28 [INFO] [MainThread] [INIT] DriverToolApi kész.
2026-08-25 17:17:28 [DEBUG] [MainThread] [GUI-ŐR] Indítási kísérlet jelölve (wv2=151.0.4129.101|net=533325).
2026-08-25 17:17:28 [INFO] [MainThread] [MAIN] webview.start() hívása... (ez a natívan is elszállható szakasz; ha a napló itt ér véget, a felület omlott össze)
2026-08-25 17:17:29 [INFO] [Thread-3 (on_start)] [CALL] DriverToolApi.set_window(<webview.window.Window object at 0x0000025410A1BDD0>)
2026-08-25 17:17:29 [INFO] [Thread-3 (on_start)] [WINDOW] WebView ablak beállítása...
2026-08-25 17:17:30 [INFO] [Thread-3 (on_start)] [WINDOW] WebView2 DOM kész (1 próba után, 0.1s)
2026-08-25 17:17:30 [DEBUG] [Thread-3 (on_start)] [GUI-ŐR] A felület elindult - indítási jelző törölve.
2026-08-25 17:17:30 [INFO] [Thread-3 (on_start)] [CALL] DriverToolApi.set_window -> None (0.88s)
2026-08-25 17:17:30 [INFO] [Thread-9 (_call)] [CALL] DriverToolApi.get_init_data()
2026-08-25 17:17:30 [INFO] [Thread-9 (_call)] [API] get_init_data() hívás - build=274, target=None
2026-08-25 17:17:30 [INFO] [Thread-9 (_call)] [CALL] DriverToolApi.get_init_data -> {'build': 274, 'sys_drive': 'C:\\', 'target_os': None, 'resume_mode': False, 'resume_step1': False, 'app_data_dir': 'C:\\DriverVarazslo'} (0.00s)
2026-08-25 17:17:30 [INFO] [Thread-11 (_call)] [CALL] DriverToolApi.load_drivers(False)
2026-08-25 17:17:30 [INFO] [Thread-11 (_call)] [API] load_drivers(all_drivers=False)
2026-08-25 17:17:30 [INFO] [Thread-12 (_call)] [CALL] DriverToolApi.get_service_tools_status()
2026-08-25 17:17:30 [INFO] [Thread-13 (_call)] [CALL] DriverToolApi.check_for_updates()
2026-08-25 17:17:30 [DEBUG] [drivers-load] [EMIT:drivers_loading] data=None
2026-08-25 17:17:30 [INFO] [Thread-11 (_call)] [CALL] DriverToolApi.load_drivers -> None (0.00s)
2026-08-25 17:17:30 [DEBUG] [Thread-12 (_call)] [CALL] DriverToolApi._load_tool_install_records()
2026-08-25 17:17:30 [INFO] [Thread-13 (_call)] [UPDATE] check_for_updates()
2026-08-25 17:17:30 [INFO] [drivers-load] [DRIVERS] Third-party driverek lekérdezés
2026-08-25 17:17:30 [DEBUG] [Thread-12 (_call)] [CALL] DriverToolApi._tool_install_record_path()
2026-08-25 17:17:30 [DEBUG] [drivers-load] [CALL] DriverToolApi._get_third_party_drivers()
2026-08-25 17:17:30 [DEBUG] [drivers-load] [DRIVERS] dism /English /Online /Get-Drivers futtatása...
2026-08-25 17:17:30 [DEBUG] [Thread-12 (_call)] [CALL] DriverToolApi._tool_install_record_path -> 'C:\\DriverVarazslo\\installed_tools.json' (0.00s)
2026-08-25 17:17:30 [DEBUG] [drivers-load] [CMD] Futtatás: dism /English /Online /Get-Drivers
2026-08-25 17:17:30 [DEBUG] [Thread-12 (_call)] [CALL] DriverToolApi._load_tool_install_records -> {} (0.00s)
2026-08-25 17:17:30 [INFO] [Thread-12 (_call)] [CALL] DriverToolApi.get_service_tools_status -> {'furmark': {'installed': False, 'path': None}, 'prime95': {'installed': False, 'path': None}, 'linpack': {'installed': False, 'path': None}, 'hwinfo': {'installed': False, 'path': None}, 'hdsentinel': {'installed': False, 'path': None}, 'cpuz': {'installed': False, 'path': None}, 'gpuz': {'installe...[+126 kar.] (0.00s)
2026-08-25 17:17:30 [INFO] [Thread-13 (_call)] [UPDATE] Update ellenőrzése erről a címről (1/3. próbálkozás): https://raw.githubusercontent.com/egonixaimgod/DriverVarazslo/main/driver_tool.py?t=1787671050
2026-08-25 17:17:30 [INFO] [Thread-1 (webview_watchdog)] [WATCHDOG] WebView2 sikeresen elindult
2026-08-25 17:17:30 [INFO] [Thread-13 (_call)] [UPDATE] Letöltött BUILD_NUMBER: 274, Helyi: 274
2026-08-25 17:17:30 [INFO] [Thread-13 (_call)] [UPDATE] Nincs újabb verzió.
2026-08-25 17:17:33 [INFO] [Thread-13 (_call)] [UPDATE] Update ellenőrzése erről a címről (2/3. próbálkozás): https://raw.githubusercontent.com/egonixaimgod/DriverVarazslo/main/driver_tool.py?t=1787671053
2026-08-25 17:17:33 [INFO] [Thread-13 (_call)] [UPDATE] Letöltött BUILD_NUMBER: 274, Helyi: 274
2026-08-25 17:17:33 [INFO] [Thread-13 (_call)] [UPDATE] Nincs újabb verzió.
2026-08-25 17:17:35 [DEBUG] [Thread-16 (_call)] [JS_UI] [UI-AKCIO] Kattintás: button[view=hw] "🖥️ Driver Keresés és Telepítés"
2026-08-25 17:17:36 [INFO] [Thread-13 (_call)] [UPDATE] Update ellenőrzése erről a címről (3/3. próbálkozás): https://raw.githubusercontent.com/egonixaimgod/DriverVarazslo/main/driver_tool.py?t=1787671056
2026-08-25 17:17:36 [INFO] [Thread-13 (_call)] [UPDATE] Letöltött BUILD_NUMBER: 274, Helyi: 274
2026-08-25 17:17:36 [INFO] [Thread-13 (_call)] [UPDATE] Nincs újabb verzió.
2026-08-25 17:17:36 [INFO] [Thread-13 (_call)] [CALL] DriverToolApi.check_for_updates -> {'has_update': False} (6.45s)
2026-08-25 17:17:38 [DEBUG] [Thread-17 (_call)] [JS_UI] [UI-AKCIO] Kattintás: button[view=autofix] "🚀 1 Kattintásos Driver Fix"
2026-08-25 17:17:40 [DEBUG] [drivers-load] [CMD] OK (10.0s)
2026-08-25 17:17:40 [DEBUG] [drivers-load] [CMD] stdout: Deployment Image Servicing and Management tool
Version: 10.0.19041.3636

Image Version: 10.0.19045.6466

Obtaining list of 3rd party drivers from the driver store...

Driver packages listing:

Published Name : oem0.inf
Original File Name : prnms006.inf
Inbox : No
Class Name : Printer
Provider Name : Microsoft
Date : 2016. 11. 29.
Version : 16.0.7629.4000

Published Name : oem1.inf
Original File Name : prnms001.inf
Inbox : No
Class Name : Printer
Provider Name : Microsoft
Date : 2006. 06. 21.
Version : 10.0.19041.1806

Published Name : oem10.inf
Original File Name : powermgrextension.inf
Inbox : No
Class Name : Extension
Provider Name : Lenovo
Date : 2018. 10. 24.
Version : 1.0.1.0

Published Name : oem100.inf
Original File Name : sunrisepoint-hsystemlpss.inf
Inbox : No
Class Name : System
Provider Name : INTEL
Date : 1970. 01. 01.
Version : 10.1.1.38

Published Name : oem106.inf
Original File Name : rtlejf.inf
Inbox : No
Class Name : Camera
Provider Name : Realtek
Date : 2026. 05. 07.
Version : 10.0.22000.20409

Published Name : oem11.inf
Original File Name : sunrisepoint-lpsystemthermal.inf
Inbox : No
Class Name : System
Provider Name : INTEL
Date : 1968. 07. 18.
Version : 10.1.5.1

Published Name : oem115.inf
Original File Name : sunrisepoint-lpsystem.inf
Inbox : No
Class Name : System
Provider Name : INTEL
Date : 2018. 07. 18.
Version : 10.1.1.44

Published Name : oem125.inf
Original File Name : sunrisepoint-lpsystemthermal.inf
Inbox : No
Class Name : System
Provider Name : INTEL
Date : 2018. 07. 18.
Version : 10.1.1.44

Published Name : oem136.inf
Original File Name : sunrisepoint-lpsystem.inf
Inbox : No
Class Name : System
Provider Name : INTEL
Date : 2017. 07. 18.
Version : 10.1.5.1

Published Name : oem138.inf
Original File Name : sunrisepoint-lpsystemlpss.inf
Inbox : No
Class Name : System
Provider Name : INTEL
Date : 2017. 07. 18.
Version : 10.1.5.1

Published Name : oem15.inf
Original File Name : tbt100x.inf
Inbox : No
Class Name : System
Provider Name : Intel(R) Corporation
Date : 2019. 10. 02.
Version : 17.4.80.94

Published Name : oem17.inf
Original File Name : hdxlvj.inf
Inbox : No
Class Name : MEDIA
Provider Name : Realtek Semiconductor Corp.
Date : 2020. 07. 14.
Version : 6.0.8988.1

Published Name : oem18.inf
Original File Name : intelgnssdriver.inf
Inbox : No
Class Name : Sensor
Provider Name : Fibocom Wireless Inc.
Date : 2020. 11. 17.
Version : 3.19041.2034.1

Published Name : oem19.inf
Original File Name : synpd.inf
Inbox : No
Class Name : Mouse
Provider Name : Synaptics
Date : 2021. 05. 06.
Version : 19.3.4.228

Published Name : oem194.inf
Original File Name : hdxlv.inf
Inbox : No
Class Name : MEDIA
Provider Name : Realtek Semiconductor Corp.
Date : 2021. 03. 23.
Version : 6.0.9136.1

Published Name : oem2.inf
Original File Name : prnms009.inf
Inbox : No
Class Name : Printer
Provider Name : Microsoft
Date : 2006. 06. 21.
Version : 10.0.19041.1806

Published Name : oem20.inf
Original File Name : synhidmini.inf
Inbox : No
Class Name : HIDClass
Provider Name : Synaptics
Date : 2021. 05. 06.
Version : 19.3.4.228

Published Name : oem21.inf
Original File Name : synsmbdrv.inf
Inbox : No
Class Name : System
Provider Name : Synaptics
Date : 2021. 05. 06.
Version : 19.3.4.228

Published Name : oem23.inf
Original File Name : e1d68x64.inf
Inbox : No
Class Name : Net
Provider Name : Intel
Date : 2021. 02. 10.
Version : 12.19.1.37

Published Name : oem26.inf
Original File Name : sgx_base.inf
Inbox : No
Class Name : System
Provider Name : Intel Corporation
Date : 2024. 09. 13.
Version : 2.25.100.3

Published Name : oem28.inf
Original File Name : ibmpmdrv.inf
Inbox : No
Class Name : System
Provider Name : Lenovo
Date : 2025. 10. 27.
Version : 1.69.132.0

Published Name : oem29.inf
Original File Name : tplcd.inf
Inbox : No
Class Name : Monitor
Provider Name : Lenovo
Date : 2025. 12. 16.
Version : 6.14.29.0

Published Name : oem3.inf
Original File Name : hpc1320u.inf
Inbox : No
Class Name : Printer
Provider Name : HP
Date... [TRUNCATED]
2026-08-25 17:17:40 [DEBUG] [drivers-load] [CALL] DriverToolApi._get_third_party_drivers -> [{'version': '16.0.7629.4000', 'published': 'oem0.inf', 'original': 'prnms006.inf', 'class': 'Printer', 'provider': 'Microsoft', 'date': ''}, {'published': 'oem1.inf', 'original': 'prnms001.inf', 'class': 'Printer', 'provider': 'Microsoft', 'date': '', 'version': '10.0.19041.1806'}, {'published': 'o...[+8776 kar.] (9.98s)
2026-08-25 17:17:40 [INFO] [drivers-load] [DRIVERS] Betöltve: 63 driver (10.0s)
2026-08-25 17:17:40 [DEBUG] [drivers-load] [EMIT:drivers_loaded] data={"drivers": [{"version": "16.0.7629.4000", "published": "oem0.inf", "original": "prnms006.inf", "class": "Printer", "provider": "Microsoft", "date": ""}, {"published": "oem1.inf", "original": "prnms00
2026-08-25 17:17:45 [DEBUG] [Thread-18 (_call)] [JS_UI] [UI-AKCIO] Kattintás: button#btn-autofix "🚀 FIX INDÍTÁSA"
2026-08-25 17:17:45 [INFO] [Thread-19 (_call)] [CALL] DriverToolApi.get_autofix_delete_preview([{'published': 'oem0.inf', 'original': 'prnms006.inf', 'provider': 'Microsoft', 'version': '16.0.7629.4000', 'class': 'Printer'}, {'published': 'oem1.inf', 'original': 'prnms001.inf', 'provider': 'Mic...[+8120 kar.])
2026-08-25 17:17:45 [INFO] [Thread-19 (_call)] [PREVIEW] A driver-listát a felülettől kaptuk (63 csomag) - a dism lekérdezés kihagyva.
2026-08-25 17:17:45 [INFO] [Thread-20 (_call)] [CALL] DriverToolApi.get_autofix_net_state()
2026-08-25 17:17:45 [DEBUG] [preview_0] [CMD] Futtatás: powershell -NoProfile -Command 
[Console]::OutputEncoding = [System.Text.Encoding]::UTF8
Get-WmiObject Win32_PnPSignedDriver -ErrorAction SilentlyContinue |
  Where-Object { $_.InfName -and $_.DeviceName } |
  Select-Object InfName, DeviceName, DeviceClass |
  ConvertTo-Json -Compress

2026-08-25 17:17:45 [DEBUG] [Thread-20 (_call)] [CMD] Futtatás: powershell -NoProfile -ExecutionPolicy Bypass -Command 
[Console]::OutputEncoding = [System.Text.Encoding]::UTF8
$out = @{ WifiUp = $false; WiredUp = $false; WifiPresent = $false; Adapter = ''; Alias = ''; Inf = ''; Ssid = ''; PnpId = '' }
try {
    # MINDEN fizikai adaptert végignézünk, nem csak a 
2026-08-25 17:17:45 [DEBUG] [preview_1] [CMD] Futtatás: powershell -NoProfile -ExecutionPolicy Bypass -Command 
[Console]::OutputEncoding = [System.Text.Encoding]::UTF8
$out = @{ Infs = @(); Providers = @() }
try {
    Get-PrinterDriver -ErrorAction SilentlyContinue | ForEach-Object {
        if ($_.InfPath) { $out.Infs += [System.IO.Path]::GetFileName("
2026-08-25 17:17:45 [DEBUG] [preview_2] [CMD] Futtatás: powershell -NoProfile -ExecutionPolicy Bypass -Command 
[Console]::OutputEncoding = [System.Text.Encoding]::UTF8
$out = @{ WifiUp = $false; WiredUp = $false; WifiPresent = $false; Adapter = ''; Alias = ''; Inf = ''; Ssid = ''; PnpId = '' }
try {
    # MINDEN fizikai adaptert végignézünk, nem csak a 
2026-08-25 17:17:45 [DEBUG] [preview_3] [CMD] Futtatás: powershell -NoProfile -ExecutionPolicy Bypass -Command 
[Console]::OutputEncoding = [System.Text.Encoding]::UTF8
$out = @{ Infs = @(); Chain = @(); Found = $false }
$diskIds = @()
$sysDrive = "$env:SystemDrive"
# 1) Elsődleges út: WMI asszociációk C: -> partíció -> fizikai lemez PNPDeviceID.
try {
 
2026-08-25 17:17:54 [DEBUG] [Thread-31 (_call)] [JS_UI] [UI-AKCIO] Kattintás: button#mc-cancel "Mégse"
2026-08-25 17:17:54 [DEBUG] [preview_0] [CMD] OK (9.0s)
2026-08-25 17:17:54 [DEBUG] [preview_0] [CMD] stdout: [{"InfName":"printqueue.inf","DeviceName":"Local Print Queue","DeviceClass":"PRINTQUEUE"},{"InfName":"printqueue.inf","DeviceName":"Local Print Queue","DeviceClass":"PRINTQUEUE"},{"InfName":"printqueue.inf","DeviceName":"Local Print Queue","DeviceClass":"PRINTQUEUE"},{"InfName":"printqueue.inf","DeviceName":"Local Print Queue","DeviceClass":"PRINTQUEUE"},{"InfName":"printqueue.inf","DeviceName":"Local Print Queue","DeviceClass":"PRINTQUEUE"},{"InfName":"printqueue.inf","DeviceName":"Local Print Queue","DeviceClass":"PRINTQUEUE"},{"InfName":"printqueue.inf","DeviceName":"Local Print Queue","DeviceClass":"PRINTQUEUE"},{"InfName":"printqueue.inf","DeviceName":"Local Print Queue","DeviceClass":"PRINTQUEUE"},{"InfName":"netrasa.inf","DeviceName":"WAN Miniport (Network Monitor)","DeviceClass":"NET"},{"InfName":"netrasa.inf","DeviceName":"WAN Miniport (IPv6)","DeviceClass":"NET"},{"InfName":"netrasa.inf","DeviceName":"WAN Miniport (IP)","DeviceClass":"NET"},{"InfName":"netrasa.inf","DeviceName":"WAN Miniport (PPPOE)","DeviceClass":"NET"},{"InfName":"netrasa.inf","DeviceName":"WAN Miniport (PPTP)","DeviceClass":"NET"},{"InfName":"netrasa.inf","DeviceName":"WAN Miniport (L2TP)","DeviceClass":"NET"},{"InfName":"netavpna.inf","DeviceName":"WAN Miniport (IKEv2)","DeviceClass":"NET"},{"InfName":"netsstpa.inf","DeviceName":"WAN Miniport (SSTP)","DeviceClass":"NET"},{"InfName":"c_swdevice.inf","DeviceName":"Generic software device","DeviceClass":"SOFTWAREDEVICE"},{"InfName":"c_swdevice.inf","DeviceName":"Generic software device","DeviceClass":"SOFTWAREDEVICE"},{"InfName":"c_swdevice.inf","DeviceName":"Generic software device","DeviceClass":"SOFTWAREDEVICE"},{"InfName":"c_swdevice.inf","DeviceName":"Generic software device","DeviceClass":"SOFTWAREDEVICE"},{"InfName":"c_swdevice.inf","DeviceName":"Generic software device","DeviceClass":"SOFTWAREDEVICE"},{"InfName":"c_swdevice.inf","DeviceName":"Generic software device","DeviceClass":"SOFTWAREDEVICE"},{"InfName":"printqueue.inf","DeviceName":"Local Print Queue","DeviceClass":"PRINTQUEUE"},{"InfName":"prnms012.inf","DeviceName":"Microsoft IPP Class Driver","DeviceClass":"PRINTER"},{"InfName":"c_swdevice.inf","DeviceName":"HP Color LaserJet MFP M477fdw","DeviceClass":"SOFTWAREDEVICE"},{"InfName":"c_swdevice.inf","DeviceName":"HP Color LaserJet MFP M477fdw (5B4A4C)","DeviceClass":"IMAGE"},{"InfName":"c_swdevice.inf","DeviceName":"Generic software device","DeviceClass":"SOFTWAREDEVICE"},{"InfName":"c_swdevice.inf","DeviceName":"Generic software device","DeviceClass":"SOFTWAREDEVICE"},{"InfName":"c_swdevice.inf","DeviceName":"Generic software device","DeviceClass":"SOFTWAREDEVICE"},{"InfName":"rdpbus.inf","DeviceName":"Remote Desktop Device Redirector Bus","DeviceClass":"SYSTEM"},{"InfName":"swenum.inf","DeviceName":"Plug and Play Software Device Enumerator","DeviceClass":"SYSTEM"},{"InfName":"mssmbios.inf","DeviceName":"Microsoft System Management BIOS Driver","DeviceClass":"SYSTEM"},{"InfName":"ndisvirtualbus.inf","DeviceName":"NDIS Virtual Network Adapter Enumerator","DeviceClass":"SYSTEM"},{"InfName":"input.inf","DeviceName":"HID-compliant vendor-defined device","DeviceClass":"HIDCLASS"},{"InfName":"mtconfig.inf","DeviceName":"Microsoft Input Configuration Device","DeviceClass":"HIDCLASS"},{"InfName":"input.inf","DeviceName":"HID-compliant touch pad","DeviceClass":"HIDCLASS"},{"InfName":"msmouse.inf","DeviceName":"HID-compliant mouse","DeviceClass":"MOUSE"},{"InfName":"oem20.inf","DeviceName":"Synaptics HID-Compliant Touch pad Device","DeviceClass":"HIDCLASS"},{"InfName":"input.inf","DeviceName":"HID-compliant vendor-defined device","DeviceClass":"HIDCLASS"},{"InfName":"mtconfig.inf","DeviceName":"Microsoft Input Configuration Device","DeviceClass":"HIDCLASS"},{"InfName":"input.inf","DeviceName":"HID-compliant touch pad","DeviceClass":"HIDCLASS"},{"InfName":"msmouse.inf","DeviceName":"HID-compliant mouse","DeviceClass":"MOUSE"},{"InfName":"oem20.inf","DeviceName":"Synaptics HID-Compliant Touch p... [TRUNCATED]
2026-08-25 17:17:54 [INFO] [preview_0] [USAGE] 90 driver-csomaghoz található jelen lévő eszköz.
2026-08-25 17:17:55 [DEBUG] [preview_2] [CMD] OK (9.7s)
2026-08-25 17:17:55 [DEBUG] [preview_2] [CMD] stdout: {"Adapter":"Intel(R) Dual Band Wireless-AC 8265 #6","Alias":"Wi-Fi 17","PnpId":"PCI\\VEN_8086\u0026DEV_24FD\u0026SUBSYS_00108086\u0026REV_78\\24EE9AFFFFF8AFE800","WiredUp":false,"Ssid":"MicroStore.hu","Inf":"oem4.inf","WifiUp":true,"WifiPresent":true}
2026-08-25 17:17:55 [INFO] [preview_2] [WIFI] Hálózati állapot: wifi=True vezetékes=False kártya jelen=True adapter='Intel(R) Dual Band Wireless-AC 8265 #6' alias='Wi-Fi 17' inf='oem4.inf' ssid='MicroStore.hu'
2026-08-25 17:17:55 [INFO] [preview_2] [WIFI-PROTECT] Védett Wi-Fi INF: ['oem4.inf'] (adapter: Intel(R) Dual Band Wireless-AC 8265 #6, csatlakozva: True)
2026-08-25 17:17:55 [DEBUG] [Thread-20 (_call)] [CMD] OK (9.7s)
2026-08-25 17:17:55 [DEBUG] [Thread-20 (_call)] [CMD] stdout: {"Adapter":"Intel(R) Dual Band Wireless-AC 8265 #6","Alias":"Wi-Fi 17","PnpId":"PCI\\VEN_8086\u0026DEV_24FD\u0026SUBSYS_00108086\u0026REV_78\\24EE9AFFFFF8AFE800","WiredUp":false,"Ssid":"MicroStore.hu","Inf":"oem4.inf","WifiUp":true,"WifiPresent":true}
2026-08-25 17:17:55 [INFO] [Thread-20 (_call)] [WIFI] Hálózati állapot: wifi=True vezetékes=False kártya jelen=True adapter='Intel(R) Dual Band Wireless-AC 8265 #6' alias='Wi-Fi 17' inf='oem4.inf' ssid='MicroStore.hu'
2026-08-25 17:17:55 [INFO] [Thread-20 (_call)] [WIFI] Dialógus-javaslat: wifi-mód előre bejelölve=True
2026-08-25 17:17:55 [INFO] [Thread-20 (_call)] [CALL] DriverToolApi.get_autofix_net_state -> {'wifi': True, 'wired': False, 'present': True, 'adapter': 'Intel(R) Dual Band Wireless-AC 8265 #6', 'alias': 'Wi-Fi 17', 'inf': 'oem4.inf', 'ssid': 'MicroStore.hu', 'suggest': True} (9.73s)
2026-08-25 17:17:55 [DEBUG] [Thread-32 (_call)] [JS_UI] [UI-AKCIO] Kattintás: button[view=hw] "🖥️ Driver Keresés és Telepítés"
2026-08-25 17:17:59 [DEBUG] [Thread-33 (_call)] [JS_UI] [UI-AKCIO] Kattintás: button#btn-rebind "🔄 Eszközök újrakötése a gyári driverre (ha valami az alapdr"
2026-08-25 17:18:10 [DEBUG] [preview_1] [CMD] OK (24.7s)
2026-08-25 17:18:10 [DEBUG] [preview_1] [CMD] stdout: {"Providers":["Microsoft","Microsoft","Microsoft","Microsoft","Microsoft","Microsoft","Microsoft","HP","Microsoft","Microsoft","Microsoft","Microsoft","Microsoft","Microsoft","Microsoft","Microsoft","Microsoft","Microsoft","Microsoft","Microsoft"],"Infs":["prnms006.inf","prnms001.inf","prnms011.inf","prnms009.inf","prnms012.inf","prnms002.inf","prnms003.inf","hpc1320u.inf","prnms003.inf","printqueue.inf","printqueue.inf","printqueue.inf","c_swdevice.inf","printqueue.inf","printqueue.inf","printqueue.inf","printqueue.inf","printqueue.inf","prnms012.inf","printqueue.inf"]}
2026-08-25 17:18:10 [INFO] [preview_1] [PRINTER-PROTECT] Védett INF-ek: ['c_swdevice.inf', 'hpc1320u.inf', 'printqueue.inf', 'prnms001.inf', 'prnms002.inf', 'prnms003.inf', 'prnms006.inf', 'prnms009.inf', 'prnms011.inf', 'prnms012.inf'], nyomtató-gyártók: []
2026-08-25 17:18:12 [DEBUG] [preview_3] [CMD] OK (27.1s)
2026-08-25 17:18:12 [DEBUG] [preview_3] [CMD] stdout: {"Found":true,"Infs":["disk.inf","uaspstor.inf","usbhub3.inf","usbxhci.inf","pci.inf","acpi.inf","hal.inf"],"Chain":[{"Id":"SCSI\\DISK\u0026VEN_IB-AC703\u0026PROD_-U3\\6\u00264419B6D\u00260\u0026000000","Name":"IB-AC703 -U3 SCSI Disk Device","Class":"DiskDrive","Inf":"disk.inf","Service":"disk"},{"Id":"USB\\VID_152D\u0026PID_0578\\MSFT300000000047DF","Name":"USB-csatlakozású SCSI- (UAS) háttértár","Class":"SCSIAdapter","Inf":"uaspstor.inf","Service":"UASPStor"},{"Id":"USB\\ROOT_HUB30\\4\u0026e673d32\u00261\u00260","Name":"USB-gyökérhub (USB 3.0)","Class":"USB","Inf":"usbhub3.inf","Service":"USBHUB3"},{"Id":"PCI\\VEN_8086\u0026DEV_9D2F\u0026SUBSYS_225A17AA\u0026REV_21\\3\u002611583659\u00260\u0026A0","Name":"xHCI-kompatibilis USB-állomásvezérlő","Class":"USB","Inf":"usbxhci.inf","Service":"USBXHCI"},{"Id":"ACPI\\PNP0A08\\0","Name":"PCI Express-gyökér komplex","Class":"System","Inf":"pci.inf","Service":"pci"},{"Id":"ACPI_HAL\\PNP0C08\\0","Name":"Microsoft ACPI szabványnak megfelelő rendszer","Class":"System","Inf":"acpi.inf","Service":"ACPI"},{"Id":"ROOT\\ACPI_HAL\\0000","Name":"ACPI x64-alapú PC","Class":"Computer","Inf":"hal.inf","Service":"\\Driver\\ACPI_HAL"}]}
2026-08-25 17:18:12 [INFO] [preview_3] [BOOT-PROTECT] Boot-lánc: IB-AC703 -U3 SCSI Disk Device [DiskDrive] INF=disk.inf szolgáltatás=disk
2026-08-25 17:18:12 [INFO] [preview_3] [BOOT-PROTECT] Boot-lánc: USB-csatlakozású SCSI- (UAS) háttértár [SCSIAdapter] INF=uaspstor.inf szolgáltatás=UASPStor
2026-08-25 17:18:12 [INFO] [preview_3] [BOOT-PROTECT] Boot-lánc: USB-gyökérhub (USB 3.0) [USB] INF=usbhub3.inf szolgáltatás=USBHUB3
2026-08-25 17:18:12 [INFO] [preview_3] [BOOT-PROTECT] Boot-lánc: xHCI-kompatibilis USB-állomásvezérlő [USB] INF=usbxhci.inf szolgáltatás=USBXHCI
2026-08-25 17:18:12 [INFO] [preview_3] [BOOT-PROTECT] Boot-lánc: PCI Express-gyökér komplex [System] INF=pci.inf szolgáltatás=pci
2026-08-25 17:18:12 [INFO] [preview_3] [BOOT-PROTECT] Boot-lánc: Microsoft ACPI szabványnak megfelelő rendszer [System] INF=acpi.inf szolgáltatás=ACPI
2026-08-25 17:18:12 [INFO] [preview_3] [BOOT-PROTECT] Boot-lánc: ACPI x64-alapú PC [Computer] INF=hal.inf szolgáltatás=\Driver\ACPI_HAL
2026-08-25 17:18:12 [INFO] [preview_3] [BOOT-PROTECT] A rendszerlemez útvonalán lévő védett INF-ek: ['acpi.inf', 'disk.inf', 'hal.inf', 'pci.inf', 'uaspstor.inf', 'usbhub3.inf', 'usbxhci.inf']
2026-08-25 17:18:12 [INFO] [Thread-19 (_call)] [PREVIEW] Törlési előnézet: 63 csomag, csoportok: {'printer': 4, 'normal': 58, 'wifi': 1}; eszközhöz kötött: 36; boot-lánc felderítve: True; Wi-Fi kártya: jelen=True csatlakozva=True inf=['oem4.inf']
2026-08-25 17:18:12 [INFO] [Thread-19 (_call)] [CALL] DriverToolApi.get_autofix_delete_preview -> {'drivers': [{'published': 'oem0.inf', 'original': 'prnms006.inf', 'provider': 'Microsoft', 'version': '16.0.7629.4000', 'class': 'Printer', 'date': '', 'devices': [], 'group': 'printer'}, {'published': 'oem1.inf', 'original': 'prnms001.inf', 'provider': 'Microsoft', 'version': '10.0.19041.1806', 'c...[+12992 kar.] (27.11s)
2026-08-25 17:18:25 [DEBUG] [Thread-34 (_call)] [JS_UI] [UI-AKCIO] Kattintás: button#mc-yes "Igen"
2026-08-25 17:18:25 [INFO] [Thread-35 (_call)] [CALL] DriverToolApi.rescan_and_rebind_drivers()
2026-08-25 17:18:25 [INFO] [Thread-35 (_call)] [API] rescan_and_rebind_drivers() - kézi eszköz-újrakötés
2026-08-25 17:18:25 [DEBUG] [Thread-35 (_call)] [CALL] DriverToolApi._safe_thread('rebind', <function GuiRebindMixin.rescan_and_rebind_drivers.<locals>.worker at 0x0000025429CE45E0>)
2026-08-25 17:18:25 [INFO] [task-rebind] [THREAD:rebind] Háttérszál indul...
2026-08-25 17:18:25 [DEBUG] [Thread-35 (_call)] [CALL] DriverToolApi._safe_thread -> None (0.00s)
2026-08-25 17:18:25 [INFO] [Thread-35 (_call)] [CALL] DriverToolApi.rescan_and_rebind_drivers -> None (0.00s)
2026-08-25 17:18:25 [DEBUG] [task-rebind] [EMIT:task_start] data={"task": "rebind", "title": "Eszközök újrakötése a gyári driverekre"}
2026-08-25 17:18:25 [INFO] [task-rebind] [EMIT:task_progress] Eszközök és telepített driverek felmérése...
2026-08-25 17:18:25 [DEBUG] [task-rebind] [CMD] Futtatás: powershell -NoProfile -Command [Console]::OutputEncoding = [System.Text.Encoding]::UTF8; Get-WmiObject Win32_PnPEntity | Where-Object { $_.Present -eq $true -and $_.ConfigManagerErrorCode -ne 45 } | Select-Object Name, PNPClass, PNPDeviceID, HardwareID, ConfigManagerErrorCode | ConvertTo-Json -Compr
2026-08-25 17:18:27 [DEBUG] [task-rebind] [CMD] OK (1.6s)
2026-08-25 17:18:27 [DEBUG] [task-rebind] [CMD] stdout: [{"Name":"Synaptics Pointing Device","PNPClass":"Mouse","PNPDeviceID":"ACPI\\LEN009B\\4\u002627A0EA9D\u00260","HardwareID":["ACPI\\VEN_LEN\u0026DEV_009B","ACPI\\LEN009B","*LEN009B"],"ConfigManagerErrorCode":0},{"Name":"Windows.Devices.Sms.SmsDevice2","PNPClass":"SoftwareDevice","PNPDeviceID":"SWD\\SMSDEVICE\\SMS_DEVICE2_{B1665DB6-2CAC-4627-A386-7CAA22413BD2}","HardwareID":["SmsDevice2\\0"],"ConfigManagerErrorCode":0},{"Name":"Intel(R) Software Guard Extensions Device","PNPClass":"System","PNPDeviceID":"ACPI\\INT0E0C\\2\u0026DABA3FF\u00260","HardwareID":["ACPI\\VEN_INT\u0026DEV_0E0C","ACPI\\INT0E0C","*INT0E0C"],"ConfigManagerErrorCode":0},{"Name":"Intel(R) Software Guard Extensions Software","PNPClass":"SoftwareComponent","PNPDeviceID":"SWD\\DRIVERENUM\\SGX_PSWDCAP_INSTALLER\u00263\u00261255D4D5\u00260","HardwareID":["SWC\\VEN_INT\u0026DEV_0E0C_PSWDCAP"],"ConfigManagerErrorCode":0},{"Name":"USB Mobile Monitor Virtual Display","PNPClass":null,"PNPDeviceID":"ROOT\\DISPLAY\\0000","HardwareID":["usbmmidd"],"ConfigManagerErrorCode":0},{"Name":"Alaplap erőforrásai","PNPClass":"System","PNPDeviceID":"ACPI\\PNP0C02\\0","HardwareID":["ACPI\\VEN_PNP\u0026DEV_0C02","ACPI\\PNP0C02","*PNP0C02"],"ConfigManagerErrorCode":0},{"Name":"Alaplap erőforrásai","PNPClass":"System","PNPDeviceID":"ACPI\\PNP0C02\\1","HardwareID":["ACPI\\VEN_PNP\u0026DEV_0C02","ACPI\\PNP0C02","*PNP0C02"],"ConfigManagerErrorCode":0},{"Name":"Alaplap erőforrásai","PNPClass":"System","PNPDeviceID":"ACPI\\PNP0C02\\2","HardwareID":["ACPI\\VEN_PNP\u0026DEV_0C02","ACPI\\PNP0C02","*PNP0C02"],"ConfigManagerErrorCode":0},{"Name":"Alaplap erőforrásai","PNPClass":"System","PNPDeviceID":"ACPI\\PNP0C02\\5","HardwareID":["ACPI\\VEN_PNP\u0026DEV_0C02","ACPI\\PNP0C02","*PNP0C02"],"ConfigManagerErrorCode":0},{"Name":"Microsoft tápadapter","PNPClass":"Battery","PNPDeviceID":"ACPI\\ACPI0003\\0","HardwareID":["ACPI\\VEN_ACPI\u0026DEV_0003","ACPI\\ACPI0003","*ACPI0003"],"ConfigManagerErrorCode":0},{"Name":"Intel(R) Extreme Tuning Utility Device Driver","PNPClass":"System","PNPDeviceID":"ACPI\\INT3394\\2\u0026DABA3FF\u00260","HardwareID":["ACPI\\VEN_INT\u0026DEV_3394","ACPI\\INT3394","*INT3394"],"ConfigManagerErrorCode":0},{"Name":"Intel(R) Watchdog Timer Driver (Intel(R) WDT)","PNPClass":"System","PNPDeviceID":"ACPI\\INT3F0D\\4\u002627A0EA9D\u00260","HardwareID":["ACPI\\VEN_INT\u0026DEV_3F0D","ACPI\\INT3F0D","*INT3F0D"],"ConfigManagerErrorCode":0},{"Name":"Microsoft ACPI szabványnak megfelelő beágyazott vezérlő","PNPClass":"System","PNPDeviceID":"ACPI\\PNP0C09\\0","HardwareID":["ACPI\\VEN_PNP\u0026DEV_0C09","ACPI\\PNP0C09","*PNP0C09"],"ConfigManagerErrorCode":0},{"Name":"Thunderbolt(TM) HSA Component","PNPClass":"SoftwareComponent","PNPDeviceID":"SWD\\DRIVERENUM\\THUNDERBOLTHOSTCONTROLLERHSA\u00267\u0026264225E1\u00260","HardwareID":["SWC\\PROVIDER_Intel\u0026\u0026COMPONENT_ThunderboltHSA"],"ConfigManagerErrorCode":0},{"Name":"Microsoft ACPI szabványnak megfelelő vezérlőmódú telep","PNPClass":"Battery","PNPDeviceID":"ACPI\\PNP0C0A\\0","HardwareID":["ACPI\\VEN_PNP\u0026DEV_0C0A","ACPI\\PNP0C0A","*PNP0C0A"],"ConfigManagerErrorCode":0},{"Name":"Microsoft ACPI szabványnak megfelelő vezérlőmódú telep","PNPClass":"Battery","PNPDeviceID":"ACPI\\PNP0C0A\\1","HardwareID":["ACPI\\VEN_PNP\u0026DEV_0C0A","ACPI\\PNP0C0A","*PNP0C0A"],"ConfigManagerErrorCode":0},{"Name":"Kötet","PNPClass":"Volume","PNPDeviceID":"STORAGE\\VOLUME\\{FEF4BB46-772A-11F1-912C-806E6F6E6963}#0000000007500000","HardwareID":["STORAGE\\Volume"],"ConfigManagerErrorCode":0},{"Name":"Intel(R) Dynamic Tuning Generic Participant","PNPClass":"System","PNPDeviceID":"ACPI\\INT3403\\BCHG","HardwareID":["ACPI\\VEN_INT\u0026DEV_3403","ACPI\\INT3403","*INT3403"],"ConfigManagerErrorCode":0},{"Name":"Lefelé irányuló PCI Express-kapcsolóport","PNPClass":"System","PNPDeviceID":"PCI\\VEN_8086\u0026DEV_15C0\u0026SUBSYS_11112222\u0026REV_01\\6117501B5800AA0000","HardwareID":["PCI\\VEN_8086\u0026DEV_15C0\u0026SUBSYS_11112222\u0026REV_01","PCI\\VEN_8086\... [TRUNCATED]
2026-08-25 17:18:27 [INFO] [task-rebind] [PNP] 132 eszköz a szűrés után; azonos HWID-ű példányok összevonva: [('Alaplap erőforrásai', 7), ('Microsoft ACPI szabványnak megfelelő vezérlőmódú telep', 2), ('Intel(R) Dynamic Tuning Generic Participant', 7), ('Lefelé irányuló PCI Express-kapcsolóport', 4), ('HID-kompatibilis egér', 3), ('HID-kompatibilis, gyártó által definiált eszköz', 3), ('Microsoft Windows ACPI kezelő felület', 4), ('Microsoft Input Configuration Device', 3), ('HID-szabványos érintőpárna', 3), ('Intel(R) Core(TM) i5-8350U CPU @ 1.70GHz', 8), ('Synaptics HID-Compliant Touch pad Device', 3), ('Microsoft Wi-Fi Direct Virtual Adapter #35', 2)]
2026-08-25 17:18:27 [INFO] [task-rebind] [PNP] 18 eszköz kizárva a driver-keresésből (virtuális gép eszköze=1, osztály=17).
2026-08-25 17:18:27 [DEBUG] [task-rebind] [PNP] Kizárva (virtuális gép eszköze): ['Microsoft Hyper-V virtualizálási infrastruktúra illesztőprogramja']
2026-08-25 17:18:27 [DEBUG] [task-rebind] [PNP] Kizárva (osztály): ['Kötet [Volume]', 'Gyökér szintű nyomtatási várólista [PrintQueue]', 'Mikrofon tömb (2 - Realtek High Definition Audio) [AudioEndpoint]', 'Kötet [Volume]', 'OneNote for Windows 10 [PrintQueue]', 'Általános kötet árnyékmásolata [VolumeSnapshot]', 'Általános kötet árnyékmásolata [VolumeSnapshot]', 'Microsoft Print to PDF [PrintQueue]', 'Hangszóró/Fejhallgató (2 - Realtek High Definition Audio) [AudioEndpoint]', 'ACPI x64-alapú PC [Computer]', 'Microstore Bolti Nyomtató [PrintQueue]', 'Fax [PrintQueue]', 'SUPErNOVA Printer [PrintQueue]', 'OneNote (Desktop) [PrintQueue]', 'Microsoft XPS Document Writer [PrintQueue]', 'Kötet [Volume]', 'HP Color LaserJet MFP M477fdw (5B4A4C) [PrintQueue]']
2026-08-25 17:18:27 [DEBUG] [task-rebind] [CALL] DriverToolApi._get_installed_driver_info()
2026-08-25 17:18:27 [DEBUG] [task-rebind] [CMD] Futtatás: powershell -NoProfile -Command [Console]::OutputEncoding = [System.Text.Encoding]::UTF8; Get-WmiObject Win32_PnPSignedDriver | Where-Object { $_.DeviceID -and $_.DriverVersion } | Select-Object DeviceID, DriverVersion, DriverDate, DriverProviderName, InfName | ConvertTo-Json -Compress
2026-08-25 17:18:31 [DEBUG] [task-rebind] [CMD] OK (4.5s)
2026-08-25 17:18:31 [DEBUG] [task-rebind] [CMD] stdout: [{"DeviceID":"SWD\\PRINTENUM\\{8B82CBFE-FB5C-450A-84E3-F7591FFBC6F1}","DriverVersion":"10.0.19041.1","DriverDate":"20060621000000.******+***","DriverProviderName":"Microsoft","InfName":"printqueue.inf"},{"DeviceID":"SWD\\PRINTENUM\\{D04F27B3-CB9C-426F-A1CA-1D81DB1D34C8}","DriverVersion":"10.0.19041.1","DriverDate":"20060621000000.******+***","DriverProviderName":"Microsoft","InfName":"printqueue.inf"},{"DeviceID":"SWD\\PRINTENUM\\{C4A8C922-C486-40BB-BC60-CC480DD22CC8}","DriverVersion":"10.0.19041.1","DriverDate":"20060621000000.******+***","DriverProviderName":"Microsoft","InfName":"printqueue.inf"},{"DeviceID":"SWD\\PRINTENUM\\{C1C10521-AA32-4491-BE4D-F5E6E7927369}","DriverVersion":"10.0.19041.1","DriverDate":"20060621000000.******+***","DriverProviderName":"Microsoft","InfName":"printqueue.inf"},{"DeviceID":"SWD\\PRINTENUM\\{115C2850-D19A-4E5F-B8F4-3A74F0FFFD4F}","DriverVersion":"10.0.19041.1","DriverDate":"20060621000000.******+***","DriverProviderName":"Microsoft","InfName":"printqueue.inf"},{"DeviceID":"SWD\\PRINTENUM\\{49305D13-835A-448E-BB53-6BFC07E5EB08}","DriverVersion":"10.0.19041.1","DriverDate":"20060621000000.******+***","DriverProviderName":"Microsoft","InfName":"printqueue.inf"},{"DeviceID":"SWD\\PRINTENUM\\{A5856CD5-01F0-4301-AB7C-064B52928E14}","DriverVersion":"10.0.19041.1","DriverDate":"20060621000000.******+***","DriverProviderName":"Microsoft","InfName":"printqueue.inf"},{"DeviceID":"SWD\\PRINTENUM\\PRINTQUEUES","DriverVersion":"10.0.19041.1","DriverDate":"20060621000000.******+***","DriverProviderName":"Microsoft","InfName":"printqueue.inf"},{"DeviceID":"SWD\\MSRRAS\\MS_NDISWANBH","DriverVersion":"10.0.19041.1","DriverDate":"20060621000000.******+***","DriverProviderName":"Microsoft","InfName":"netrasa.inf"},{"DeviceID":"SWD\\MSRRAS\\MS_NDISWANIPV6","DriverVersion":"10.0.19041.1","DriverDate":"20060621000000.******+***","DriverProviderName":"Microsoft","InfName":"netrasa.inf"},{"DeviceID":"SWD\\MSRRAS\\MS_NDISWANIP","DriverVersion":"10.0.19041.1","DriverDate":"20060621000000.******+***","DriverProviderName":"Microsoft","InfName":"netrasa.inf"},{"DeviceID":"SWD\\MSRRAS\\MS_PPPOEMINIPORT","DriverVersion":"10.0.19041.1","DriverDate":"20060621000000.******+***","DriverProviderName":"Microsoft","InfName":"netrasa.inf"},{"DeviceID":"SWD\\MSRRAS\\MS_PPTPMINIPORT","DriverVersion":"10.0.19041.1","DriverDate":"20060621000000.******+***","DriverProviderName":"Microsoft","InfName":"netrasa.inf"},{"DeviceID":"SWD\\MSRRAS\\MS_L2TPMINIPORT","DriverVersion":"10.0.19041.1","DriverDate":"20060621000000.******+***","DriverProviderName":"Microsoft","InfName":"netrasa.inf"},{"DeviceID":"SWD\\MSRRAS\\MS_AGILEVPNMINIPORT","DriverVersion":"10.0.19041.1","DriverDate":"20060621000000.******+***","DriverProviderName":"Microsoft","InfName":"netavpna.inf"},{"DeviceID":"SWD\\MSRRAS\\MS_SSTPMINIPORT","DriverVersion":"10.0.19041.1","DriverDate":"20060621000000.******+***","DriverProviderName":"Microsoft","InfName":"netsstpa.inf"},{"DeviceID":"SWD\\MSRRAS\\{5E259276-BC7E-40E3-B93B-8F89B5F3ABC0}","DriverVersion":"10.0.19041.1","DriverDate":"20060621000000.******+***","DriverProviderName":"Microsoft","InfName":"c_swdevice.inf"},{"DeviceID":"SWD\\MMDEVAPI\\MICROSOFTGSWAVETABLESYNTH","DriverVersion":"10.0.19041.1","DriverDate":"20060621000000.******+***","DriverProviderName":"Microsoft","InfName":"c_swdevice.inf"},{"DeviceID":"SWD\\RADIO\\{DE38D9E2-5164-45E8-8E9F-6CE2E3AAF664}","DriverVersion":"10.0.19041.1","DriverDate":"20060621000000.******+***","DriverProviderName":"Microsoft","InfName":"c_swdevice.inf"},{"DeviceID":"SWD\\RADIO\\{B1665DB6-2CAC-4627-A386-7CAA22413BD2}","DriverVersion":"10.0.19041.1","DriverDate":"20060621000000.******+***","DriverProviderName":"Microsoft","InfName":"c_swdevice.inf"},{"DeviceID":"SWD\\RADIO\\BLUETOOTH_24EE9AF8AFEC","DriverVersion":"10.0.19041.1","DriverDate":"20060621000000.******+***","DriverProviderName":"Microsoft","InfName":"c_swdevice.inf"},{"DeviceID":"SWD\\RADIO\\{3DB5895D-CC28-44B3-AD3D-6F01A782B8D... [TRUNCATED]
2026-08-25 17:18:31 [INFO] [task-rebind] [CATALOG] Telepített driver-infó: 192 eszköz
2026-08-25 17:18:31 [DEBUG] [task-rebind] [CALL] DriverToolApi._get_installed_driver_info -> {'SWD\\PRINTENUM\\{8B82CBFE-FB5C-450A-84E3-F7591FFBC6F1}': {'version': '10.0.19041.1', 'date': '2006-06-21', 'provider': 'Microsoft', 'inf': 'printqueue.inf'}, 'SWD\\PRINTENUM\\{D04F27B3-CB9C-426F-A1CA-1D81DB1D34C8}': {'version': '10.0.19041.1', 'date': '2006-06-21', 'provider': 'Microsoft', 'inf': ...[+27156 kar.] (4.55s)
2026-08-25 17:18:31 [DEBUG] [task-rebind] [CALL] DriverToolApi._get_third_party_drivers()
2026-08-25 17:18:31 [DEBUG] [task-rebind] [DRIVERS] dism /English /Online /Get-Drivers futtatása...
2026-08-25 17:18:31 [DEBUG] [task-rebind] [CMD] Futtatás: dism /English /Online /Get-Drivers
2026-08-25 17:18:45 [DEBUG] [task-rebind] [CMD] OK (13.5s)
2026-08-25 17:18:45 [DEBUG] [task-rebind] [CMD] stdout: Deployment Image Servicing and Management tool
Version: 10.0.19041.3636

Image Version: 10.0.19045.6466

Obtaining list of 3rd party drivers from the driver store...

Driver packages listing:

Published Name : oem0.inf
Original File Name : prnms006.inf
Inbox : No
Class Name : Printer
Provider Name : Microsoft
Date : 2016. 11. 29.
Version : 16.0.7629.4000

Published Name : oem1.inf
Original File Name : prnms001.inf
Inbox : No
Class Name : Printer
Provider Name : Microsoft
Date : 2006. 06. 21.
Version : 10.0.19041.1806

Published Name : oem10.inf
Original File Name : powermgrextension.inf
Inbox : No
Class Name : Extension
Provider Name : Lenovo
Date : 2018. 10. 24.
Version : 1.0.1.0

Published Name : oem100.inf
Original File Name : sunrisepoint-hsystemlpss.inf
Inbox : No
Class Name : System
Provider Name : INTEL
Date : 1970. 01. 01.
Version : 10.1.1.38

Published Name : oem106.inf
Original File Name : rtlejf.inf
Inbox : No
Class Name : Camera
Provider Name : Realtek
Date : 2026. 05. 07.
Version : 10.0.22000.20409

Published Name : oem11.inf
Original File Name : sunrisepoint-lpsystemthermal.inf
Inbox : No
Class Name : System
Provider Name : INTEL
Date : 1968. 07. 18.
Version : 10.1.5.1

Published Name : oem115.inf
Original File Name : sunrisepoint-lpsystem.inf
Inbox : No
Class Name : System
Provider Name : INTEL
Date : 2018. 07. 18.
Version : 10.1.1.44

Published Name : oem125.inf
Original File Name : sunrisepoint-lpsystemthermal.inf
Inbox : No
Class Name : System
Provider Name : INTEL
Date : 2018. 07. 18.
Version : 10.1.1.44

Published Name : oem136.inf
Original File Name : sunrisepoint-lpsystem.inf
Inbox : No
Class Name : System
Provider Name : INTEL
Date : 2017. 07. 18.
Version : 10.1.5.1

Published Name : oem138.inf
Original File Name : sunrisepoint-lpsystemlpss.inf
Inbox : No
Class Name : System
Provider Name : INTEL
Date : 2017. 07. 18.
Version : 10.1.5.1

Published Name : oem15.inf
Original File Name : tbt100x.inf
Inbox : No
Class Name : System
Provider Name : Intel(R) Corporation
Date : 2019. 10. 02.
Version : 17.4.80.94

Published Name : oem17.inf
Original File Name : hdxlvj.inf
Inbox : No
Class Name : MEDIA
Provider Name : Realtek Semiconductor Corp.
Date : 2020. 07. 14.
Version : 6.0.8988.1

Published Name : oem18.inf
Original File Name : intelgnssdriver.inf
Inbox : No
Class Name : Sensor
Provider Name : Fibocom Wireless Inc.
Date : 2020. 11. 17.
Version : 3.19041.2034.1

Published Name : oem19.inf
Original File Name : synpd.inf
Inbox : No
Class Name : Mouse
Provider Name : Synaptics
Date : 2021. 05. 06.
Version : 19.3.4.228

Published Name : oem194.inf
Original File Name : hdxlv.inf
Inbox : No
Class Name : MEDIA
Provider Name : Realtek Semiconductor Corp.
Date : 2021. 03. 23.
Version : 6.0.9136.1

Published Name : oem2.inf
Original File Name : prnms009.inf
Inbox : No
Class Name : Printer
Provider Name : Microsoft
Date : 2006. 06. 21.
Version : 10.0.19041.1806

Published Name : oem20.inf
Original File Name : synhidmini.inf
Inbox : No
Class Name : HIDClass
Provider Name : Synaptics
Date : 2021. 05. 06.
Version : 19.3.4.228

Published Name : oem21.inf
Original File Name : synsmbdrv.inf
Inbox : No
Class Name : System
Provider Name : Synaptics
Date : 2021. 05. 06.
Version : 19.3.4.228

Published Name : oem23.inf
Original File Name : e1d68x64.inf
Inbox : No
Class Name : Net
Provider Name : Intel
Date : 2021. 02. 10.
Version : 12.19.1.37

Published Name : oem26.inf
Original File Name : sgx_base.inf
Inbox : No
Class Name : System
Provider Name : Intel Corporation
Date : 2024. 09. 13.
Version : 2.25.100.3

Published Name : oem28.inf
Original File Name : ibmpmdrv.inf
Inbox : No
Class Name : System
Provider Name : Lenovo
Date : 2025. 10. 27.
Version : 1.69.132.0

Published Name : oem29.inf
Original File Name : tplcd.inf
Inbox : No
Class Name : Monitor
Provider Name : Lenovo
Date : 2025. 12. 16.
Version : 6.14.29.0

Published Name : oem3.inf
Original File Name : hpc1320u.inf
Inbox : No
Class Name : Printer
Provider Name : HP
Date... [TRUNCATED]
2026-08-25 17:18:45 [DEBUG] [task-rebind] [CALL] DriverToolApi._get_third_party_drivers -> [{'version': '16.0.7629.4000', 'published': 'oem0.inf', 'original': 'prnms006.inf', 'class': 'Printer', 'provider': 'Microsoft', 'date': ''}, {'published': 'oem1.inf', 'original': 'prnms001.inf', 'class': 'Printer', 'provider': 'Microsoft', 'date': '', 'version': '10.0.19041.1806'}, {'published': 'o...[+8776 kar.] (13.52s)
2026-08-25 17:18:45 [INFO] [task-rebind] [EMIT:task_progress] 132 eszköz, 63 gyári driver-csomag a gépen.
2026-08-25 17:18:45 [DEBUG] [task-rebind] [CALL] DriverToolApi._rebind_candidates([{'cat': '🖱️ Periféria', 'name': 'Synaptics Pointing Device', 'id': 'ACPI\\VEN_LEN&DEV_009B', 'pnp_id': 'ACPI\\LEN009B\\4&27A0EA9D&0', 'all_hwids': ['ACPI\\VEN_LEN&DEV_009B', 'ACPI\\LEN009B', '*LEN009...[+40040 kar.], {'SWD\\PRINTENUM\\{8B82CBFE-FB5C-450A-84E3-F7591FFBC6F1}': {'version': '10.0.19041.1', 'date': '2006-06-21', 'provider': 'Microsoft', 'inf': 'printqueue.inf'}, 'SWD\\PRINTENUM\\{D04F27B3-CB9C-426F-A1C...[+27256 kar.])
2026-08-25 17:18:45 [DEBUG] [task-rebind] [CALL] DriverToolApi._rebind_candidates -> [({'cat': '🔧 Egyéb (Battery)', 'name': 'Microsoft tápadapter', 'id': 'ACPI\\VEN_ACPI&DEV_0003', 'pnp_id': 'ACPI\\ACPI0003\\0', 'all_hwids': ['ACPI\\VEN_ACPI&DEV_0003', 'ACPI\\ACPI0003', '*ACPI0003'], 'err_code': 0, 'pclass': 'Battery'}, {'version': '10.0.19041.1', 'date': '2006-06-21', 'provider': '...[+8919 kar.] (0.00s)
2026-08-25 17:18:45 [INFO] [task-rebind] [REBIND] 21 jelölt: Windows-alapdriveren fut, gyártó-kódos azonosítóval, nem tároló/firmware.
2026-08-25 17:18:45 [INFO] [task-rebind] [REBIND]   jelölt: Microsoft tápadapter [Battery] most: cmbatt.inf (Microsoft)
2026-08-25 17:18:45 [INFO] [task-rebind] [REBIND]   jelölt: Lefelé irányuló PCI Express-kapcsolóport [System] most: pci.inf (Microsoft)
2026-08-25 17:18:45 [INFO] [task-rebind] [REBIND]   jelölt: ACPI processzorösszesítő [System] most: acpipagr.inf (Microsoft)
2026-08-25 17:18:45 [INFO] [task-rebind] [REBIND]   jelölt: HID-kompatibilis egér [Mouse] most: msmouse.inf (Microsoft)
2026-08-25 17:18:45 [INFO] [task-rebind] [REBIND]   jelölt: HID-kompatibilis, gyártó által definiált eszköz [HIDClass] most: input.inf (Microsoft)
2026-08-25 17:18:45 [INFO] [task-rebind] [REBIND]   jelölt: USB kompozit eszköz [USB] most: usb.inf (Microsoft)
2026-08-25 17:18:45 [INFO] [task-rebind] [REBIND]   jelölt: Fibocom L830-EB [Net] most: netwmbclass.inf (Microsoft)
2026-08-25 17:18:45 [INFO] [task-rebind] [REBIND]   jelölt: UCM-UCSI ACPI-eszköz [UCM] most: UcmUcsiAcpiClient.inf (Microsoft)
2026-08-25 17:18:45 [INFO] [task-rebind] [REBIND]   jelölt: Microsoft Input Configuration Device [HIDClass] most: mtconfig.inf (Microsoft)
2026-08-25 17:18:45 [INFO] [task-rebind] [REBIND]   jelölt: HID-szabványos érintőpárna [HIDClass] most: input.inf (Microsoft)
2026-08-25 17:18:45 [INFO] [task-rebind] [REBIND]   jelölt: Örökölt eszköz [System] most: machine.inf (Microsoft)
2026-08-25 17:18:45 [INFO] [task-rebind] [REBIND]   jelölt: High Definition Audio hangvezérlő [System] most: hdaudbus.inf (Microsoft)
2026-08-25 17:18:45 [INFO] [task-rebind] [REBIND]   jelölt: xHCI-kompatibilis USB-állomásvezérlő [USB] most: usbxhci.inf (Microsoft)
2026-08-25 17:18:45 [INFO] [task-rebind] [REBIND]   jelölt: ACPI-beépített lehetőség gombja [System] most: machine.inf (Microsoft)
2026-08-25 17:18:45 [INFO] [task-rebind] [REBIND]   jelölt: Platformmegbízhatósági modul 2.0 [SecurityDevices] most: tpm.inf (Microsoft)
2026-08-25 17:18:45 [INFO] [task-rebind] [REBIND]   jelölt: Intel(R) energiaellátási beépülő modul [System] most: intelpep.inf (Microsoft)
2026-08-25 17:18:45 [INFO] [task-rebind] [REBIND]   jelölt: USB kompozit eszköz [USB] most: usb.inf (Microsoft)
2026-08-25 17:18:45 [INFO] [task-rebind] [REBIND]   jelölt: USB-gyökérhub (USB 3.0) [USB] most: usbhub3.inf (Microsoft)
2026-08-25 17:18:45 [INFO] [task-rebind] [REBIND]   jelölt: Szabványos PS/2 billentyűzet [Keyboard] most: keyboard.inf (Microsoft)
2026-08-25 17:18:45 [INFO] [task-rebind] [REBIND]   jelölt: Intel(R) USB 3.1 eXtensible Host Controller - 1.10 (Microsoft) [USB] most: usbxhci.inf (Microsoft)
2026-08-25 17:18:45 [INFO] [task-rebind] [REBIND]   jelölt: USB-gyökérhub (USB 3.0) [USB] most: usbhub3.inf (Microsoft)
2026-08-25 17:18:45 [DEBUG] [task-rebind] [CALL] DriverToolApi._staged_vendor_inf_for({'cat': '🔧 Egyéb (Battery)', 'name': 'Microsoft tápadapter', 'id': 'ACPI\\VEN_ACPI&DEV_0003', 'pnp_id': 'ACPI\\ACPI0003\\0', 'all_hwids': ['ACPI\\VEN_ACPI&DEV_0003', 'ACPI\\ACPI0003', '*ACPI0003'], 'e...[+33 kar.], [{'version': '16.0.7629.4000', 'published': 'oem0.inf', 'original': 'prnms006.inf', 'class': 'Printer', 'provider': 'Microsoft', 'date': ''}, {'published': 'oem1.inf', 'original': 'prnms001.inf', 'cla...[+8876 kar.])
2026-08-25 17:18:46 [DEBUG] [task-rebind] [CALL] DriverToolApi._staged_vendor_inf_for -> (None, '') (0.80s)
2026-08-25 17:18:46 [DEBUG] [task-rebind] [CALL] DriverToolApi._staged_vendor_inf_for({'cat': '⚙️ Rendszereszköz', 'name': 'Lefelé irányuló PCI Express-kapcsolóport', 'id': 'PCI\\VEN_8086&DEV_15C0&SUBSYS_11112222&REV_01', 'pnp_id': 'PCI\\VEN_8086&DEV_15C0&SUBSYS_11112222&REV_01\\611750...[+466 kar.], [{'version': '16.0.7629.4000', 'published': 'oem0.inf', 'original': 'prnms006.inf', 'class': 'Printer', 'provider': 'Microsoft', 'date': ''}, {'published': 'oem1.inf', 'original': 'prnms001.inf', 'cla...[+8876 kar.])
2026-08-25 17:18:46 [DEBUG] [task-rebind] [CALL] DriverToolApi._staged_vendor_inf_for -> (None, '') (0.88s)
2026-08-25 17:18:46 [DEBUG] [task-rebind] [CALL] DriverToolApi._staged_vendor_inf_for({'cat': '⚙️ Rendszereszköz', 'name': 'ACPI processzorösszesítő', 'id': 'ACPI\\VEN_ACPI&DEV_000C', 'pnp_id': 'ACPI\\ACPI000C\\2&DABA3FF&0', 'all_hwids': ['ACPI\\VEN_ACPI&DEV_000C', 'ACPI\\ACPI000C', '*...[+46 kar.], [{'version': '16.0.7629.4000', 'published': 'oem0.inf', 'original': 'prnms006.inf', 'class': 'Printer', 'provider': 'Microsoft', 'date': ''}, {'published': 'oem1.inf', 'original': 'prnms001.inf', 'cla...[+8876 kar.])
2026-08-25 17:18:47 [DEBUG] [task-rebind] [CALL] DriverToolApi._staged_vendor_inf_for -> (None, '') (0.80s)
2026-08-25 17:18:47 [DEBUG] [task-rebind] [CALL] DriverToolApi._staged_vendor_inf_for({'cat': '🖱️ Periféria', 'name': 'HID-kompatibilis egér', 'id': 'HID\\VID_06CB&PID_000F&Col01', 'pnp_id': 'HID\\SYNHIDMINI&COL01\\1&213A2F8E&0&0000', 'all_hwids': ['HID\\VID_06CB&PID_000F&Col01', 'HID\...[+251 kar.], [{'version': '16.0.7629.4000', 'published': 'oem0.inf', 'original': 'prnms006.inf', 'class': 'Printer', 'provider': 'Microsoft', 'date': ''}, {'published': 'oem1.inf', 'original': 'prnms001.inf', 'cla...[+8876 kar.])
2026-08-25 17:18:47 [INFO] [task-rebind] [REBIND] Egyezés: HID-kompatibilis egér [HID\VID_06CB&PID_000F&Col01] <- synpd.inf [HID\VID_06CB&PID_000F&]
2026-08-25 17:18:47 [DEBUG] [task-rebind] [CALL] DriverToolApi._staged_vendor_inf_for -> ('C:\\Windows\\System32\\DriverStore\\FileRepository\\synpd.inf_amd64_61d873e750f15de4\\synpd.inf', 'synpd.inf') (0.23s)
2026-08-25 17:18:47 [DEBUG] [task-rebind] [CALL] DriverToolApi._staged_vendor_inf_for({'cat': '🖱️ Periféria', 'name': 'HID-kompatibilis, gyártó által definiált eszköz', 'id': 'HID\\VID_06CB&PID_000F&Col04', 'pnp_id': 'HID\\SYNHIDMINI&COL04\\1&33F3E033&0&0003', 'all_hwids': ['HID\\VID_0...[+281 kar.], [{'version': '16.0.7629.4000', 'published': 'oem0.inf', 'original': 'prnms006.inf', 'class': 'Printer', 'provider': 'Microsoft', 'date': ''}, {'published': 'oem1.inf', 'original': 'prnms001.inf', 'cla...[+8876 kar.])
2026-08-25 17:18:48 [INFO] [task-rebind] [REBIND] Egyezés: HID-kompatibilis, gyártó által definiált eszköz [HID\VID_06CB&PID_000F&Col04] <- synpd.inf [HID\VID_06CB&PID_000F&]
2026-08-25 17:18:48 [DEBUG] [task-rebind] [CALL] DriverToolApi._staged_vendor_inf_for -> ('C:\\Windows\\System32\\DriverStore\\FileRepository\\synpd.inf_amd64_61d873e750f15de4\\synpd.inf', 'synpd.inf') (0.27s)
2026-08-25 17:18:48 [DEBUG] [task-rebind] [CALL] DriverToolApi._staged_vendor_inf_for({'cat': '🔌 USB Vezérlő', 'name': 'USB kompozit eszköz', 'id': 'USB\\VID_2CB7&PID_0210&REV_0333', 'pnp_id': 'USB\\VID_2CB7&PID_0210\\004999010640000', 'all_hwids': ['USB\\VID_2CB7&PID_0210&REV_0333', '...[+57 kar.], [{'version': '16.0.7629.4000', 'published': 'oem0.inf', 'original': 'prnms006.inf', 'class': 'Printer', 'provider': 'Microsoft', 'date': ''}, {'published': 'oem1.inf', 'original': 'prnms001.inf', 'cla...[+8876 kar.])
2026-08-25 17:18:48 [INFO] [task-rebind] [REBIND] Egyezés: USB kompozit eszköz [USB\VID_2CB7&PID_0210] <- intelgnssdriver.inf [USB\VID_2CB7&PID_0210&MI_02]
2026-08-25 17:18:48 [DEBUG] [task-rebind] [CALL] DriverToolApi._staged_vendor_inf_for -> ('C:\\Windows\\System32\\DriverStore\\FileRepository\\intelgnssdriver.inf_amd64_62e132b10c269354\\intelgnssdriver.inf', 'intelgnssdriver.inf') (0.09s)
2026-08-25 17:18:48 [DEBUG] [task-rebind] [CALL] DriverToolApi._staged_vendor_inf_for({'cat': '🌐 Hálózat (LAN/Wi-Fi)', 'name': 'Fibocom L830-EB', 'id': 'USB\\VID_2CB7&PID_0210&REV_0333&MI_00', 'pnp_id': 'USB\\VID_2CB7&PID_0210&MI_00\\6&2DB79EA2&1&0000', 'all_hwids': ['USB\\VID_2CB7&PID...[+87 kar.], [{'version': '16.0.7629.4000', 'published': 'oem0.inf', 'original': 'prnms006.inf', 'class': 'Printer', 'provider': 'Microsoft', 'date': ''}, {'published': 'oem1.inf', 'original': 'prnms001.inf', 'cla...[+8876 kar.])
2026-08-25 17:18:49 [DEBUG] [task-rebind] [CALL] DriverToolApi._staged_vendor_inf_for -> (None, '') (0.80s)
2026-08-25 17:18:49 [DEBUG] [task-rebind] [CALL] DriverToolApi._staged_vendor_inf_for({'cat': '🔧 Egyéb (UCM)', 'name': 'UCM-UCSI ACPI-eszköz', 'id': 'ACPI\\VEN_USB&DEV_C000', 'pnp_id': 'ACPI\\USBC000\\0', 'all_hwids': ['ACPI\\VEN_USB&DEV_C000', 'ACPI\\USBC000', '*USBC000'], 'err_code':...[+20 kar.], [{'version': '16.0.7629.4000', 'published': 'oem0.inf', 'original': 'prnms006.inf', 'class': 'Printer', 'provider': 'Microsoft', 'date': ''}, {'published': 'oem1.inf', 'original': 'prnms001.inf', 'cla...[+8876 kar.])
2026-08-25 17:18:49 [DEBUG] [task-rebind] [CALL] DriverToolApi._staged_vendor_inf_for -> (None, '') (0.80s)
2026-08-25 17:18:49 [DEBUG] [task-rebind] [CALL] DriverToolApi._staged_vendor_inf_for({'cat': '🖱️ Periféria', 'name': 'Microsoft Input Configuration Device', 'id': 'HID\\VID_06CB&PID_000F&Col03', 'pnp_id': 'HID\\SYNHIDMINI&COL03\\1&B12C6D1&0&0002', 'all_hwids': ['HID\\VID_06CB&PID_000F...[+242 kar.], [{'version': '16.0.7629.4000', 'published': 'oem0.inf', 'original': 'prnms006.inf', 'class': 'Printer', 'provider': 'Microsoft', 'date': ''}, {'published': 'oem1.inf', 'original': 'prnms001.inf', 'cla...[+8876 kar.])
2026-08-25 17:18:50 [INFO] [task-rebind] [REBIND] Egyezés: Microsoft Input Configuration Device [HID\VID_06CB&PID_000F&Col03] <- synpd.inf [HID\VID_06CB&PID_000F&]
2026-08-25 17:18:50 [DEBUG] [task-rebind] [CALL] DriverToolApi._staged_vendor_inf_for -> ('C:\\Windows\\System32\\DriverStore\\FileRepository\\synpd.inf_amd64_61d873e750f15de4\\synpd.inf', 'synpd.inf') (0.23s)
2026-08-25 17:18:50 [DEBUG] [task-rebind] [CALL] DriverToolApi._staged_vendor_inf_for({'cat': '🖱️ Periféria', 'name': 'HID-szabványos érintőpárna', 'id': 'HID\\VID_06CB&PID_000F&Col02', 'pnp_id': 'HID\\SYNHIDMINI&COL02\\1&213A2F8E&0&0001', 'all_hwids': ['HID\\VID_06CB&PID_000F&Col02', ...[+232 kar.], [{'version': '16.0.7629.4000', 'published': 'oem0.inf', 'original': 'prnms006.inf', 'class': 'Printer', 'provider': 'Microsoft', 'date': ''}, {'published': 'oem1.inf', 'original': 'prnms001.inf', 'cla...[+8876 kar.])
2026-08-25 17:18:50 [INFO] [task-rebind] [REBIND] Egyezés: HID-szabványos érintőpárna [HID\VID_06CB&PID_000F&Col02] <- synpd.inf [HID\VID_06CB&PID_000F&]
2026-08-25 17:18:50 [DEBUG] [task-rebind] [CALL] DriverToolApi._staged_vendor_inf_for -> ('C:\\Windows\\System32\\DriverStore\\FileRepository\\synpd.inf_amd64_61d873e750f15de4\\synpd.inf', 'synpd.inf') (0.31s)
2026-08-25 17:18:50 [DEBUG] [task-rebind] [CALL] DriverToolApi._staged_vendor_inf_for({'cat': '⚙️ Rendszereszköz', 'name': 'Örökölt eszköz', 'id': 'ACPI\\VEN_INT&DEV_0800', 'pnp_id': 'ACPI\\INT0800\\4&27A0EA9D&0', 'all_hwids': ['ACPI\\VEN_INT&DEV_0800', 'ACPI\\INT0800', '*INT0800'], 'e...[+32 kar.], [{'version': '16.0.7629.4000', 'published': 'oem0.inf', 'original': 'prnms006.inf', 'class': 'Printer', 'provider': 'Microsoft', 'date': ''}, {'published': 'oem1.inf', 'original': 'prnms001.inf', 'cla...[+8876 kar.])
2026-08-25 17:18:51 [DEBUG] [task-rebind] [CALL] DriverToolApi._staged_vendor_inf_for -> (None, '') (0.89s)
2026-08-25 17:18:51 [DEBUG] [task-rebind] [CALL] DriverToolApi._staged_vendor_inf_for({'cat': '⚙️ Rendszereszköz', 'name': 'High Definition Audio hangvezérlő', 'id': 'PCI\\VEN_8086&DEV_9D71&SUBSYS_225A17AA&REV_21', 'pnp_id': 'PCI\\VEN_8086&DEV_9D71&SUBSYS_225A17AA&REV_21\\3&11583659&0&...[+215 kar.], [{'version': '16.0.7629.4000', 'published': 'oem0.inf', 'original': 'prnms006.inf', 'class': 'Printer', 'provider': 'Microsoft', 'date': ''}, {'published': 'oem1.inf', 'original': 'prnms001.inf', 'cla...[+8876 kar.])
2026-08-25 17:18:51 [INFO] [task-rebind] [REBIND] Egyezés: High Definition Audio hangvezérlő [PCI\VEN_8086&DEV_9D71&SUBSYS_225A17AA&REV_21] <- hdbusext.inf [PCI\VEN_8086&DEV_9D71]
2026-08-25 17:18:51 [DEBUG] [task-rebind] [CALL] DriverToolApi._staged_vendor_inf_for -> ('C:\\Windows\\System32\\DriverStore\\FileRepository\\hdbusext.inf_amd64_971ad2134ef0d908\\hdbusext.inf', 'hdbusext.inf') (0.39s)
2026-08-25 17:18:51 [DEBUG] [task-rebind] [CALL] DriverToolApi._staged_vendor_inf_for({'cat': '🔌 USB Vezérlő', 'name': 'xHCI-kompatibilis USB-állomásvezérlő', 'id': 'PCI\\VEN_8086&DEV_9D2F&SUBSYS_225A17AA&REV_21', 'pnp_id': 'PCI\\VEN_8086&DEV_9D2F&SUBSYS_225A17AA&REV_21\\3&11583659&0&A...[+211 kar.], [{'version': '16.0.7629.4000', 'published': 'oem0.inf', 'original': 'prnms006.inf', 'class': 'Printer', 'provider': 'Microsoft', 'date': ''}, {'published': 'oem1.inf', 'original': 'prnms001.inf', 'cla...[+8876 kar.])
2026-08-25 17:18:52 [INFO] [task-rebind] [REBIND] Egyezés: xHCI-kompatibilis USB-állomásvezérlő [PCI\VEN_8086&DEV_9D2F&SUBSYS_225A17AA&REV_21] <- appleusbvhci.inf [PCI\VEN_8086&DEV_9D2F]
2026-08-25 17:18:52 [DEBUG] [task-rebind] [CALL] DriverToolApi._staged_vendor_inf_for -> ('C:\\Windows\\System32\\DriverStore\\FileRepository\\appleusbvhci.inf_amd64_4a92d20b24eaae32\\appleusbvhci.inf', 'appleusbvhci.inf') (0.73s)
2026-08-25 17:18:52 [DEBUG] [task-rebind] [CALL] DriverToolApi._staged_vendor_inf_for({'cat': '⚙️ Rendszereszköz', 'name': 'ACPI-beépített lehetőség gombja', 'id': 'ACPI\\FixedButton', 'pnp_id': 'ACPI\\FIXEDBUTTON\\2&DABA3FF&0', 'all_hwids': ['ACPI\\FixedButton', '*FixedButton'], 'err_...[+29 kar.], [{'version': '16.0.7629.4000', 'published': 'oem0.inf', 'original': 'prnms006.inf', 'class': 'Printer', 'provider': 'Microsoft', 'date': ''}, {'published': 'oem1.inf', 'original': 'prnms001.inf', 'cla...[+8876 kar.])
2026-08-25 17:18:53 [DEBUG] [task-rebind] [CALL] DriverToolApi._staged_vendor_inf_for -> (None, '') (0.80s)
2026-08-25 17:18:53 [DEBUG] [task-rebind] [CALL] DriverToolApi._staged_vendor_inf_for({'cat': '🔧 Egyéb (SecurityDevices)', 'name': 'Platformmegbízhatósági modul 2.0', 'id': 'ACPI\\VEN_STM&DEV_7320', 'pnp_id': 'ACPI\\STM7320\\2&DABA3FF&0', 'all_hwids': ['ACPI\\VEN_STM&DEV_7320', 'ACPI\\...[+66 kar.], [{'version': '16.0.7629.4000', 'published': 'oem0.inf', 'original': 'prnms006.inf', 'class': 'Printer', 'provider': 'Microsoft', 'date': ''}, {'published': 'oem1.inf', 'original': 'prnms001.inf', 'cla...[+8876 kar.])
2026-08-25 17:18:54 [DEBUG] [task-rebind] [CALL] DriverToolApi._staged_vendor_inf_for -> (None, '') (0.78s)
2026-08-25 17:18:54 [DEBUG] [task-rebind] [CALL] DriverToolApi._staged_vendor_inf_for({'cat': '⚙️ Rendszereszköz', 'name': 'Intel(R) energiaellátási beépülő modul', 'id': 'ACPI\\VEN_INT&DEV_33A1', 'pnp_id': 'ACPI\\INT33A1\\1', 'all_hwids': ['ACPI\\VEN_INT&DEV_33A1', 'ACPI\\INT33A1', '*...[+45 kar.], [{'version': '16.0.7629.4000', 'published': 'oem0.inf', 'original': 'prnms006.inf', 'class': 'Printer', 'provider': 'Microsoft', 'date': ''}, {'published': 'oem1.inf', 'original': 'prnms001.inf', 'cla...[+8876 kar.])
2026-08-25 17:18:54 [DEBUG] [task-rebind] [CALL] DriverToolApi._staged_vendor_inf_for -> (None, '') (0.76s)
2026-08-25 17:18:54 [DEBUG] [task-rebind] [CALL] DriverToolApi._staged_vendor_inf_for({'cat': '🔌 USB Vezérlő', 'name': 'USB kompozit eszköz', 'id': 'USB\\VID_13D3&PID_56A6&REV_1711', 'pnp_id': 'USB\\VID_13D3&PID_56A6\\0001', 'all_hwids': ['USB\\VID_13D3&PID_56A6&REV_1711', 'USB\\VID_13...[+46 kar.], [{'version': '16.0.7629.4000', 'published': 'oem0.inf', 'original': 'prnms006.inf', 'class': 'Printer', 'provider': 'Microsoft', 'date': ''}, {'published': 'oem1.inf', 'original': 'prnms001.inf', 'cla...[+8876 kar.])
2026-08-25 17:18:54 [INFO] [task-rebind] [REBIND] Egyezés: USB kompozit eszköz [USB\VID_13D3&PID_56A6] <- rtlejf.inf [USB\VID_13D3&PID_56A6&MI_00]
2026-08-25 17:18:54 [DEBUG] [task-rebind] [CALL] DriverToolApi._staged_vendor_inf_for -> ('C:\\Windows\\System32\\DriverStore\\FileRepository\\rtlejf.inf_amd64_29ac319548e83f49\\rtlejf.inf', 'rtlejf.inf') (0.03s)
2026-08-25 17:18:54 [DEBUG] [task-rebind] [CALL] DriverToolApi._staged_vendor_inf_for({'cat': '🔌 USB Vezérlő', 'name': 'USB-gyökérhub (USB 3.0)', 'id': 'USB\\ROOT_HUB30&VID8086&PID9D2F&REV0021', 'pnp_id': 'USB\\ROOT_HUB30\\4&E673D32&1&0', 'all_hwids': ['USB\\ROOT_HUB30&VID8086&PID9D2F&...[+96 kar.], [{'version': '16.0.7629.4000', 'published': 'oem0.inf', 'original': 'prnms006.inf', 'class': 'Printer', 'provider': 'Microsoft', 'date': ''}, {'published': 'oem1.inf', 'original': 'prnms001.inf', 'cla...[+8876 kar.])
2026-08-25 17:18:55 [DEBUG] [task-rebind] [CALL] DriverToolApi._staged_vendor_inf_for -> (None, '') (0.80s)
2026-08-25 17:18:55 [DEBUG] [task-rebind] [CALL] DriverToolApi._staged_vendor_inf_for({'cat': '🖱️ Periféria', 'name': 'Szabványos PS/2 billentyűzet', 'id': 'ACPI\\VEN_LEN&DEV_0071', 'pnp_id': 'ACPI\\LEN0071\\4&27A0EA9D&0', 'all_hwids': ['ACPI\\VEN_LEN&DEV_0071', 'ACPI\\LEN0071', '*LEN0...[+43 kar.], [{'version': '16.0.7629.4000', 'published': 'oem0.inf', 'original': 'prnms006.inf', 'class': 'Printer', 'provider': 'Microsoft', 'date': ''}, {'published': 'oem1.inf', 'original': 'prnms001.inf', 'cla...[+8876 kar.])
2026-08-25 17:18:56 [DEBUG] [task-rebind] [CALL] DriverToolApi._staged_vendor_inf_for -> (None, '') (0.80s)
2026-08-25 17:18:56 [DEBUG] [task-rebind] [CALL] DriverToolApi._staged_vendor_inf_for({'cat': '🔌 USB Vezérlő', 'name': 'Intel(R) USB 3.1 eXtensible Host Controller - 1.10 (Microsoft)', 'id': 'PCI\\VEN_8086&DEV_15C1&SUBSYS_11112222&REV_01', 'pnp_id': 'PCI\\VEN_8086&DEV_15C1&SUBSYS_11112...[+240 kar.], [{'version': '16.0.7629.4000', 'published': 'oem0.inf', 'original': 'prnms006.inf', 'class': 'Printer', 'provider': 'Microsoft', 'date': ''}, {'published': 'oem1.inf', 'original': 'prnms001.inf', 'cla...[+8876 kar.])
2026-08-25 17:18:57 [DEBUG] [task-rebind] [CALL] DriverToolApi._staged_vendor_inf_for -> (None, '') (0.84s)
2026-08-25 17:18:57 [DEBUG] [task-rebind] [CALL] DriverToolApi._staged_vendor_inf_for({'cat': '🔌 USB Vezérlő', 'name': 'USB-gyökérhub (USB 3.0)', 'id': 'USB\\ROOT_HUB30&VID8086&PID15C1&REV0001', 'pnp_id': 'USB\\ROOT_HUB30\\7&1715E03&0&0', 'all_hwids': ['USB\\ROOT_HUB30&VID8086&PID15C1&...[+96 kar.], [{'version': '16.0.7629.4000', 'published': 'oem0.inf', 'original': 'prnms006.inf', 'class': 'Printer', 'provider': 'Microsoft', 'date': ''}, {'published': 'oem1.inf', 'original': 'prnms001.inf', 'cla...[+8876 kar.])
2026-08-25 17:18:58 [DEBUG] [task-rebind] [CALL] DriverToolApi._staged_vendor_inf_for -> (None, '') (0.78s)
2026-08-25 17:18:58 [INFO] [task-rebind] [EMIT:task_progress] 🔧 21 eszközhöz VAN gyári driver a gépen, mégis alapdriveren fut - visszakötés:
2026-08-25 17:18:58 [INFO] [task-rebind] [EMIT:task_progress] (1/21) Microsoft tápadapter
   most: cmbatt.inf (Microsoft) → gyári: (a Windows választ)
2026-08-25 17:18:58 [DEBUG] [task-rebind] [CALL] DriverToolApi._rebind_device('ACPI\\ACPI0003\\0', None, 'Microsoft tápadapter', 'Battery', 'rebind')
2026-08-25 17:18:58 [WARNING] [task-rebind] [REBIND] 2. lépés - a csomópont eltávolítása: Microsoft tápadapter [ACPI\ACPI0003\0]
2026-08-25 17:18:58 [INFO] [task-rebind] [EMIT:task_progress] 🔄 Microsoft tápadapter: eszköz eltávolítása, hogy a Windows újra felderítse...
2026-08-25 17:18:58 [DEBUG] [task-rebind] [CMD] Futtatás: pnputil /remove-device ACPI\ACPI0003\0
2026-08-25 17:18:58 [DEBUG] [task-rebind] [CMD] OK (0.2s)
2026-08-25 17:18:58 [DEBUG] [task-rebind] [CMD] stdout: Microsoft PnP Utility

Removing device:          ACPI\ACPI0003\0
Device removed successfully.
2026-08-25 17:18:58 [DEBUG] [task-rebind] [CMD] Futtatás: pnputil /scan-devices
2026-08-25 17:19:01 [DEBUG] [task-rebind] [CMD] OK (3.4s)
2026-08-25 17:19:01 [DEBUG] [task-rebind] [CMD] stdout: Microsoft PnP Utility

Scanning for device hardware changes.
Scan complete.
2026-08-25 17:19:06 [DEBUG] [task-rebind] [CALL] DriverToolApi._device_on_vendor_driver('ACPI\\ACPI0003\\0')
2026-08-25 17:19:06 [DEBUG] [task-rebind] [CALL] DriverToolApi._get_installed_driver_info()
2026-08-25 17:19:06 [DEBUG] [task-rebind] [CMD] Futtatás: powershell -NoProfile -Command [Console]::OutputEncoding = [System.Text.Encoding]::UTF8; Get-WmiObject Win32_PnPSignedDriver | Where-Object { $_.DeviceID -and $_.DriverVersion } | Select-Object DeviceID, DriverVersion, DriverDate, DriverProviderName, InfName | ConvertTo-Json -Compress
2026-08-25 17:19:08 [DEBUG] [task-rebind] [CMD] OK (2.1s)
2026-08-25 17:19:08 [DEBUG] [task-rebind] [CMD] stdout: [{"DeviceID":"SWD\\PRINTENUM\\{8B82CBFE-FB5C-450A-84E3-F7591FFBC6F1}","DriverVersion":"10.0.19041.1","DriverDate":"20060621000000.******+***","DriverProviderName":"Microsoft","InfName":"printqueue.inf"},{"DeviceID":"SWD\\PRINTENUM\\{D04F27B3-CB9C-426F-A1CA-1D81DB1D34C8}","DriverVersion":"10.0.19041.1","DriverDate":"20060621000000.******+***","DriverProviderName":"Microsoft","InfName":"printqueue.inf"},{"DeviceID":"SWD\\PRINTENUM\\{C4A8C922-C486-40BB-BC60-CC480DD22CC8}","DriverVersion":"10.0.19041.1","DriverDate":"20060621000000.******+***","DriverProviderName":"Microsoft","InfName":"printqueue.inf"},{"DeviceID":"SWD\\PRINTENUM\\{C1C10521-AA32-4491-BE4D-F5E6E7927369}","DriverVersion":"10.0.19041.1","DriverDate":"20060621000000.******+***","DriverProviderName":"Microsoft","InfName":"printqueue.inf"},{"DeviceID":"SWD\\PRINTENUM\\{115C2850-D19A-4E5F-B8F4-3A74F0FFFD4F}","DriverVersion":"10.0.19041.1","DriverDate":"20060621000000.******+***","DriverProviderName":"Microsoft","InfName":"printqueue.inf"},{"DeviceID":"SWD\\PRINTENUM\\{49305D13-835A-448E-BB53-6BFC07E5EB08}","DriverVersion":"10.0.19041.1","DriverDate":"20060621000000.******+***","DriverProviderName":"Microsoft","InfName":"printqueue.inf"},{"DeviceID":"SWD\\PRINTENUM\\{A5856CD5-01F0-4301-AB7C-064B52928E14}","DriverVersion":"10.0.19041.1","DriverDate":"20060621000000.******+***","DriverProviderName":"Microsoft","InfName":"printqueue.inf"},{"DeviceID":"SWD\\PRINTENUM\\PRINTQUEUES","DriverVersion":"10.0.19041.1","DriverDate":"20060621000000.******+***","DriverProviderName":"Microsoft","InfName":"printqueue.inf"},{"DeviceID":"SWD\\MSRRAS\\MS_NDISWANBH","DriverVersion":"10.0.19041.1","DriverDate":"20060621000000.******+***","DriverProviderName":"Microsoft","InfName":"netrasa.inf"},{"DeviceID":"SWD\\MSRRAS\\MS_NDISWANIPV6","DriverVersion":"10.0.19041.1","DriverDate":"20060621000000.******+***","DriverProviderName":"Microsoft","InfName":"netrasa.inf"},{"DeviceID":"SWD\\MSRRAS\\MS_NDISWANIP","DriverVersion":"10.0.19041.1","DriverDate":"20060621000000.******+***","DriverProviderName":"Microsoft","InfName":"netrasa.inf"},{"DeviceID":"SWD\\MSRRAS\\MS_PPPOEMINIPORT","DriverVersion":"10.0.19041.1","DriverDate":"20060621000000.******+***","DriverProviderName":"Microsoft","InfName":"netrasa.inf"},{"DeviceID":"SWD\\MSRRAS\\MS_PPTPMINIPORT","DriverVersion":"10.0.19041.1","DriverDate":"20060621000000.******+***","DriverProviderName":"Microsoft","InfName":"netrasa.inf"},{"DeviceID":"SWD\\MSRRAS\\MS_L2TPMINIPORT","DriverVersion":"10.0.19041.1","DriverDate":"20060621000000.******+***","DriverProviderName":"Microsoft","InfName":"netrasa.inf"},{"DeviceID":"SWD\\MSRRAS\\MS_AGILEVPNMINIPORT","DriverVersion":"10.0.19041.1","DriverDate":"20060621000000.******+***","DriverProviderName":"Microsoft","InfName":"netavpna.inf"},{"DeviceID":"SWD\\MSRRAS\\MS_SSTPMINIPORT","DriverVersion":"10.0.19041.1","DriverDate":"20060621000000.******+***","DriverProviderName":"Microsoft","InfName":"netsstpa.inf"},{"DeviceID":"SWD\\MSRRAS\\{5E259276-BC7E-40E3-B93B-8F89B5F3ABC0}","DriverVersion":"10.0.19041.1","DriverDate":"20060621000000.******+***","DriverProviderName":"Microsoft","InfName":"c_swdevice.inf"},{"DeviceID":"SWD\\MMDEVAPI\\MICROSOFTGSWAVETABLESYNTH","DriverVersion":"10.0.19041.1","DriverDate":"20060621000000.******+***","DriverProviderName":"Microsoft","InfName":"c_swdevice.inf"},{"DeviceID":"SWD\\RADIO\\{DE38D9E2-5164-45E8-8E9F-6CE2E3AAF664}","DriverVersion":"10.0.19041.1","DriverDate":"20060621000000.******+***","DriverProviderName":"Microsoft","InfName":"c_swdevice.inf"},{"DeviceID":"SWD\\RADIO\\{B1665DB6-2CAC-4627-A386-7CAA22413BD2}","DriverVersion":"10.0.19041.1","DriverDate":"20060621000000.******+***","DriverProviderName":"Microsoft","InfName":"c_swdevice.inf"},{"DeviceID":"SWD\\RADIO\\BLUETOOTH_24EE9AF8AFEC","DriverVersion":"10.0.19041.1","DriverDate":"20060621000000.******+***","DriverProviderName":"Microsoft","InfName":"c_swdevice.inf"},{"DeviceID":"SWD\\RADIO\\{3DB5895D-CC28-44B3-AD3D-6F01A782B8D... [TRUNCATED]
2026-08-25 17:19:08 [INFO] [task-rebind] [CATALOG] Telepített driver-infó: 192 eszköz
2026-08-25 17:19:08 [DEBUG] [task-rebind] [CALL] DriverToolApi._get_installed_driver_info -> {'SWD\\PRINTENUM\\{8B82CBFE-FB5C-450A-84E3-F7591FFBC6F1}': {'version': '10.0.19041.1', 'date': '2006-06-21', 'provider': 'Microsoft', 'inf': 'printqueue.inf'}, 'SWD\\PRINTENUM\\{D04F27B3-CB9C-426F-A1CA-1D81DB1D34C8}': {'version': '10.0.19041.1', 'date': '2006-06-21', 'provider': 'Microsoft', 'inf': ...[+27156 kar.] (2.09s)
2026-08-25 17:19:08 [DEBUG] [task-rebind] [CALL] DriverToolApi._device_on_vendor_driver -> False (2.09s)
2026-08-25 17:19:08 [WARNING] [task-rebind] [REBIND] Microsoft tápadapter: eltávolítva, a kötés ÚJRAINDÍTÁS után épül fel.
2026-08-25 17:19:08 [DEBUG] [task-rebind] [CALL] DriverToolApi._rebind_device -> 'needs_reboot' (10.70s)
2026-08-25 17:19:08 [INFO] [task-rebind] [EMIT:task_progress] 🔄 Eltávolítva - a Windows az ÚJRAINDÍTÁS után deríti fel újra (ez a lemez visszadugásának megfelelője).
2026-08-25 17:19:08 [INFO] [task-rebind] [EMIT:task_progress] (2/21) Lefelé irányuló PCI Express-kapcsolóport
   most: pci.inf (Microsoft) → gyári: (a Windows választ)
2026-08-25 17:19:08 [DEBUG] [task-rebind] [CALL] DriverToolApi._rebind_device('PCI\\VEN_8086&DEV_15C0&SUBSYS_11112222&REV_01\\6117501B5800AA0000', None, 'Lefelé irányuló PCI Express-kapcsolóport', 'System', 'rebind')
2026-08-25 17:19:08 [WARNING] [task-rebind] [REBIND] 2. lépés - a csomópont eltávolítása: Lefelé irányuló PCI Express-kapcsolóport [PCI\VEN_8086&DEV_15C0&SUBSYS_11112222&REV_01\6117501B5800AA0000]
2026-08-25 17:19:08 [INFO] [task-rebind] [EMIT:task_progress] 🔄 Lefelé irányuló PCI Express-kapcsolóport: eszköz eltávolítása, hogy a Windows újra felderítse...
2026-08-25 17:19:08 [DEBUG] [task-rebind] [CMD] Futtatás: pnputil /remove-device PCI\VEN_8086&DEV_15C0&SUBSYS_11112222&REV_01\6117501B5800AA0000
2026-08-25 17:19:09 [DEBUG] [task-rebind] [CMD] OK (0.4s)
2026-08-25 17:19:09 [DEBUG] [task-rebind] [CMD] stdout: Microsoft PnP Utility

Removing device:          PCI\VEN_8086&DEV_15C0&SUBSYS_11112222&REV_01\6117501B5800AA0000
Device removed successfully.
2026-08-25 17:19:09 [DEBUG] [task-rebind] [CMD] Futtatás: pnputil /scan-devices
2026-08-25 17:19:11 [DEBUG] [task-rebind] [CMD] OK (2.4s)
2026-08-25 17:19:11 [DEBUG] [task-rebind] [CMD] stdout: Microsoft PnP Utility

Scanning for device hardware changes.
Scan complete.
2026-08-25 17:19:16 [DEBUG] [task-rebind] [CALL] DriverToolApi._device_on_vendor_driver('PCI\\VEN_8086&DEV_15C0&SUBSYS_11112222&REV_01\\6117501B5800AA0000')
2026-08-25 17:19:16 [DEBUG] [task-rebind] [CALL] DriverToolApi._get_installed_driver_info()
2026-08-25 17:19:16 [DEBUG] [task-rebind] [CMD] Futtatás: powershell -NoProfile -Command [Console]::OutputEncoding = [System.Text.Encoding]::UTF8; Get-WmiObject Win32_PnPSignedDriver | Where-Object { $_.DeviceID -and $_.DriverVersion } | Select-Object DeviceID, DriverVersion, DriverDate, DriverProviderName, InfName | ConvertTo-Json -Compress
2026-08-25 17:19:18 [DEBUG] [task-rebind] [CMD] OK (2.0s)
2026-08-25 17:19:18 [DEBUG] [task-rebind] [CMD] stdout: [{"DeviceID":"SWD\\PRINTENUM\\{8B82CBFE-FB5C-450A-84E3-F7591FFBC6F1}","DriverVersion":"10.0.19041.1","DriverDate":"20060621000000.******+***","DriverProviderName":"Microsoft","InfName":"printqueue.inf"},{"DeviceID":"SWD\\PRINTENUM\\{D04F27B3-CB9C-426F-A1CA-1D81DB1D34C8}","DriverVersion":"10.0.19041.1","DriverDate":"20060621000000.******+***","DriverProviderName":"Microsoft","InfName":"printqueue.inf"},{"DeviceID":"SWD\\PRINTENUM\\{C4A8C922-C486-40BB-BC60-CC480DD22CC8}","DriverVersion":"10.0.19041.1","DriverDate":"20060621000000.******+***","DriverProviderName":"Microsoft","InfName":"printqueue.inf"},{"DeviceID":"SWD\\PRINTENUM\\{C1C10521-AA32-4491-BE4D-F5E6E7927369}","DriverVersion":"10.0.19041.1","DriverDate":"20060621000000.******+***","DriverProviderName":"Microsoft","InfName":"printqueue.inf"},{"DeviceID":"SWD\\PRINTENUM\\{115C2850-D19A-4E5F-B8F4-3A74F0FFFD4F}","DriverVersion":"10.0.19041.1","DriverDate":"20060621000000.******+***","DriverProviderName":"Microsoft","InfName":"printqueue.inf"},{"DeviceID":"SWD\\PRINTENUM\\{49305D13-835A-448E-BB53-6BFC07E5EB08}","DriverVersion":"10.0.19041.1","DriverDate":"20060621000000.******+***","DriverProviderName":"Microsoft","InfName":"printqueue.inf"},{"DeviceID":"SWD\\PRINTENUM\\{A5856CD5-01F0-4301-AB7C-064B52928E14}","DriverVersion":"10.0.19041.1","DriverDate":"20060621000000.******+***","DriverProviderName":"Microsoft","InfName":"printqueue.inf"},{"DeviceID":"SWD\\PRINTENUM\\PRINTQUEUES","DriverVersion":"10.0.19041.1","DriverDate":"20060621000000.******+***","DriverProviderName":"Microsoft","InfName":"printqueue.inf"},{"DeviceID":"SWD\\MSRRAS\\MS_NDISWANBH","DriverVersion":"10.0.19041.1","DriverDate":"20060621000000.******+***","DriverProviderName":"Microsoft","InfName":"netrasa.inf"},{"DeviceID":"SWD\\MSRRAS\\MS_NDISWANIPV6","DriverVersion":"10.0.19041.1","DriverDate":"20060621000000.******+***","DriverProviderName":"Microsoft","InfName":"netrasa.inf"},{"DeviceID":"SWD\\MSRRAS\\MS_NDISWANIP","DriverVersion":"10.0.19041.1","DriverDate":"20060621000000.******+***","DriverProviderName":"Microsoft","InfName":"netrasa.inf"},{"DeviceID":"SWD\\MSRRAS\\MS_PPPOEMINIPORT","DriverVersion":"10.0.19041.1","DriverDate":"20060621000000.******+***","DriverProviderName":"Microsoft","InfName":"netrasa.inf"},{"DeviceID":"SWD\\MSRRAS\\MS_PPTPMINIPORT","DriverVersion":"10.0.19041.1","DriverDate":"20060621000000.******+***","DriverProviderName":"Microsoft","InfName":"netrasa.inf"},{"DeviceID":"SWD\\MSRRAS\\MS_L2TPMINIPORT","DriverVersion":"10.0.19041.1","DriverDate":"20060621000000.******+***","DriverProviderName":"Microsoft","InfName":"netrasa.inf"},{"DeviceID":"SWD\\MSRRAS\\MS_AGILEVPNMINIPORT","DriverVersion":"10.0.19041.1","DriverDate":"20060621000000.******+***","DriverProviderName":"Microsoft","InfName":"netavpna.inf"},{"DeviceID":"SWD\\MSRRAS\\MS_SSTPMINIPORT","DriverVersion":"10.0.19041.1","DriverDate":"20060621000000.******+***","DriverProviderName":"Microsoft","InfName":"netsstpa.inf"},{"DeviceID":"SWD\\MSRRAS\\{5E259276-BC7E-40E3-B93B-8F89B5F3ABC0}","DriverVersion":"10.0.19041.1","DriverDate":"20060621000000.******+***","DriverProviderName":"Microsoft","InfName":"c_swdevice.inf"},{"DeviceID":"SWD\\MMDEVAPI\\MICROSOFTGSWAVETABLESYNTH","DriverVersion":"10.0.19041.1","DriverDate":"20060621000000.******+***","DriverProviderName":"Microsoft","InfName":"c_swdevice.inf"},{"DeviceID":"SWD\\RADIO\\{DE38D9E2-5164-45E8-8E9F-6CE2E3AAF664}","DriverVersion":"10.0.19041.1","DriverDate":"20060621000000.******+***","DriverProviderName":"Microsoft","InfName":"c_swdevice.inf"},{"DeviceID":"SWD\\RADIO\\{B1665DB6-2CAC-4627-A386-7CAA22413BD2}","DriverVersion":"10.0.19041.1","DriverDate":"20060621000000.******+***","DriverProviderName":"Microsoft","InfName":"c_swdevice.inf"},{"DeviceID":"SWD\\RADIO\\BLUETOOTH_24EE9AF8AFEC","DriverVersion":"10.0.19041.1","DriverDate":"20060621000000.******+***","DriverProviderName":"Microsoft","InfName":"c_swdevice.inf"},{"DeviceID":"SWD\\RADIO\\{3DB5895D-CC28-44B3-AD3D-6F01A782B8D... [TRUNCATED]
2026-08-25 17:19:18 [INFO] [task-rebind] [CATALOG] Telepített driver-infó: 192 eszköz
2026-08-25 17:19:18 [DEBUG] [task-rebind] [CALL] DriverToolApi._get_installed_driver_info -> {'SWD\\PRINTENUM\\{8B82CBFE-FB5C-450A-84E3-F7591FFBC6F1}': {'version': '10.0.19041.1', 'date': '2006-06-21', 'provider': 'Microsoft', 'inf': 'printqueue.inf'}, 'SWD\\PRINTENUM\\{D04F27B3-CB9C-426F-A1CA-1D81DB1D34C8}': {'version': '10.0.19041.1', 'date': '2006-06-21', 'provider': 'Microsoft', 'inf': ...[+27156 kar.] (1.98s)
2026-08-25 17:19:18 [DEBUG] [task-rebind] [CALL] DriverToolApi._device_on_vendor_driver -> False (1.98s)
2026-08-25 17:19:18 [WARNING] [task-rebind] [REBIND] Lefelé irányuló PCI Express-kapcsolóport: eltávolítva, a kötés ÚJRAINDÍTÁS után épül fel.
2026-08-25 17:19:18 [DEBUG] [task-rebind] [CALL] DriverToolApi._rebind_device -> 'needs_reboot' (9.81s)
2026-08-25 17:19:18 [INFO] [task-rebind] [EMIT:task_progress] 🔄 Eltávolítva - a Windows az ÚJRAINDÍTÁS után deríti fel újra (ez a lemez visszadugásának megfelelője).
2026-08-25 17:19:18 [INFO] [task-rebind] [EMIT:task_progress] (3/21) ACPI processzorösszesítő
   most: acpipagr.inf (Microsoft) → gyári: (a Windows választ)
2026-08-25 17:19:18 [DEBUG] [task-rebind] [CALL] DriverToolApi._rebind_device('ACPI\\ACPI000C\\2&DABA3FF&0', None, 'ACPI processzorösszesítő', 'System', 'rebind')
2026-08-25 17:19:18 [WARNING] [task-rebind] [REBIND] 2. lépés - a csomópont eltávolítása: ACPI processzorösszesítő [ACPI\ACPI000C\2&DABA3FF&0]
2026-08-25 17:19:18 [INFO] [task-rebind] [EMIT:task_progress] 🔄 ACPI processzorösszesítő: eszköz eltávolítása, hogy a Windows újra felderítse...
2026-08-25 17:19:18 [DEBUG] [task-rebind] [CMD] Futtatás: pnputil /remove-device ACPI\ACPI000C\2&DABA3FF&0
2026-08-25 17:19:18 [DEBUG] [task-rebind] [CMD] OK (0.1s)
2026-08-25 17:19:18 [DEBUG] [task-rebind] [CMD] stdout: Microsoft PnP Utility

Removing device:          ACPI\ACPI000C\2&DABA3FF&0
Device removed successfully.
2026-08-25 17:19:18 [DEBUG] [task-rebind] [CMD] Futtatás: pnputil /scan-devices
2026-08-25 17:19:20 [DEBUG] [task-rebind] [CMD] OK (1.7s)
2026-08-25 17:19:20 [DEBUG] [task-rebind] [CMD] stdout: Microsoft PnP Utility

Scanning for device hardware changes.
Scan complete.
2026-08-25 17:19:25 [DEBUG] [task-rebind] [CALL] DriverToolApi._device_on_vendor_driver('ACPI\\ACPI000C\\2&DABA3FF&0')
2026-08-25 17:19:25 [DEBUG] [task-rebind] [CALL] DriverToolApi._get_installed_driver_info()
2026-08-25 17:19:25 [DEBUG] [task-rebind] [CMD] Futtatás: powershell -NoProfile -Command [Console]::OutputEncoding = [System.Text.Encoding]::UTF8; Get-WmiObject Win32_PnPSignedDriver | Where-Object { $_.DeviceID -and $_.DriverVersion } | Select-Object DeviceID, DriverVersion, DriverDate, DriverProviderName, InfName | ConvertTo-Json -Compress
2026-08-25 17:19:27 [DEBUG] [task-rebind] [CMD] OK (2.0s)
2026-08-25 17:19:27 [DEBUG] [task-rebind] [CMD] stdout: [{"DeviceID":"SWD\\PRINTENUM\\{8B82CBFE-FB5C-450A-84E3-F7591FFBC6F1}","DriverVersion":"10.0.19041.1","DriverDate":"20060621000000.******+***","DriverProviderName":"Microsoft","InfName":"printqueue.inf"},{"DeviceID":"SWD\\PRINTENUM\\{D04F27B3-CB9C-426F-A1CA-1D81DB1D34C8}","DriverVersion":"10.0.19041.1","DriverDate":"20060621000000.******+***","DriverProviderName":"Microsoft","InfName":"printqueue.inf"},{"DeviceID":"SWD\\PRINTENUM\\{C4A8C922-C486-40BB-BC60-CC480DD22CC8}","DriverVersion":"10.0.19041.1","DriverDate":"20060621000000.******+***","DriverProviderName":"Microsoft","InfName":"printqueue.inf"},{"DeviceID":"SWD\\PRINTENUM\\{C1C10521-AA32-4491-BE4D-F5E6E7927369}","DriverVersion":"10.0.19041.1","DriverDate":"20060621000000.******+***","DriverProviderName":"Microsoft","InfName":"printqueue.inf"},{"DeviceID":"SWD\\PRINTENUM\\{115C2850-D19A-4E5F-B8F4-3A74F0FFFD4F}","DriverVersion":"10.0.19041.1","DriverDate":"20060621000000.******+***","DriverProviderName":"Microsoft","InfName":"printqueue.inf"},{"DeviceID":"SWD\\PRINTENUM\\{49305D13-835A-448E-BB53-6BFC07E5EB08}","DriverVersion":"10.0.19041.1","DriverDate":"20060621000000.******+***","DriverProviderName":"Microsoft","InfName":"printqueue.inf"},{"DeviceID":"SWD\\PRINTENUM\\{A5856CD5-01F0-4301-AB7C-064B52928E14}","DriverVersion":"10.0.19041.1","DriverDate":"20060621000000.******+***","DriverProviderName":"Microsoft","InfName":"printqueue.inf"},{"DeviceID":"SWD\\PRINTENUM\\PRINTQUEUES","DriverVersion":"10.0.19041.1","DriverDate":"20060621000000.******+***","DriverProviderName":"Microsoft","InfName":"printqueue.inf"},{"DeviceID":"SWD\\MSRRAS\\MS_NDISWANBH","DriverVersion":"10.0.19041.1","DriverDate":"20060621000000.******+***","DriverProviderName":"Microsoft","InfName":"netrasa.inf"},{"DeviceID":"SWD\\MSRRAS\\MS_NDISWANIPV6","DriverVersion":"10.0.19041.1","DriverDate":"20060621000000.******+***","DriverProviderName":"Microsoft","InfName":"netrasa.inf"},{"DeviceID":"SWD\\MSRRAS\\MS_NDISWANIP","DriverVersion":"10.0.19041.1","DriverDate":"20060621000000.******+***","DriverProviderName":"Microsoft","InfName":"netrasa.inf"},{"DeviceID":"SWD\\MSRRAS\\MS_PPPOEMINIPORT","DriverVersion":"10.0.19041.1","DriverDate":"20060621000000.******+***","DriverProviderName":"Microsoft","InfName":"netrasa.inf"},{"DeviceID":"SWD\\MSRRAS\\MS_PPTPMINIPORT","DriverVersion":"10.0.19041.1","DriverDate":"20060621000000.******+***","DriverProviderName":"Microsoft","InfName":"netrasa.inf"},{"DeviceID":"SWD\\MSRRAS\\MS_L2TPMINIPORT","DriverVersion":"10.0.19041.1","DriverDate":"20060621000000.******+***","DriverProviderName":"Microsoft","InfName":"netrasa.inf"},{"DeviceID":"SWD\\MSRRAS\\MS_AGILEVPNMINIPORT","DriverVersion":"10.0.19041.1","DriverDate":"20060621000000.******+***","DriverProviderName":"Microsoft","InfName":"netavpna.inf"},{"DeviceID":"SWD\\MSRRAS\\MS_SSTPMINIPORT","DriverVersion":"10.0.19041.1","DriverDate":"20060621000000.******+***","DriverProviderName":"Microsoft","InfName":"netsstpa.inf"},{"DeviceID":"SWD\\MSRRAS\\{5E259276-BC7E-40E3-B93B-8F89B5F3ABC0}","DriverVersion":"10.0.19041.1","DriverDate":"20060621000000.******+***","DriverProviderName":"Microsoft","InfName":"c_swdevice.inf"},{"DeviceID":"SWD\\MMDEVAPI\\MICROSOFTGSWAVETABLESYNTH","DriverVersion":"10.0.19041.1","DriverDate":"20060621000000.******+***","DriverProviderName":"Microsoft","InfName":"c_swdevice.inf"},{"DeviceID":"SWD\\RADIO\\{DE38D9E2-5164-45E8-8E9F-6CE2E3AAF664}","DriverVersion":"10.0.19041.1","DriverDate":"20060621000000.******+***","DriverProviderName":"Microsoft","InfName":"c_swdevice.inf"},{"DeviceID":"SWD\\RADIO\\{B1665DB6-2CAC-4627-A386-7CAA22413BD2}","DriverVersion":"10.0.19041.1","DriverDate":"20060621000000.******+***","DriverProviderName":"Microsoft","InfName":"c_swdevice.inf"},{"DeviceID":"SWD\\RADIO\\BLUETOOTH_24EE9AF8AFEC","DriverVersion":"10.0.19041.1","DriverDate":"20060621000000.******+***","DriverProviderName":"Microsoft","InfName":"c_swdevice.inf"},{"DeviceID":"SWD\\RADIO\\{3DB5895D-CC28-44B3-AD3D-6F01A782B8D... [TRUNCATED]
2026-08-25 17:19:27 [INFO] [task-rebind] [CATALOG] Telepített driver-infó: 192 eszköz
2026-08-25 17:19:27 [DEBUG] [task-rebind] [CALL] DriverToolApi._get_installed_driver_info -> {'SWD\\PRINTENUM\\{8B82CBFE-FB5C-450A-84E3-F7591FFBC6F1}': {'version': '10.0.19041.1', 'date': '2006-06-21', 'provider': 'Microsoft', 'inf': 'printqueue.inf'}, 'SWD\\PRINTENUM\\{D04F27B3-CB9C-426F-A1CA-1D81DB1D34C8}': {'version': '10.0.19041.1', 'date': '2006-06-21', 'provider': 'Microsoft', 'inf': ...[+27156 kar.] (1.98s)
2026-08-25 17:19:27 [DEBUG] [task-rebind] [CALL] DriverToolApi._device_on_vendor_driver -> False (1.98s)
2026-08-25 17:19:27 [WARNING] [task-rebind] [REBIND] ACPI processzorösszesítő: eltávolítva, a kötés ÚJRAINDÍTÁS után épül fel.
2026-08-25 17:19:27 [DEBUG] [task-rebind] [CALL] DriverToolApi._rebind_device -> 'needs_reboot' (8.83s)
2026-08-25 17:19:27 [INFO] [task-rebind] [EMIT:task_progress] 🔄 Eltávolítva - a Windows az ÚJRAINDÍTÁS után deríti fel újra (ez a lemez visszadugásának megfelelője).
2026-08-25 17:19:27 [INFO] [task-rebind] [EMIT:task_progress] (4/21) HID-kompatibilis egér
   most: msmouse.inf (Microsoft) → gyári: synpd.inf
2026-08-25 17:19:27 [DEBUG] [task-rebind] [CALL] DriverToolApi._rebind_device('HID\\SYNHIDMINI&COL01\\1&213A2F8E&0&0000', 'C:\\Windows\\System32\\DriverStore\\FileRepository\\synpd.inf_amd64_61d873e750f15de4\\synpd.inf', 'HID-kompatibilis egér', 'Mouse', 'rebind')
2026-08-25 17:19:27 [INFO] [task-rebind] [REBIND] 1. lépés - újratelepítés: HID-kompatibilis egér <- C:\Windows\System32\DriverStore\FileRepository\synpd.inf_amd64_61d873e750f15de4\synpd.inf
2026-08-25 17:19:27 [DEBUG] [task-rebind] [CMD] Futtatás: pnputil /add-driver C:\Windows\System32\DriverStore\FileRepository\synpd.inf_amd64_61d873e750f15de4\synpd.inf /install
2026-08-25 17:19:28 [DEBUG] [task-rebind] [CMD] OK - várt kód: 259 (0.6s)
2026-08-25 17:19:28 [DEBUG] [task-rebind] [CMD] stdout: Microsoft PnP Utility

Adding driver package:  SynPD.inf
Driver package added successfully. (Already exists in the system)
Published Name:         oem19.inf
Driver package is up-to-date on device: ACPI\LEN009B\4&27a0ea9d&0

Total driver packages:  1
Added driver packages:  0
2026-08-25 17:19:28 [DEBUG] [task-rebind] [CMD] Futtatás: pnputil /scan-devices
2026-08-25 17:19:29 [DEBUG] [task-rebind] [CMD] OK (1.6s)
2026-08-25 17:19:29 [DEBUG] [task-rebind] [CMD] stdout: Microsoft PnP Utility

Scanning for device hardware changes.
Scan complete.
2026-08-25 17:19:29 [DEBUG] [task-rebind] [CALL] DriverToolApi._device_on_vendor_driver('HID\\SYNHIDMINI&COL01\\1&213A2F8E&0&0000')
2026-08-25 17:19:29 [DEBUG] [task-rebind] [CALL] DriverToolApi._get_installed_driver_info()
2026-08-25 17:19:29 [DEBUG] [task-rebind] [CMD] Futtatás: powershell -NoProfile -Command [Console]::OutputEncoding = [System.Text.Encoding]::UTF8; Get-WmiObject Win32_PnPSignedDriver | Where-Object { $_.DeviceID -and $_.DriverVersion } | Select-Object DeviceID, DriverVersion, DriverDate, DriverProviderName, InfName | ConvertTo-Json -Compress
2026-08-25 17:19:31 [DEBUG] [task-rebind] [CMD] OK (1.5s)
2026-08-25 17:19:31 [DEBUG] [task-rebind] [CMD] stdout: [{"DeviceID":"SWD\\PRINTENUM\\{8B82CBFE-FB5C-450A-84E3-F7591FFBC6F1}","DriverVersion":"10.0.19041.1","DriverDate":"20060621000000.******+***","DriverProviderName":"Microsoft","InfName":"printqueue.inf"},{"DeviceID":"SWD\\PRINTENUM\\{D04F27B3-CB9C-426F-A1CA-1D81DB1D34C8}","DriverVersion":"10.0.19041.1","DriverDate":"20060621000000.******+***","DriverProviderName":"Microsoft","InfName":"printqueue.inf"},{"DeviceID":"SWD\\PRINTENUM\\{C4A8C922-C486-40BB-BC60-CC480DD22CC8}","DriverVersion":"10.0.19041.1","DriverDate":"20060621000000.******+***","DriverProviderName":"Microsoft","InfName":"printqueue.inf"},{"DeviceID":"SWD\\PRINTENUM\\{C1C10521-AA32-4491-BE4D-F5E6E7927369}","DriverVersion":"10.0.19041.1","DriverDate":"20060621000000.******+***","DriverProviderName":"Microsoft","InfName":"printqueue.inf"},{"DeviceID":"SWD\\PRINTENUM\\{115C2850-D19A-4E5F-B8F4-3A74F0FFFD4F}","DriverVersion":"10.0.19041.1","DriverDate":"20060621000000.******+***","DriverProviderName":"Microsoft","InfName":"printqueue.inf"},{"DeviceID":"SWD\\PRINTENUM\\{49305D13-835A-448E-BB53-6BFC07E5EB08}","DriverVersion":"10.0.19041.1","DriverDate":"20060621000000.******+***","DriverProviderName":"Microsoft","InfName":"printqueue.inf"},{"DeviceID":"SWD\\PRINTENUM\\{A5856CD5-01F0-4301-AB7C-064B52928E14}","DriverVersion":"10.0.19041.1","DriverDate":"20060621000000.******+***","DriverProviderName":"Microsoft","InfName":"printqueue.inf"},{"DeviceID":"SWD\\PRINTENUM\\PRINTQUEUES","DriverVersion":"10.0.19041.1","DriverDate":"20060621000000.******+***","DriverProviderName":"Microsoft","InfName":"printqueue.inf"},{"DeviceID":"SWD\\MSRRAS\\MS_NDISWANBH","DriverVersion":"10.0.19041.1","DriverDate":"20060621000000.******+***","DriverProviderName":"Microsoft","InfName":"netrasa.inf"},{"DeviceID":"SWD\\MSRRAS\\MS_NDISWANIPV6","DriverVersion":"10.0.19041.1","DriverDate":"20060621000000.******+***","DriverProviderName":"Microsoft","InfName":"netrasa.inf"},{"DeviceID":"SWD\\MSRRAS\\MS_NDISWANIP","DriverVersion":"10.0.19041.1","DriverDate":"20060621000000.******+***","DriverProviderName":"Microsoft","InfName":"netrasa.inf"},{"DeviceID":"SWD\\MSRRAS\\MS_PPPOEMINIPORT","DriverVersion":"10.0.19041.1","DriverDate":"20060621000000.******+***","DriverProviderName":"Microsoft","InfName":"netrasa.inf"},{"DeviceID":"SWD\\MSRRAS\\MS_PPTPMINIPORT","DriverVersion":"10.0.19041.1","DriverDate":"20060621000000.******+***","DriverProviderName":"Microsoft","InfName":"netrasa.inf"},{"DeviceID":"SWD\\MSRRAS\\MS_L2TPMINIPORT","DriverVersion":"10.0.19041.1","DriverDate":"20060621000000.******+***","DriverProviderName":"Microsoft","InfName":"netrasa.inf"},{"DeviceID":"SWD\\MSRRAS\\MS_AGILEVPNMINIPORT","DriverVersion":"10.0.19041.1","DriverDate":"20060621000000.******+***","DriverProviderName":"Microsoft","InfName":"netavpna.inf"},{"DeviceID":"SWD\\MSRRAS\\MS_SSTPMINIPORT","DriverVersion":"10.0.19041.1","DriverDate":"20060621000000.******+***","DriverProviderName":"Microsoft","InfName":"netsstpa.inf"},{"DeviceID":"SWD\\MSRRAS\\{5E259276-BC7E-40E3-B93B-8F89B5F3ABC0}","DriverVersion":"10.0.19041.1","DriverDate":"20060621000000.******+***","DriverProviderName":"Microsoft","InfName":"c_swdevice.inf"},{"DeviceID":"SWD\\MMDEVAPI\\MICROSOFTGSWAVETABLESYNTH","DriverVersion":"10.0.19041.1","DriverDate":"20060621000000.******+***","DriverProviderName":"Microsoft","InfName":"c_swdevice.inf"},{"DeviceID":"SWD\\RADIO\\{DE38D9E2-5164-45E8-8E9F-6CE2E3AAF664}","DriverVersion":"10.0.19041.1","DriverDate":"20060621000000.******+***","DriverProviderName":"Microsoft","InfName":"c_swdevice.inf"},{"DeviceID":"SWD\\RADIO\\{B1665DB6-2CAC-4627-A386-7CAA22413BD2}","DriverVersion":"10.0.19041.1","DriverDate":"20060621000000.******+***","DriverProviderName":"Microsoft","InfName":"c_swdevice.inf"},{"DeviceID":"SWD\\RADIO\\BLUETOOTH_24EE9AF8AFEC","DriverVersion":"10.0.19041.1","DriverDate":"20060621000000.******+***","DriverProviderName":"Microsoft","InfName":"c_swdevice.inf"},{"DeviceID":"SWD\\RADIO\\{3DB5895D-CC28-44B3-AD3D-6F01A782B8D... [TRUNCATED]
2026-08-25 17:19:31 [INFO] [task-rebind] [CATALOG] Telepített driver-infó: 192 eszköz
2026-08-25 17:19:31 [DEBUG] [task-rebind] [CALL] DriverToolApi._get_installed_driver_info -> {'SWD\\PRINTENUM\\{8B82CBFE-FB5C-450A-84E3-F7591FFBC6F1}': {'version': '10.0.19041.1', 'date': '2006-06-21', 'provider': 'Microsoft', 'inf': 'printqueue.inf'}, 'SWD\\PRINTENUM\\{D04F27B3-CB9C-426F-A1CA-1D81DB1D34C8}': {'version': '10.0.19041.1', 'date': '2006-06-21', 'provider': 'Microsoft', 'inf': ...[+27156 kar.] (1.52s)
2026-08-25 17:19:31 [DEBUG] [task-rebind] [CALL] DriverToolApi._device_on_vendor_driver -> False (1.52s)
2026-08-25 17:19:31 [WARNING] [task-rebind] [REBIND] 2. lépés - a csomópont eltávolítása: HID-kompatibilis egér [HID\SYNHIDMINI&COL01\1&213A2F8E&0&0000]
2026-08-25 17:19:31 [INFO] [task-rebind] [EMIT:task_progress] 🔄 HID-kompatibilis egér: eszköz eltávolítása, hogy a Windows újra felderítse...
2026-08-25 17:19:31 [DEBUG] [task-rebind] [CMD] Futtatás: pnputil /remove-device HID\SYNHIDMINI&COL01\1&213A2F8E&0&0000
2026-08-25 17:19:31 [DEBUG] [task-rebind] [CMD] OK (0.0s)
2026-08-25 17:19:31 [DEBUG] [task-rebind] [CMD] stdout: Microsoft PnP Utility

Removing device:          HID\SYNHIDMINI&COL01\1&213A2F8E&0&0000
Device removed successfully.
2026-08-25 17:19:31 [DEBUG] [task-rebind] [CMD] Futtatás: pnputil /scan-devices
2026-08-25 17:19:31 [DEBUG] [task-rebind] [CMD] OK (0.5s)
2026-08-25 17:19:31 [DEBUG] [task-rebind] [CMD] stdout: Microsoft PnP Utility

Scanning for device hardware changes.
Scan complete.
2026-08-25 17:19:36 [DEBUG] [task-rebind] [CALL] DriverToolApi._device_on_vendor_driver('HID\\SYNHIDMINI&COL01\\1&213A2F8E&0&0000')
2026-08-25 17:19:36 [DEBUG] [task-rebind] [CALL] DriverToolApi._get_installed_driver_info()
2026-08-25 17:19:36 [DEBUG] [task-rebind] [CMD] Futtatás: powershell -NoProfile -Command [Console]::OutputEncoding = [System.Text.Encoding]::UTF8; Get-WmiObject Win32_PnPSignedDriver | Where-Object { $_.DeviceID -and $_.DriverVersion } | Select-Object DeviceID, DriverVersion, DriverDate, DriverProviderName, InfName | ConvertTo-Json -Compress
2026-08-25 17:19:38 [DEBUG] [task-rebind] [CMD] OK (2.0s)
2026-08-25 17:19:38 [DEBUG] [task-rebind] [CMD] stdout: [{"DeviceID":"SWD\\PRINTENUM\\{8B82CBFE-FB5C-450A-84E3-F7591FFBC6F1}","DriverVersion":"10.0.19041.1","DriverDate":"20060621000000.******+***","DriverProviderName":"Microsoft","InfName":"printqueue.inf"},{"DeviceID":"SWD\\PRINTENUM\\{D04F27B3-CB9C-426F-A1CA-1D81DB1D34C8}","DriverVersion":"10.0.19041.1","DriverDate":"20060621000000.******+***","DriverProviderName":"Microsoft","InfName":"printqueue.inf"},{"DeviceID":"SWD\\PRINTENUM\\{C4A8C922-C486-40BB-BC60-CC480DD22CC8}","DriverVersion":"10.0.19041.1","DriverDate":"20060621000000.******+***","DriverProviderName":"Microsoft","InfName":"printqueue.inf"},{"DeviceID":"SWD\\PRINTENUM\\{C1C10521-AA32-4491-BE4D-F5E6E7927369}","DriverVersion":"10.0.19041.1","DriverDate":"20060621000000.******+***","DriverProviderName":"Microsoft","InfName":"printqueue.inf"},{"DeviceID":"SWD\\PRINTENUM\\{115C2850-D19A-4E5F-B8F4-3A74F0FFFD4F}","DriverVersion":"10.0.19041.1","DriverDate":"20060621000000.******+***","DriverProviderName":"Microsoft","InfName":"printqueue.inf"},{"DeviceID":"SWD\\PRINTENUM\\{49305D13-835A-448E-BB53-6BFC07E5EB08}","DriverVersion":"10.0.19041.1","DriverDate":"20060621000000.******+***","DriverProviderName":"Microsoft","InfName":"printqueue.inf"},{"DeviceID":"SWD\\PRINTENUM\\{A5856CD5-01F0-4301-AB7C-064B52928E14}","DriverVersion":"10.0.19041.1","DriverDate":"20060621000000.******+***","DriverProviderName":"Microsoft","InfName":"printqueue.inf"},{"DeviceID":"SWD\\PRINTENUM\\PRINTQUEUES","DriverVersion":"10.0.19041.1","DriverDate":"20060621000000.******+***","DriverProviderName":"Microsoft","InfName":"printqueue.inf"},{"DeviceID":"SWD\\MSRRAS\\MS_NDISWANBH","DriverVersion":"10.0.19041.1","DriverDate":"20060621000000.******+***","DriverProviderName":"Microsoft","InfName":"netrasa.inf"},{"DeviceID":"SWD\\MSRRAS\\MS_NDISWANIPV6","DriverVersion":"10.0.19041.1","DriverDate":"20060621000000.******+***","DriverProviderName":"Microsoft","InfName":"netrasa.inf"},{"DeviceID":"SWD\\MSRRAS\\MS_NDISWANIP","DriverVersion":"10.0.19041.1","DriverDate":"20060621000000.******+***","DriverProviderName":"Microsoft","InfName":"netrasa.inf"},{"DeviceID":"SWD\\MSRRAS\\MS_PPPOEMINIPORT","DriverVersion":"10.0.19041.1","DriverDate":"20060621000000.******+***","DriverProviderName":"Microsoft","InfName":"netrasa.inf"},{"DeviceID":"SWD\\MSRRAS\\MS_PPTPMINIPORT","DriverVersion":"10.0.19041.1","DriverDate":"20060621000000.******+***","DriverProviderName":"Microsoft","InfName":"netrasa.inf"},{"DeviceID":"SWD\\MSRRAS\\MS_L2TPMINIPORT","DriverVersion":"10.0.19041.1","DriverDate":"20060621000000.******+***","DriverProviderName":"Microsoft","InfName":"netrasa.inf"},{"DeviceID":"SWD\\MSRRAS\\MS_AGILEVPNMINIPORT","DriverVersion":"10.0.19041.1","DriverDate":"20060621000000.******+***","DriverProviderName":"Microsoft","InfName":"netavpna.inf"},{"DeviceID":"SWD\\MSRRAS\\MS_SSTPMINIPORT","DriverVersion":"10.0.19041.1","DriverDate":"20060621000000.******+***","DriverProviderName":"Microsoft","InfName":"netsstpa.inf"},{"DeviceID":"SWD\\MSRRAS\\{5E259276-BC7E-40E3-B93B-8F89B5F3ABC0}","DriverVersion":"10.0.19041.1","DriverDate":"20060621000000.******+***","DriverProviderName":"Microsoft","InfName":"c_swdevice.inf"},{"DeviceID":"SWD\\MMDEVAPI\\MICROSOFTGSWAVETABLESYNTH","DriverVersion":"10.0.19041.1","DriverDate":"20060621000000.******+***","DriverProviderName":"Microsoft","InfName":"c_swdevice.inf"},{"DeviceID":"SWD\\RADIO\\{DE38D9E2-5164-45E8-8E9F-6CE2E3AAF664}","DriverVersion":"10.0.19041.1","DriverDate":"20060621000000.******+***","DriverProviderName":"Microsoft","InfName":"c_swdevice.inf"},{"DeviceID":"SWD\\RADIO\\{B1665DB6-2CAC-4627-A386-7CAA22413BD2}","DriverVersion":"10.0.19041.1","DriverDate":"20060621000000.******+***","DriverProviderName":"Microsoft","InfName":"c_swdevice.inf"},{"DeviceID":"SWD\\RADIO\\BLUETOOTH_24EE9AF8AFEC","DriverVersion":"10.0.19041.1","DriverDate":"20060621000000.******+***","DriverProviderName":"Microsoft","InfName":"c_swdevice.inf"},{"DeviceID":"SWD\\RADIO\\{3DB5895D-CC28-44B3-AD3D-6F01A782B8D... [TRUNCATED]
2026-08-25 17:19:38 [INFO] [task-rebind] [CATALOG] Telepített driver-infó: 192 eszköz
2026-08-25 17:19:38 [DEBUG] [task-rebind] [CALL] DriverToolApi._get_installed_driver_info -> {'SWD\\PRINTENUM\\{8B82CBFE-FB5C-450A-84E3-F7591FFBC6F1}': {'version': '10.0.19041.1', 'date': '2006-06-21', 'provider': 'Microsoft', 'inf': 'printqueue.inf'}, 'SWD\\PRINTENUM\\{D04F27B3-CB9C-426F-A1CA-1D81DB1D34C8}': {'version': '10.0.19041.1', 'date': '2006-06-21', 'provider': 'Microsoft', 'inf': ...[+27156 kar.] (2.02s)
2026-08-25 17:19:38 [DEBUG] [task-rebind] [CALL] DriverToolApi._device_on_vendor_driver -> False (2.02s)
2026-08-25 17:19:38 [WARNING] [task-rebind] [REBIND] HID-kompatibilis egér: eltávolítva, a kötés ÚJRAINDÍTÁS után épül fel.
2026-08-25 17:19:38 [DEBUG] [task-rebind] [CALL] DriverToolApi._rebind_device -> 'needs_reboot' (11.24s)
2026-08-25 17:19:38 [INFO] [task-rebind] [EMIT:task_progress] 🔄 Eltávolítva - a Windows az ÚJRAINDÍTÁS után deríti fel újra (ez a lemez visszadugásának megfelelője).
2026-08-25 17:19:38 [INFO] [task-rebind] [EMIT:task_progress] (5/21) HID-kompatibilis, gyártó által definiált eszköz
   most: input.inf (Microsoft) → gyári: synpd.inf
2026-08-25 17:19:38 [DEBUG] [task-rebind] [CALL] DriverToolApi._rebind_device('HID\\SYNHIDMINI&COL04\\1&33F3E033&0&0003', 'C:\\Windows\\System32\\DriverStore\\FileRepository\\synpd.inf_amd64_61d873e750f15de4\\synpd.inf', 'HID-kompatibilis, gyártó által definiált eszköz', 'HIDClass', 'rebind')
2026-08-25 17:19:38 [INFO] [task-rebind] [REBIND] 1. lépés - újratelepítés: HID-kompatibilis, gyártó által definiált eszköz <- C:\Windows\System32\DriverStore\FileRepository\synpd.inf_amd64_61d873e750f15de4\synpd.inf
2026-08-25 17:19:38 [DEBUG] [task-rebind] [CMD] Futtatás: pnputil /add-driver C:\Windows\System32\DriverStore\FileRepository\synpd.inf_amd64_61d873e750f15de4\synpd.inf /install
2026-08-25 17:19:39 [DEBUG] [task-rebind] [CMD] OK - várt kód: 259 (0.6s)
2026-08-25 17:19:39 [DEBUG] [task-rebind] [CMD] stdout: Microsoft PnP Utility

Adding driver package:  SynPD.inf
Driver package added successfully. (Already exists in the system)
Published Name:         oem19.inf
Driver package is up-to-date on device: ACPI\LEN009B\4&27a0ea9d&0

Total driver packages:  1
Added driver packages:  0
2026-08-25 17:19:39 [DEBUG] [task-rebind] [CMD] Futtatás: pnputil /scan-devices
2026-08-25 17:19:40 [DEBUG] [task-rebind] [CMD] OK (1.6s)
2026-08-25 17:19:40 [DEBUG] [task-rebind] [CMD] stdout: Microsoft PnP Utility

Scanning for device hardware changes.
Scan complete.
2026-08-25 17:19:40 [DEBUG] [task-rebind] [CALL] DriverToolApi._device_on_vendor_driver('HID\\SYNHIDMINI&COL04\\1&33F3E033&0&0003')
2026-08-25 17:19:40 [DEBUG] [task-rebind] [CALL] DriverToolApi._get_installed_driver_info()
2026-08-25 17:19:40 [DEBUG] [task-rebind] [CMD] Futtatás: powershell -NoProfile -Command [Console]::OutputEncoding = [System.Text.Encoding]::UTF8; Get-WmiObject Win32_PnPSignedDriver | Where-Object { $_.DeviceID -and $_.DriverVersion } | Select-Object DeviceID, DriverVersion, DriverDate, DriverProviderName, InfName | ConvertTo-Json -Compress
2026-08-25 17:19:42 [DEBUG] [task-rebind] [CMD] OK (1.5s)
2026-08-25 17:19:42 [DEBUG] [task-rebind] [CMD] stdout: [{"DeviceID":"SWD\\PRINTENUM\\{8B82CBFE-FB5C-450A-84E3-F7591FFBC6F1}","DriverVersion":"10.0.19041.1","DriverDate":"20060621000000.******+***","DriverProviderName":"Microsoft","InfName":"printqueue.inf"},{"DeviceID":"SWD\\PRINTENUM\\{D04F27B3-CB9C-426F-A1CA-1D81DB1D34C8}","DriverVersion":"10.0.19041.1","DriverDate":"20060621000000.******+***","DriverProviderName":"Microsoft","InfName":"printqueue.inf"},{"DeviceID":"SWD\\PRINTENUM\\{C4A8C922-C486-40BB-BC60-CC480DD22CC8}","DriverVersion":"10.0.19041.1","DriverDate":"20060621000000.******+***","DriverProviderName":"Microsoft","InfName":"printqueue.inf"},{"DeviceID":"SWD\\PRINTENUM\\{C1C10521-AA32-4491-BE4D-F5E6E7927369}","DriverVersion":"10.0.19041.1","DriverDate":"20060621000000.******+***","DriverProviderName":"Microsoft","InfName":"printqueue.inf"},{"DeviceID":"SWD\\PRINTENUM\\{115C2850-D19A-4E5F-B8F4-3A74F0FFFD4F}","DriverVersion":"10.0.19041.1","DriverDate":"20060621000000.******+***","DriverProviderName":"Microsoft","InfName":"printqueue.inf"},{"DeviceID":"SWD\\PRINTENUM\\{49305D13-835A-448E-BB53-6BFC07E5EB08}","DriverVersion":"10.0.19041.1","DriverDate":"20060621000000.******+***","DriverProviderName":"Microsoft","InfName":"printqueue.inf"},{"DeviceID":"SWD\\PRINTENUM\\{A5856CD5-01F0-4301-AB7C-064B52928E14}","DriverVersion":"10.0.19041.1","DriverDate":"20060621000000.******+***","DriverProviderName":"Microsoft","InfName":"printqueue.inf"},{"DeviceID":"SWD\\PRINTENUM\\PRINTQUEUES","DriverVersion":"10.0.19041.1","DriverDate":"20060621000000.******+***","DriverProviderName":"Microsoft","InfName":"printqueue.inf"},{"DeviceID":"SWD\\MSRRAS\\MS_NDISWANBH","DriverVersion":"10.0.19041.1","DriverDate":"20060621000000.******+***","DriverProviderName":"Microsoft","InfName":"netrasa.inf"},{"DeviceID":"SWD\\MSRRAS\\MS_NDISWANIPV6","DriverVersion":"10.0.19041.1","DriverDate":"20060621000000.******+***","DriverProviderName":"Microsoft","InfName":"netrasa.inf"},{"DeviceID":"SWD\\MSRRAS\\MS_NDISWANIP","DriverVersion":"10.0.19041.1","DriverDate":"20060621000000.******+***","DriverProviderName":"Microsoft","InfName":"netrasa.inf"},{"DeviceID":"SWD\\MSRRAS\\MS_PPPOEMINIPORT","DriverVersion":"10.0.19041.1","DriverDate":"20060621000000.******+***","DriverProviderName":"Microsoft","InfName":"netrasa.inf"},{"DeviceID":"SWD\\MSRRAS\\MS_PPTPMINIPORT","DriverVersion":"10.0.19041.1","DriverDate":"20060621000000.******+***","DriverProviderName":"Microsoft","InfName":"netrasa.inf"},{"DeviceID":"SWD\\MSRRAS\\MS_L2TPMINIPORT","DriverVersion":"10.0.19041.1","DriverDate":"20060621000000.******+***","DriverProviderName":"Microsoft","InfName":"netrasa.inf"},{"DeviceID":"SWD\\MSRRAS\\MS_AGILEVPNMINIPORT","DriverVersion":"10.0.19041.1","DriverDate":"20060621000000.******+***","DriverProviderName":"Microsoft","InfName":"netavpna.inf"},{"DeviceID":"SWD\\MSRRAS\\MS_SSTPMINIPORT","DriverVersion":"10.0.19041.1","DriverDate":"20060621000000.******+***","DriverProviderName":"Microsoft","InfName":"netsstpa.inf"},{"DeviceID":"SWD\\MSRRAS\\{5E259276-BC7E-40E3-B93B-8F89B5F3ABC0}","DriverVersion":"10.0.19041.1","DriverDate":"20060621000000.******+***","DriverProviderName":"Microsoft","InfName":"c_swdevice.inf"},{"DeviceID":"SWD\\MMDEVAPI\\MICROSOFTGSWAVETABLESYNTH","DriverVersion":"10.0.19041.1","DriverDate":"20060621000000.******+***","DriverProviderName":"Microsoft","InfName":"c_swdevice.inf"},{"DeviceID":"SWD\\RADIO\\{DE38D9E2-5164-45E8-8E9F-6CE2E3AAF664}","DriverVersion":"10.0.19041.1","DriverDate":"20060621000000.******+***","DriverProviderName":"Microsoft","InfName":"c_swdevice.inf"},{"DeviceID":"SWD\\RADIO\\{B1665DB6-2CAC-4627-A386-7CAA22413BD2}","DriverVersion":"10.0.19041.1","DriverDate":"20060621000000.******+***","DriverProviderName":"Microsoft","InfName":"c_swdevice.inf"},{"DeviceID":"SWD\\RADIO\\BLUETOOTH_24EE9AF8AFEC","DriverVersion":"10.0.19041.1","DriverDate":"20060621000000.******+***","DriverProviderName":"Microsoft","InfName":"c_swdevice.inf"},{"DeviceID":"SWD\\RADIO\\{3DB5895D-CC28-44B3-AD3D-6F01A782B8D... [TRUNCATED]
2026-08-25 17:19:42 [INFO] [task-rebind] [CATALOG] Telepített driver-infó: 192 eszköz
2026-08-25 17:19:42 [DEBUG] [task-rebind] [CALL] DriverToolApi._get_installed_driver_info -> {'SWD\\PRINTENUM\\{8B82CBFE-FB5C-450A-84E3-F7591FFBC6F1}': {'version': '10.0.19041.1', 'date': '2006-06-21', 'provider': 'Microsoft', 'inf': 'printqueue.inf'}, 'SWD\\PRINTENUM\\{D04F27B3-CB9C-426F-A1CA-1D81DB1D34C8}': {'version': '10.0.19041.1', 'date': '2006-06-21', 'provider': 'Microsoft', 'inf': ...[+27156 kar.] (1.48s)
2026-08-25 17:19:42 [DEBUG] [task-rebind] [CALL] DriverToolApi._device_on_vendor_driver -> False (1.48s)
2026-08-25 17:19:42 [WARNING] [task-rebind] [REBIND] 2. lépés - a csomópont eltávolítása: HID-kompatibilis, gyártó által definiált eszköz [HID\SYNHIDMINI&COL04\1&33F3E033&0&0003]
2026-08-25 17:19:42 [INFO] [task-rebind] [EMIT:task_progress] 🔄 HID-kompatibilis, gyártó által definiált eszköz: eszköz eltávolítása, hogy a Windows újra felderítse...
2026-08-25 17:19:42 [DEBUG] [task-rebind] [CMD] Futtatás: pnputil /remove-device HID\SYNHIDMINI&COL04\1&33F3E033&0&0003
2026-08-25 17:19:42 [DEBUG] [task-rebind] [CMD] OK (0.0s)
2026-08-25 17:19:42 [DEBUG] [task-rebind] [CMD] stdout: Microsoft PnP Utility

Removing device:          HID\SYNHIDMINI&COL04\1&33F3E033&0&0003
Device removed successfully.
2026-08-25 17:19:42 [DEBUG] [task-rebind] [CMD] Futtatás: pnputil /scan-devices
2026-08-25 17:19:42 [DEBUG] [task-rebind] [CMD] OK (0.5s)
2026-08-25 17:19:42 [DEBUG] [task-rebind] [CMD] stdout: Microsoft PnP Utility

Scanning for device hardware changes.
Scan complete.
2026-08-25 17:19:47 [DEBUG] [task-rebind] [CALL] DriverToolApi._device_on_vendor_driver('HID\\SYNHIDMINI&COL04\\1&33F3E033&0&0003')
2026-08-25 17:19:47 [DEBUG] [task-rebind] [CALL] DriverToolApi._get_installed_driver_info()
2026-08-25 17:19:47 [DEBUG] [task-rebind] [CMD] Futtatás: powershell -NoProfile -Command [Console]::OutputEncoding = [System.Text.Encoding]::UTF8; Get-WmiObject Win32_PnPSignedDriver | Where-Object { $_.DeviceID -and $_.DriverVersion } | Select-Object DeviceID, DriverVersion, DriverDate, DriverProviderName, InfName | ConvertTo-Json -Compress
2026-08-25 17:19:49 [DEBUG] [task-rebind] [CMD] OK (2.0s)
2026-08-25 17:19:49 [DEBUG] [task-rebind] [CMD] stdout: [{"DeviceID":"SWD\\PRINTENUM\\{8B82CBFE-FB5C-450A-84E3-F7591FFBC6F1}","DriverVersion":"10.0.19041.1","DriverDate":"20060621000000.******+***","DriverProviderName":"Microsoft","InfName":"printqueue.inf"},{"DeviceID":"SWD\\PRINTENUM\\{D04F27B3-CB9C-426F-A1CA-1D81DB1D34C8}","DriverVersion":"10.0.19041.1","DriverDate":"20060621000000.******+***","DriverProviderName":"Microsoft","InfName":"printqueue.inf"},{"DeviceID":"SWD\\PRINTENUM\\{C4A8C922-C486-40BB-BC60-CC480DD22CC8}","DriverVersion":"10.0.19041.1","DriverDate":"20060621000000.******+***","DriverProviderName":"Microsoft","InfName":"printqueue.inf"},{"DeviceID":"SWD\\PRINTENUM\\{C1C10521-AA32-4491-BE4D-F5E6E7927369}","DriverVersion":"10.0.19041.1","DriverDate":"20060621000000.******+***","DriverProviderName":"Microsoft","InfName":"printqueue.inf"},{"DeviceID":"SWD\\PRINTENUM\\{115C2850-D19A-4E5F-B8F4-3A74F0FFFD4F}","DriverVersion":"10.0.19041.1","DriverDate":"20060621000000.******+***","DriverProviderName":"Microsoft","InfName":"printqueue.inf"},{"DeviceID":"SWD\\PRINTENUM\\{49305D13-835A-448E-BB53-6BFC07E5EB08}","DriverVersion":"10.0.19041.1","DriverDate":"20060621000000.******+***","DriverProviderName":"Microsoft","InfName":"printqueue.inf"},{"DeviceID":"SWD\\PRINTENUM\\{A5856CD5-01F0-4301-AB7C-064B52928E14}","DriverVersion":"10.0.19041.1","DriverDate":"20060621000000.******+***","DriverProviderName":"Microsoft","InfName":"printqueue.inf"},{"DeviceID":"SWD\\PRINTENUM\\PRINTQUEUES","DriverVersion":"10.0.19041.1","DriverDate":"20060621000000.******+***","DriverProviderName":"Microsoft","InfName":"printqueue.inf"},{"DeviceID":"SWD\\MSRRAS\\MS_NDISWANBH","DriverVersion":"10.0.19041.1","DriverDate":"20060621000000.******+***","DriverProviderName":"Microsoft","InfName":"netrasa.inf"},{"DeviceID":"SWD\\MSRRAS\\MS_NDISWANIPV6","DriverVersion":"10.0.19041.1","DriverDate":"20060621000000.******+***","DriverProviderName":"Microsoft","InfName":"netrasa.inf"},{"DeviceID":"SWD\\MSRRAS\\MS_NDISWANIP","DriverVersion":"10.0.19041.1","DriverDate":"20060621000000.******+***","DriverProviderName":"Microsoft","InfName":"netrasa.inf"},{"DeviceID":"SWD\\MSRRAS\\MS_PPPOEMINIPORT","DriverVersion":"10.0.19041.1","DriverDate":"20060621000000.******+***","DriverProviderName":"Microsoft","InfName":"netrasa.inf"},{"DeviceID":"SWD\\MSRRAS\\MS_PPTPMINIPORT","DriverVersion":"10.0.19041.1","DriverDate":"20060621000000.******+***","DriverProviderName":"Microsoft","InfName":"netrasa.inf"},{"DeviceID":"SWD\\MSRRAS\\MS_L2TPMINIPORT","DriverVersion":"10.0.19041.1","DriverDate":"20060621000000.******+***","DriverProviderName":"Microsoft","InfName":"netrasa.inf"},{"DeviceID":"SWD\\MSRRAS\\MS_AGILEVPNMINIPORT","DriverVersion":"10.0.19041.1","DriverDate":"20060621000000.******+***","DriverProviderName":"Microsoft","InfName":"netavpna.inf"},{"DeviceID":"SWD\\MSRRAS\\MS_SSTPMINIPORT","DriverVersion":"10.0.19041.1","DriverDate":"20060621000000.******+***","DriverProviderName":"Microsoft","InfName":"netsstpa.inf"},{"DeviceID":"SWD\\MSRRAS\\{5E259276-BC7E-40E3-B93B-8F89B5F3ABC0}","DriverVersion":"10.0.19041.1","DriverDate":"20060621000000.******+***","DriverProviderName":"Microsoft","InfName":"c_swdevice.inf"},{"DeviceID":"SWD\\MMDEVAPI\\MICROSOFTGSWAVETABLESYNTH","DriverVersion":"10.0.19041.1","DriverDate":"20060621000000.******+***","DriverProviderName":"Microsoft","InfName":"c_swdevice.inf"},{"DeviceID":"SWD\\RADIO\\{DE38D9E2-5164-45E8-8E9F-6CE2E3AAF664}","DriverVersion":"10.0.19041.1","DriverDate":"20060621000000.******+***","DriverProviderName":"Microsoft","InfName":"c_swdevice.inf"},{"DeviceID":"SWD\\RADIO\\{B1665DB6-2CAC-4627-A386-7CAA22413BD2}","DriverVersion":"10.0.19041.1","DriverDate":"20060621000000.******+***","DriverProviderName":"Microsoft","InfName":"c_swdevice.inf"},{"DeviceID":"SWD\\RADIO\\BLUETOOTH_24EE9AF8AFEC","DriverVersion":"10.0.19041.1","DriverDate":"20060621000000.******+***","DriverProviderName":"Microsoft","InfName":"c_swdevice.inf"},{"DeviceID":"SWD\\RADIO\\{3DB5895D-CC28-44B3-AD3D-6F01A782B8D... [TRUNCATED]
2026-08-25 17:19:49 [INFO] [task-rebind] [CATALOG] Telepített driver-infó: 192 eszköz
2026-08-25 17:19:49 [DEBUG] [task-rebind] [CALL] DriverToolApi._get_installed_driver_info -> {'SWD\\PRINTENUM\\{8B82CBFE-FB5C-450A-84E3-F7591FFBC6F1}': {'version': '10.0.19041.1', 'date': '2006-06-21', 'provider': 'Microsoft', 'inf': 'printqueue.inf'}, 'SWD\\PRINTENUM\\{D04F27B3-CB9C-426F-A1CA-1D81DB1D34C8}': {'version': '10.0.19041.1', 'date': '2006-06-21', 'provider': 'Microsoft', 'inf': ...[+27156 kar.] (1.98s)
2026-08-25 17:19:49 [DEBUG] [task-rebind] [CALL] DriverToolApi._device_on_vendor_driver -> False (1.98s)
2026-08-25 17:19:49 [WARNING] [task-rebind] [REBIND] HID-kompatibilis, gyártó által definiált eszköz: eltávolítva, a kötés ÚJRAINDÍTÁS után épül fel.
2026-08-25 17:19:49 [DEBUG] [task-rebind] [CALL] DriverToolApi._rebind_device -> 'needs_reboot' (11.19s)
2026-08-25 17:19:49 [INFO] [task-rebind] [EMIT:task_progress] 🔄 Eltávolítva - a Windows az ÚJRAINDÍTÁS után deríti fel újra (ez a lemez visszadugásának megfelelője).
2026-08-25 17:19:49 [INFO] [task-rebind] [EMIT:task_progress] (6/21) USB kompozit eszköz
   most: usb.inf (Microsoft) → gyári: intelgnssdriver.inf
2026-08-25 17:19:49 [DEBUG] [task-rebind] [CALL] DriverToolApi._rebind_device('USB\\VID_2CB7&PID_0210\\004999010640000', 'C:\\Windows\\System32\\DriverStore\\FileRepository\\intelgnssdriver.inf_amd64_62e132b10c269354\\intelgnssdriver.inf', 'USB kompozit eszköz', 'USB', 'rebind')
2026-08-25 17:19:49 [INFO] [task-rebind] [REBIND] 1. lépés - újratelepítés: USB kompozit eszköz <- C:\Windows\System32\DriverStore\FileRepository\intelgnssdriver.inf_amd64_62e132b10c269354\intelgnssdriver.inf
2026-08-25 17:19:49 [DEBUG] [task-rebind] [CMD] Futtatás: pnputil /add-driver C:\Windows\System32\DriverStore\FileRepository\intelgnssdriver.inf_amd64_62e132b10c269354\intelgnssdriver.inf /install
2026-08-25 17:19:49 [DEBUG] [task-rebind] [CMD] OK (0.1s)
2026-08-25 17:19:49 [DEBUG] [task-rebind] [CMD] stdout: Microsoft PnP Utility

Adding driver package:  IntelGNSSDriver.inf
Driver package added successfully. (Already exists in the system)
Published Name:         oem18.inf
Driver package installed on device: USB\VID_2CB7&PID_0210&MI_02\6&2db79ea2&0&0002
Driver package is up-to-date on device: USB\VID_2CB7&PID_0210&MI_02\6&2db79ea2&1&0002

Total driver packages:  1
Added driver packages:  1
2026-08-25 17:19:49 [DEBUG] [task-rebind] [CMD] Futtatás: pnputil /scan-devices
2026-08-25 17:19:51 [DEBUG] [task-rebind] [CMD] OK (1.7s)
2026-08-25 17:19:51 [DEBUG] [task-rebind] [CMD] stdout: Microsoft PnP Utility

Scanning for device hardware changes.
Scan complete.
2026-08-25 17:19:51 [DEBUG] [task-rebind] [CALL] DriverToolApi._device_on_vendor_driver('USB\\VID_2CB7&PID_0210\\004999010640000')
2026-08-25 17:19:51 [DEBUG] [task-rebind] [CALL] DriverToolApi._get_installed_driver_info()
2026-08-25 17:19:51 [DEBUG] [task-rebind] [CMD] Futtatás: powershell -NoProfile -Command [Console]::OutputEncoding = [System.Text.Encoding]::UTF8; Get-WmiObject Win32_PnPSignedDriver | Where-Object { $_.DeviceID -and $_.DriverVersion } | Select-Object DeviceID, DriverVersion, DriverDate, DriverProviderName, InfName | ConvertTo-Json -Compress
2026-08-25 17:19:53 [DEBUG] [task-rebind] [CMD] OK (1.4s)
2026-08-25 17:19:53 [DEBUG] [task-rebind] [CMD] stdout: [{"DeviceID":"SWD\\PRINTENUM\\{8B82CBFE-FB5C-450A-84E3-F7591FFBC6F1}","DriverVersion":"10.0.19041.1","DriverDate":"20060621000000.******+***","DriverProviderName":"Microsoft","InfName":"printqueue.inf"},{"DeviceID":"SWD\\PRINTENUM\\{D04F27B3-CB9C-426F-A1CA-1D81DB1D34C8}","DriverVersion":"10.0.19041.1","DriverDate":"20060621000000.******+***","DriverProviderName":"Microsoft","InfName":"printqueue.inf"},{"DeviceID":"SWD\\PRINTENUM\\{C4A8C922-C486-40BB-BC60-CC480DD22CC8}","DriverVersion":"10.0.19041.1","DriverDate":"20060621000000.******+***","DriverProviderName":"Microsoft","InfName":"printqueue.inf"},{"DeviceID":"SWD\\PRINTENUM\\{C1C10521-AA32-4491-BE4D-F5E6E7927369}","DriverVersion":"10.0.19041.1","DriverDate":"20060621000000.******+***","DriverProviderName":"Microsoft","InfName":"printqueue.inf"},{"DeviceID":"SWD\\PRINTENUM\\{115C2850-D19A-4E5F-B8F4-3A74F0FFFD4F}","DriverVersion":"10.0.19041.1","DriverDate":"20060621000000.******+***","DriverProviderName":"Microsoft","InfName":"printqueue.inf"},{"DeviceID":"SWD\\PRINTENUM\\{49305D13-835A-448E-BB53-6BFC07E5EB08}","DriverVersion":"10.0.19041.1","DriverDate":"20060621000000.******+***","DriverProviderName":"Microsoft","InfName":"printqueue.inf"},{"DeviceID":"SWD\\PRINTENUM\\{A5856CD5-01F0-4301-AB7C-064B52928E14}","DriverVersion":"10.0.19041.1","DriverDate":"20060621000000.******+***","DriverProviderName":"Microsoft","InfName":"printqueue.inf"},{"DeviceID":"SWD\\PRINTENUM\\PRINTQUEUES","DriverVersion":"10.0.19041.1","DriverDate":"20060621000000.******+***","DriverProviderName":"Microsoft","InfName":"printqueue.inf"},{"DeviceID":"SWD\\MSRRAS\\MS_NDISWANBH","DriverVersion":"10.0.19041.1","DriverDate":"20060621000000.******+***","DriverProviderName":"Microsoft","InfName":"netrasa.inf"},{"DeviceID":"SWD\\MSRRAS\\MS_NDISWANIPV6","DriverVersion":"10.0.19041.1","DriverDate":"20060621000000.******+***","DriverProviderName":"Microsoft","InfName":"netrasa.inf"},{"DeviceID":"SWD\\MSRRAS\\MS_NDISWANIP","DriverVersion":"10.0.19041.1","DriverDate":"20060621000000.******+***","DriverProviderName":"Microsoft","InfName":"netrasa.inf"},{"DeviceID":"SWD\\MSRRAS\\MS_PPPOEMINIPORT","DriverVersion":"10.0.19041.1","DriverDate":"20060621000000.******+***","DriverProviderName":"Microsoft","InfName":"netrasa.inf"},{"DeviceID":"SWD\\MSRRAS\\MS_PPTPMINIPORT","DriverVersion":"10.0.19041.1","DriverDate":"20060621000000.******+***","DriverProviderName":"Microsoft","InfName":"netrasa.inf"},{"DeviceID":"SWD\\MSRRAS\\MS_L2TPMINIPORT","DriverVersion":"10.0.19041.1","DriverDate":"20060621000000.******+***","DriverProviderName":"Microsoft","InfName":"netrasa.inf"},{"DeviceID":"SWD\\MSRRAS\\MS_AGILEVPNMINIPORT","DriverVersion":"10.0.19041.1","DriverDate":"20060621000000.******+***","DriverProviderName":"Microsoft","InfName":"netavpna.inf"},{"DeviceID":"SWD\\MSRRAS\\MS_SSTPMINIPORT","DriverVersion":"10.0.19041.1","DriverDate":"20060621000000.******+***","DriverProviderName":"Microsoft","InfName":"netsstpa.inf"},{"DeviceID":"SWD\\MSRRAS\\{5E259276-BC7E-40E3-B93B-8F89B5F3ABC0}","DriverVersion":"10.0.19041.1","DriverDate":"20060621000000.******+***","DriverProviderName":"Microsoft","InfName":"c_swdevice.inf"},{"DeviceID":"SWD\\MMDEVAPI\\MICROSOFTGSWAVETABLESYNTH","DriverVersion":"10.0.19041.1","DriverDate":"20060621000000.******+***","DriverProviderName":"Microsoft","InfName":"c_swdevice.inf"},{"DeviceID":"SWD\\RADIO\\{DE38D9E2-5164-45E8-8E9F-6CE2E3AAF664}","DriverVersion":"10.0.19041.1","DriverDate":"20060621000000.******+***","DriverProviderName":"Microsoft","InfName":"c_swdevice.inf"},{"DeviceID":"SWD\\RADIO\\{B1665DB6-2CAC-4627-A386-7CAA22413BD2}","DriverVersion":"10.0.19041.1","DriverDate":"20060621000000.******+***","DriverProviderName":"Microsoft","InfName":"c_swdevice.inf"},{"DeviceID":"SWD\\RADIO\\BLUETOOTH_24EE9AF8AFEC","DriverVersion":"10.0.19041.1","DriverDate":"20060621000000.******+***","DriverProviderName":"Microsoft","InfName":"c_swdevice.inf"},{"DeviceID":"SWD\\RADIO\\{3DB5895D-CC28-44B3-AD3D-6F01A782B8D... [TRUNCATED]
2026-08-25 17:19:53 [INFO] [task-rebind] [CATALOG] Telepített driver-infó: 192 eszköz
2026-08-25 17:19:53 [DEBUG] [task-rebind] [CALL] DriverToolApi._get_installed_driver_info -> {'SWD\\PRINTENUM\\{8B82CBFE-FB5C-450A-84E3-F7591FFBC6F1}': {'version': '10.0.19041.1', 'date': '2006-06-21', 'provider': 'Microsoft', 'inf': 'printqueue.inf'}, 'SWD\\PRINTENUM\\{D04F27B3-CB9C-426F-A1CA-1D81DB1D34C8}': {'version': '10.0.19041.1', 'date': '2006-06-21', 'provider': 'Microsoft', 'inf': ...[+27156 kar.] (1.45s)
2026-08-25 17:19:53 [DEBUG] [task-rebind] [CALL] DriverToolApi._device_on_vendor_driver -> False (1.45s)
2026-08-25 17:19:53 [WARNING] [task-rebind] [REBIND] 2. lépés - a csomópont eltávolítása: USB kompozit eszköz [USB\VID_2CB7&PID_0210\004999010640000]
2026-08-25 17:19:53 [INFO] [task-rebind] [EMIT:task_progress] 🔄 USB kompozit eszköz: eszköz eltávolítása, hogy a Windows újra felderítse...
2026-08-25 17:19:53 [DEBUG] [task-rebind] [CMD] Futtatás: pnputil /remove-device USB\VID_2CB7&PID_0210\004999010640000
2026-08-25 17:19:53 [DEBUG] [task-rebind] [CMD] OK (0.2s)
2026-08-25 17:19:53 [DEBUG] [task-rebind] [CMD] stdout: Microsoft PnP Utility

Removing device:          USB\VID_2CB7&PID_0210\004999010640000
Device removed successfully.
2026-08-25 17:19:53 [DEBUG] [task-rebind] [CMD] Futtatás: pnputil /scan-devices
2026-08-25 17:19:53 [DEBUG] [task-rebind] [CMD] OK (0.7s)
2026-08-25 17:19:53 [DEBUG] [task-rebind] [CMD] stdout: Microsoft PnP Utility

Scanning for device hardware changes.
Scan complete.
2026-08-25 17:19:58 [DEBUG] [task-rebind] [CALL] DriverToolApi._device_on_vendor_driver('USB\\VID_2CB7&PID_0210\\004999010640000')
2026-08-25 17:19:58 [DEBUG] [task-rebind] [CALL] DriverToolApi._get_installed_driver_info()
2026-08-25 17:19:58 [DEBUG] [task-rebind] [CMD] Futtatás: powershell -NoProfile -Command [Console]::OutputEncoding = [System.Text.Encoding]::UTF8; Get-WmiObject Win32_PnPSignedDriver | Where-Object { $_.DeviceID -and $_.DriverVersion } | Select-Object DeviceID, DriverVersion, DriverDate, DriverProviderName, InfName | ConvertTo-Json -Compress
2026-08-25 17:20:00 [DEBUG] [task-rebind] [CMD] OK (2.0s)
2026-08-25 17:20:00 [DEBUG] [task-rebind] [CMD] stdout: [{"DeviceID":"SWD\\PRINTENUM\\{8B82CBFE-FB5C-450A-84E3-F7591FFBC6F1}","DriverVersion":"10.0.19041.1","DriverDate":"20060621000000.******+***","DriverProviderName":"Microsoft","InfName":"printqueue.inf"},{"DeviceID":"SWD\\PRINTENUM\\{D04F27B3-CB9C-426F-A1CA-1D81DB1D34C8}","DriverVersion":"10.0.19041.1","DriverDate":"20060621000000.******+***","DriverProviderName":"Microsoft","InfName":"printqueue.inf"},{"DeviceID":"SWD\\PRINTENUM\\{C4A8C922-C486-40BB-BC60-CC480DD22CC8}","DriverVersion":"10.0.19041.1","DriverDate":"20060621000000.******+***","DriverProviderName":"Microsoft","InfName":"printqueue.inf"},{"DeviceID":"SWD\\PRINTENUM\\{C1C10521-AA32-4491-BE4D-F5E6E7927369}","DriverVersion":"10.0.19041.1","DriverDate":"20060621000000.******+***","DriverProviderName":"Microsoft","InfName":"printqueue.inf"},{"DeviceID":"SWD\\PRINTENUM\\{115C2850-D19A-4E5F-B8F4-3A74F0FFFD4F}","DriverVersion":"10.0.19041.1","DriverDate":"20060621000000.******+***","DriverProviderName":"Microsoft","InfName":"printqueue.inf"},{"DeviceID":"SWD\\PRINTENUM\\{49305D13-835A-448E-BB53-6BFC07E5EB08}","DriverVersion":"10.0.19041.1","DriverDate":"20060621000000.******+***","DriverProviderName":"Microsoft","InfName":"printqueue.inf"},{"DeviceID":"SWD\\PRINTENUM\\{A5856CD5-01F0-4301-AB7C-064B52928E14}","DriverVersion":"10.0.19041.1","DriverDate":"20060621000000.******+***","DriverProviderName":"Microsoft","InfName":"printqueue.inf"},{"DeviceID":"SWD\\PRINTENUM\\PRINTQUEUES","DriverVersion":"10.0.19041.1","DriverDate":"20060621000000.******+***","DriverProviderName":"Microsoft","InfName":"printqueue.inf"},{"DeviceID":"SWD\\MSRRAS\\MS_NDISWANBH","DriverVersion":"10.0.19041.1","DriverDate":"20060621000000.******+***","DriverProviderName":"Microsoft","InfName":"netrasa.inf"},{"DeviceID":"SWD\\MSRRAS\\MS_NDISWANIPV6","DriverVersion":"10.0.19041.1","DriverDate":"20060621000000.******+***","DriverProviderName":"Microsoft","InfName":"netrasa.inf"},{"DeviceID":"SWD\\MSRRAS\\MS_NDISWANIP","DriverVersion":"10.0.19041.1","DriverDate":"20060621000000.******+***","DriverProviderName":"Microsoft","InfName":"netrasa.inf"},{"DeviceID":"SWD\\MSRRAS\\MS_PPPOEMINIPORT","DriverVersion":"10.0.19041.1","DriverDate":"20060621000000.******+***","DriverProviderName":"Microsoft","InfName":"netrasa.inf"},{"DeviceID":"SWD\\MSRRAS\\MS_PPTPMINIPORT","DriverVersion":"10.0.19041.1","DriverDate":"20060621000000.******+***","DriverProviderName":"Microsoft","InfName":"netrasa.inf"},{"DeviceID":"SWD\\MSRRAS\\MS_L2TPMINIPORT","DriverVersion":"10.0.19041.1","DriverDate":"20060621000000.******+***","DriverProviderName":"Microsoft","InfName":"netrasa.inf"},{"DeviceID":"SWD\\MSRRAS\\MS_AGILEVPNMINIPORT","DriverVersion":"10.0.19041.1","DriverDate":"20060621000000.******+***","DriverProviderName":"Microsoft","InfName":"netavpna.inf"},{"DeviceID":"SWD\\MSRRAS\\MS_SSTPMINIPORT","DriverVersion":"10.0.19041.1","DriverDate":"20060621000000.******+***","DriverProviderName":"Microsoft","InfName":"netsstpa.inf"},{"DeviceID":"SWD\\MSRRAS\\{5E259276-BC7E-40E3-B93B-8F89B5F3ABC0}","DriverVersion":"10.0.19041.1","DriverDate":"20060621000000.******+***","DriverProviderName":"Microsoft","InfName":"c_swdevice.inf"},{"DeviceID":"SWD\\MMDEVAPI\\MICROSOFTGSWAVETABLESYNTH","DriverVersion":"10.0.19041.1","DriverDate":"20060621000000.******+***","DriverProviderName":"Microsoft","InfName":"c_swdevice.inf"},{"DeviceID":"SWD\\RADIO\\{DE38D9E2-5164-45E8-8E9F-6CE2E3AAF664}","DriverVersion":"10.0.19041.1","DriverDate":"20060621000000.******+***","DriverProviderName":"Microsoft","InfName":"c_swdevice.inf"},{"DeviceID":"SWD\\RADIO\\{B1665DB6-2CAC-4627-A386-7CAA22413BD2}","DriverVersion":"10.0.19041.1","DriverDate":"20060621000000.******+***","DriverProviderName":"Microsoft","InfName":"c_swdevice.inf"},{"DeviceID":"SWD\\RADIO\\BLUETOOTH_24EE9AF8AFEC","DriverVersion":"10.0.19041.1","DriverDate":"20060621000000.******+***","DriverProviderName":"Microsoft","InfName":"c_swdevice.inf"},{"DeviceID":"SWD\\RADIO\\{3DB5895D-CC28-44B3-AD3D-6F01A782B8D... [TRUNCATED]
2026-08-25 17:20:00 [INFO] [task-rebind] [CATALOG] Telepített driver-infó: 192 eszköz
2026-08-25 17:20:00 [DEBUG] [task-rebind] [CALL] DriverToolApi._get_installed_driver_info -> {'SWD\\PRINTENUM\\{8B82CBFE-FB5C-450A-84E3-F7591FFBC6F1}': {'version': '10.0.19041.1', 'date': '2006-06-21', 'provider': 'Microsoft', 'inf': 'printqueue.inf'}, 'SWD\\PRINTENUM\\{D04F27B3-CB9C-426F-A1CA-1D81DB1D34C8}': {'version': '10.0.19041.1', 'date': '2006-06-21', 'provider': 'Microsoft', 'inf': ...[+27156 kar.] (1.98s)
2026-08-25 17:20:00 [DEBUG] [task-rebind] [CALL] DriverToolApi._device_on_vendor_driver -> False (1.98s)
2026-08-25 17:20:00 [WARNING] [task-rebind] [REBIND] USB kompozit eszköz: eltávolítva, a kötés ÚJRAINDÍTÁS után épül fel.
2026-08-25 17:20:00 [DEBUG] [task-rebind] [CALL] DriverToolApi._rebind_device -> 'needs_reboot' (11.09s)
2026-08-25 17:20:00 [INFO] [task-rebind] [EMIT:task_progress] 🔄 Eltávolítva - a Windows az ÚJRAINDÍTÁS után deríti fel újra (ez a lemez visszadugásának megfelelője).
2026-08-25 17:20:00 [INFO] [task-rebind] [EMIT:task_progress] (7/21) Fibocom L830-EB
   most: netwmbclass.inf (Microsoft) → gyári: (a Windows választ)
2026-08-25 17:20:00 [DEBUG] [task-rebind] [CALL] DriverToolApi._rebind_device('USB\\VID_2CB7&PID_0210&MI_00\\6&2DB79EA2&1&0000', None, 'Fibocom L830-EB', 'Net', 'rebind')
2026-08-25 17:20:00 [WARNING] [task-rebind] [REBIND] 2. lépés - a csomópont eltávolítása: Fibocom L830-EB [USB\VID_2CB7&PID_0210&MI_00\6&2DB79EA2&1&0000]
2026-08-25 17:20:00 [INFO] [task-rebind] [EMIT:task_progress] 🔄 Fibocom L830-EB: eszköz eltávolítása, hogy a Windows újra felderítse...
2026-08-25 17:20:00 [DEBUG] [task-rebind] [CMD] Futtatás: pnputil /remove-device USB\VID_2CB7&PID_0210&MI_00\6&2DB79EA2&1&0000
2026-08-25 17:20:01 [DEBUG] [task-rebind] [CMD] OK (0.1s)
2026-08-25 17:20:01 [DEBUG] [task-rebind] [CMD] stdout: Microsoft PnP Utility

Removing device:          USB\VID_2CB7&PID_0210&MI_00\6&2DB79EA2&1&0000
Device removed successfully.
2026-08-25 17:20:01 [DEBUG] [task-rebind] [CMD] Futtatás: pnputil /scan-devices
2026-08-25 17:20:02 [DEBUG] [task-rebind] [CMD] OK (1.7s)
2026-08-25 17:20:02 [DEBUG] [task-rebind] [CMD] stdout: Microsoft PnP Utility

Scanning for device hardware changes.
Scan complete.
2026-08-25 17:20:07 [DEBUG] [task-rebind] [CALL] DriverToolApi._device_on_vendor_driver('USB\\VID_2CB7&PID_0210&MI_00\\6&2DB79EA2&1&0000')
2026-08-25 17:20:07 [DEBUG] [task-rebind] [CALL] DriverToolApi._get_installed_driver_info()
2026-08-25 17:20:07 [DEBUG] [task-rebind] [CMD] Futtatás: powershell -NoProfile -Command [Console]::OutputEncoding = [System.Text.Encoding]::UTF8; Get-WmiObject Win32_PnPSignedDriver | Where-Object { $_.DeviceID -and $_.DriverVersion } | Select-Object DeviceID, DriverVersion, DriverDate, DriverProviderName, InfName | ConvertTo-Json -Compress
2026-08-25 17:20:09 [DEBUG] [task-rebind] [CMD] OK (2.0s)
2026-08-25 17:20:09 [DEBUG] [task-rebind] [CMD] stdout: [{"DeviceID":"SWD\\PRINTENUM\\{8B82CBFE-FB5C-450A-84E3-F7591FFBC6F1}","DriverVersion":"10.0.19041.1","DriverDate":"20060621000000.******+***","DriverProviderName":"Microsoft","InfName":"printqueue.inf"},{"DeviceID":"SWD\\PRINTENUM\\{D04F27B3-CB9C-426F-A1CA-1D81DB1D34C8}","DriverVersion":"10.0.19041.1","DriverDate":"20060621000000.******+***","DriverProviderName":"Microsoft","InfName":"printqueue.inf"},{"DeviceID":"SWD\\PRINTENUM\\{C4A8C922-C486-40BB-BC60-CC480DD22CC8}","DriverVersion":"10.0.19041.1","DriverDate":"20060621000000.******+***","DriverProviderName":"Microsoft","InfName":"printqueue.inf"},{"DeviceID":"SWD\\PRINTENUM\\{C1C10521-AA32-4491-BE4D-F5E6E7927369}","DriverVersion":"10.0.19041.1","DriverDate":"20060621000000.******+***","DriverProviderName":"Microsoft","InfName":"printqueue.inf"},{"DeviceID":"SWD\\PRINTENUM\\{115C2850-D19A-4E5F-B8F4-3A74F0FFFD4F}","DriverVersion":"10.0.19041.1","DriverDate":"20060621000000.******+***","DriverProviderName":"Microsoft","InfName":"printqueue.inf"},{"DeviceID":"SWD\\PRINTENUM\\{49305D13-835A-448E-BB53-6BFC07E5EB08}","DriverVersion":"10.0.19041.1","DriverDate":"20060621000000.******+***","DriverProviderName":"Microsoft","InfName":"printqueue.inf"},{"DeviceID":"SWD\\PRINTENUM\\{A5856CD5-01F0-4301-AB7C-064B52928E14}","DriverVersion":"10.0.19041.1","DriverDate":"20060621000000.******+***","DriverProviderName":"Microsoft","InfName":"printqueue.inf"},{"DeviceID":"SWD\\PRINTENUM\\PRINTQUEUES","DriverVersion":"10.0.19041.1","DriverDate":"20060621000000.******+***","DriverProviderName":"Microsoft","InfName":"printqueue.inf"},{"DeviceID":"SWD\\MSRRAS\\MS_NDISWANBH","DriverVersion":"10.0.19041.1","DriverDate":"20060621000000.******+***","DriverProviderName":"Microsoft","InfName":"netrasa.inf"},{"DeviceID":"SWD\\MSRRAS\\MS_NDISWANIPV6","DriverVersion":"10.0.19041.1","DriverDate":"20060621000000.******+***","DriverProviderName":"Microsoft","InfName":"netrasa.inf"},{"DeviceID":"SWD\\MSRRAS\\MS_NDISWANIP","DriverVersion":"10.0.19041.1","DriverDate":"20060621000000.******+***","DriverProviderName":"Microsoft","InfName":"netrasa.inf"},{"DeviceID":"SWD\\MSRRAS\\MS_PPPOEMINIPORT","DriverVersion":"10.0.19041.1","DriverDate":"20060621000000.******+***","DriverProviderName":"Microsoft","InfName":"netrasa.inf"},{"DeviceID":"SWD\\MSRRAS\\MS_PPTPMINIPORT","DriverVersion":"10.0.19041.1","DriverDate":"20060621000000.******+***","DriverProviderName":"Microsoft","InfName":"netrasa.inf"},{"DeviceID":"SWD\\MSRRAS\\MS_L2TPMINIPORT","DriverVersion":"10.0.19041.1","DriverDate":"20060621000000.******+***","DriverProviderName":"Microsoft","InfName":"netrasa.inf"},{"DeviceID":"SWD\\MSRRAS\\MS_AGILEVPNMINIPORT","DriverVersion":"10.0.19041.1","DriverDate":"20060621000000.******+***","DriverProviderName":"Microsoft","InfName":"netavpna.inf"},{"DeviceID":"SWD\\MSRRAS\\MS_SSTPMINIPORT","DriverVersion":"10.0.19041.1","DriverDate":"20060621000000.******+***","DriverProviderName":"Microsoft","InfName":"netsstpa.inf"},{"DeviceID":"SWD\\MSRRAS\\{5E259276-BC7E-40E3-B93B-8F89B5F3ABC0}","DriverVersion":"10.0.19041.1","DriverDate":"20060621000000.******+***","DriverProviderName":"Microsoft","InfName":"c_swdevice.inf"},{"DeviceID":"SWD\\MMDEVAPI\\MICROSOFTGSWAVETABLESYNTH","DriverVersion":"10.0.19041.1","DriverDate":"20060621000000.******+***","DriverProviderName":"Microsoft","InfName":"c_swdevice.inf"},{"DeviceID":"SWD\\RADIO\\{DE38D9E2-5164-45E8-8E9F-6CE2E3AAF664}","DriverVersion":"10.0.19041.1","DriverDate":"20060621000000.******+***","DriverProviderName":"Microsoft","InfName":"c_swdevice.inf"},{"DeviceID":"SWD\\RADIO\\{B1665DB6-2CAC-4627-A386-7CAA22413BD2}","DriverVersion":"10.0.19041.1","DriverDate":"20060621000000.******+***","DriverProviderName":"Microsoft","InfName":"c_swdevice.inf"},{"DeviceID":"SWD\\RADIO\\BLUETOOTH_24EE9AF8AFEC","DriverVersion":"10.0.19041.1","DriverDate":"20060621000000.******+***","DriverProviderName":"Microsoft","InfName":"c_swdevice.inf"},{"DeviceID":"SWD\\RADIO\\{3DB5895D-CC28-44B3-AD3D-6F01A782B8D... [TRUNCATED]
2026-08-25 17:20:09 [INFO] [task-rebind] [CATALOG] Telepített driver-infó: 192 eszköz
2026-08-25 17:20:09 [DEBUG] [task-rebind] [CALL] DriverToolApi._get_installed_driver_info -> {'SWD\\PRINTENUM\\{8B82CBFE-FB5C-450A-84E3-F7591FFBC6F1}': {'version': '10.0.19041.1', 'date': '2006-06-21', 'provider': 'Microsoft', 'inf': 'printqueue.inf'}, 'SWD\\PRINTENUM\\{D04F27B3-CB9C-426F-A1CA-1D81DB1D34C8}': {'version': '10.0.19041.1', 'date': '2006-06-21', 'provider': 'Microsoft', 'inf': ...[+27156 kar.] (1.98s)
2026-08-25 17:20:09 [DEBUG] [task-rebind] [CALL] DriverToolApi._device_on_vendor_driver -> False (1.98s)
2026-08-25 17:20:09 [WARNING] [task-rebind] [REBIND] Fibocom L830-EB: eltávolítva, a kötés ÚJRAINDÍTÁS után épül fel.
2026-08-25 17:20:09 [DEBUG] [task-rebind] [CALL] DriverToolApi._rebind_device -> 'needs_reboot' (8.80s)
2026-08-25 17:20:09 [INFO] [task-rebind] [EMIT:task_progress] 🔄 Eltávolítva - a Windows az ÚJRAINDÍTÁS után deríti fel újra (ez a lemez visszadugásának megfelelője).
2026-08-25 17:20:09 [INFO] [task-rebind] [EMIT:task_progress] (8/21) UCM-UCSI ACPI-eszköz
   most: UcmUcsiAcpiClient.inf (Microsoft) → gyári: (a Windows választ)
2026-08-25 17:20:09 [DEBUG] [task-rebind] [CALL] DriverToolApi._rebind_device('ACPI\\USBC000\\0', None, 'UCM-UCSI ACPI-eszköz', 'UCM', 'rebind')
2026-08-25 17:20:09 [WARNING] [task-rebind] [REBIND] 2. lépés - a csomópont eltávolítása: UCM-UCSI ACPI-eszköz [ACPI\USBC000\0]
2026-08-25 17:20:09 [INFO] [task-rebind] [EMIT:task_progress] 🔄 UCM-UCSI ACPI-eszköz: eszköz eltávolítása, hogy a Windows újra felderítse...
2026-08-25 17:20:09 [DEBUG] [task-rebind] [CMD] Futtatás: pnputil /remove-device ACPI\USBC000\0
2026-08-25 17:20:09 [DEBUG] [task-rebind] [CMD] OK (0.1s)
2026-08-25 17:20:09 [DEBUG] [task-rebind] [CMD] stdout: Microsoft PnP Utility

Removing device:          ACPI\USBC000\0
Device removed successfully.
2026-08-25 17:20:09 [DEBUG] [task-rebind] [CMD] Futtatás: pnputil /scan-devices
2026-08-25 17:20:12 [DEBUG] [task-rebind] [CMD] OK (2.2s)
2026-08-25 17:20:12 [DEBUG] [task-rebind] [CMD] stdout: Microsoft PnP Utility

Scanning for device hardware changes.
Scan complete.
2026-08-25 17:20:17 [DEBUG] [task-rebind] [CALL] DriverToolApi._device_on_vendor_driver('ACPI\\USBC000\\0')
2026-08-25 17:20:17 [DEBUG] [task-rebind] [CALL] DriverToolApi._get_installed_driver_info()
2026-08-25 17:20:17 [DEBUG] [task-rebind] [CMD] Futtatás: powershell -NoProfile -Command [Console]::OutputEncoding = [System.Text.Encoding]::UTF8; Get-WmiObject Win32_PnPSignedDriver | Where-Object { $_.DeviceID -and $_.DriverVersion } | Select-Object DeviceID, DriverVersion, DriverDate, DriverProviderName, InfName | ConvertTo-Json -Compress
2026-08-25 17:20:19 [DEBUG] [task-rebind] [CMD] OK (2.0s)
2026-08-25 17:20:19 [DEBUG] [task-rebind] [CMD] stdout: [{"DeviceID":"SWD\\PRINTENUM\\{8B82CBFE-FB5C-450A-84E3-F7591FFBC6F1}","DriverVersion":"10.0.19041.1","DriverDate":"20060621000000.******+***","DriverProviderName":"Microsoft","InfName":"printqueue.inf"},{"DeviceID":"SWD\\PRINTENUM\\{D04F27B3-CB9C-426F-A1CA-1D81DB1D34C8}","DriverVersion":"10.0.19041.1","DriverDate":"20060621000000.******+***","DriverProviderName":"Microsoft","InfName":"printqueue.inf"},{"DeviceID":"SWD\\PRINTENUM\\{C4A8C922-C486-40BB-BC60-CC480DD22CC8}","DriverVersion":"10.0.19041.1","DriverDate":"20060621000000.******+***","DriverProviderName":"Microsoft","InfName":"printqueue.inf"},{"DeviceID":"SWD\\PRINTENUM\\{C1C10521-AA32-4491-BE4D-F5E6E7927369}","DriverVersion":"10.0.19041.1","DriverDate":"20060621000000.******+***","DriverProviderName":"Microsoft","InfName":"printqueue.inf"},{"DeviceID":"SWD\\PRINTENUM\\{115C2850-D19A-4E5F-B8F4-3A74F0FFFD4F}","DriverVersion":"10.0.19041.1","DriverDate":"20060621000000.******+***","DriverProviderName":"Microsoft","InfName":"printqueue.inf"},{"DeviceID":"SWD\\PRINTENUM\\{49305D13-835A-448E-BB53-6BFC07E5EB08}","DriverVersion":"10.0.19041.1","DriverDate":"20060621000000.******+***","DriverProviderName":"Microsoft","InfName":"printqueue.inf"},{"DeviceID":"SWD\\PRINTENUM\\{A5856CD5-01F0-4301-AB7C-064B52928E14}","DriverVersion":"10.0.19041.1","DriverDate":"20060621000000.******+***","DriverProviderName":"Microsoft","InfName":"printqueue.inf"},{"DeviceID":"SWD\\PRINTENUM\\PRINTQUEUES","DriverVersion":"10.0.19041.1","DriverDate":"20060621000000.******+***","DriverProviderName":"Microsoft","InfName":"printqueue.inf"},{"DeviceID":"SWD\\MSRRAS\\MS_NDISWANBH","DriverVersion":"10.0.19041.1","DriverDate":"20060621000000.******+***","DriverProviderName":"Microsoft","InfName":"netrasa.inf"},{"DeviceID":"SWD\\MSRRAS\\MS_NDISWANIPV6","DriverVersion":"10.0.19041.1","DriverDate":"20060621000000.******+***","DriverProviderName":"Microsoft","InfName":"netrasa.inf"},{"DeviceID":"SWD\\MSRRAS\\MS_NDISWANIP","DriverVersion":"10.0.19041.1","DriverDate":"20060621000000.******+***","DriverProviderName":"Microsoft","InfName":"netrasa.inf"},{"DeviceID":"SWD\\MSRRAS\\MS_PPPOEMINIPORT","DriverVersion":"10.0.19041.1","DriverDate":"20060621000000.******+***","DriverProviderName":"Microsoft","InfName":"netrasa.inf"},{"DeviceID":"SWD\\MSRRAS\\MS_PPTPMINIPORT","DriverVersion":"10.0.19041.1","DriverDate":"20060621000000.******+***","DriverProviderName":"Microsoft","InfName":"netrasa.inf"},{"DeviceID":"SWD\\MSRRAS\\MS_L2TPMINIPORT","DriverVersion":"10.0.19041.1","DriverDate":"20060621000000.******+***","DriverProviderName":"Microsoft","InfName":"netrasa.inf"},{"DeviceID":"SWD\\MSRRAS\\MS_AGILEVPNMINIPORT","DriverVersion":"10.0.19041.1","DriverDate":"20060621000000.******+***","DriverProviderName":"Microsoft","InfName":"netavpna.inf"},{"DeviceID":"SWD\\MSRRAS\\MS_SSTPMINIPORT","DriverVersion":"10.0.19041.1","DriverDate":"20060621000000.******+***","DriverProviderName":"Microsoft","InfName":"netsstpa.inf"},{"DeviceID":"SWD\\MSRRAS\\{5E259276-BC7E-40E3-B93B-8F89B5F3ABC0}","DriverVersion":"10.0.19041.1","DriverDate":"20060621000000.******+***","DriverProviderName":"Microsoft","InfName":"c_swdevice.inf"},{"DeviceID":"SWD\\MMDEVAPI\\MICROSOFTGSWAVETABLESYNTH","DriverVersion":"10.0.19041.1","DriverDate":"20060621000000.******+***","DriverProviderName":"Microsoft","InfName":"c_swdevice.inf"},{"DeviceID":"SWD\\RADIO\\{DE38D9E2-5164-45E8-8E9F-6CE2E3AAF664}","DriverVersion":"10.0.19041.1","DriverDate":"20060621000000.******+***","DriverProviderName":"Microsoft","InfName":"c_swdevice.inf"},{"DeviceID":"SWD\\RADIO\\{B1665DB6-2CAC-4627-A386-7CAA22413BD2}","DriverVersion":"10.0.19041.1","DriverDate":"20060621000000.******+***","DriverProviderName":"Microsoft","InfName":"c_swdevice.inf"},{"DeviceID":"SWD\\RADIO\\BLUETOOTH_24EE9AF8AFEC","DriverVersion":"10.0.19041.1","DriverDate":"20060621000000.******+***","DriverProviderName":"Microsoft","InfName":"c_swdevice.inf"},{"DeviceID":"SWD\\RADIO\\{3DB5895D-CC28-44B3-AD3D-6F01A782B8D... [TRUNCATED]
2026-08-25 17:20:19 [INFO] [task-rebind] [CATALOG] Telepített driver-infó: 192 eszköz
2026-08-25 17:20:19 [DEBUG] [task-rebind] [CALL] DriverToolApi._get_installed_driver_info -> {'SWD\\PRINTENUM\\{8B82CBFE-FB5C-450A-84E3-F7591FFBC6F1}': {'version': '10.0.19041.1', 'date': '2006-06-21', 'provider': 'Microsoft', 'inf': 'printqueue.inf'}, 'SWD\\PRINTENUM\\{D04F27B3-CB9C-426F-A1CA-1D81DB1D34C8}': {'version': '10.0.19041.1', 'date': '2006-06-21', 'provider': 'Microsoft', 'inf': ...[+27156 kar.] (1.97s)
2026-08-25 17:20:19 [DEBUG] [task-rebind] [CALL] DriverToolApi._device_on_vendor_driver -> False (1.97s)
2026-08-25 17:20:19 [WARNING] [task-rebind] [REBIND] UCM-UCSI ACPI-eszköz: eltávolítva, a kötés ÚJRAINDÍTÁS után épül fel.
2026-08-25 17:20:19 [DEBUG] [task-rebind] [CALL] DriverToolApi._rebind_device -> 'needs_reboot' (9.28s)
2026-08-25 17:20:19 [INFO] [task-rebind] [EMIT:task_progress] 🔄 Eltávolítva - a Windows az ÚJRAINDÍTÁS után deríti fel újra (ez a lemez visszadugásának megfelelője).
2026-08-25 17:20:19 [INFO] [task-rebind] [EMIT:task_progress] (9/21) Microsoft Input Configuration Device
   most: mtconfig.inf (Microsoft) → gyári: synpd.inf
2026-08-25 17:20:19 [DEBUG] [task-rebind] [CALL] DriverToolApi._rebind_device('HID\\SYNHIDMINI&COL03\\1&B12C6D1&0&0002', 'C:\\Windows\\System32\\DriverStore\\FileRepository\\synpd.inf_amd64_61d873e750f15de4\\synpd.inf', 'Microsoft Input Configuration Device', 'HIDClass', 'rebind')
2026-08-25 17:20:19 [INFO] [task-rebind] [REBIND] 1. lépés - újratelepítés: Microsoft Input Configuration Device <- C:\Windows\System32\DriverStore\FileRepository\synpd.inf_amd64_61d873e750f15de4\synpd.inf
2026-08-25 17:20:19 [DEBUG] [task-rebind] [CMD] Futtatás: pnputil /add-driver C:\Windows\System32\DriverStore\FileRepository\synpd.inf_amd64_61d873e750f15de4\synpd.inf /install
2026-08-25 17:20:19 [DEBUG] [task-rebind] [CMD] OK - várt kód: 259 (0.6s)
2026-08-25 17:20:19 [DEBUG] [task-rebind] [CMD] stdout: Microsoft PnP Utility

Adding driver package:  SynPD.inf
Driver package added successfully. (Already exists in the system)
Published Name:         oem19.inf
Driver package is up-to-date on device: ACPI\LEN009B\4&27a0ea9d&0

Total driver packages:  1
Added driver packages:  0
2026-08-25 17:20:19 [DEBUG] [task-rebind] [CMD] Futtatás: pnputil /scan-devices
2026-08-25 17:20:21 [DEBUG] [task-rebind] [CMD] OK (1.6s)
2026-08-25 17:20:21 [DEBUG] [task-rebind] [CMD] stdout: Microsoft PnP Utility

Scanning for device hardware changes.
Scan complete.
2026-08-25 17:20:21 [DEBUG] [task-rebind] [CALL] DriverToolApi._device_on_vendor_driver('HID\\SYNHIDMINI&COL03\\1&B12C6D1&0&0002')
2026-08-25 17:20:21 [DEBUG] [task-rebind] [CALL] DriverToolApi._get_installed_driver_info()
2026-08-25 17:20:21 [DEBUG] [task-rebind] [CMD] Futtatás: powershell -NoProfile -Command [Console]::OutputEncoding = [System.Text.Encoding]::UTF8; Get-WmiObject Win32_PnPSignedDriver | Where-Object { $_.DeviceID -and $_.DriverVersion } | Select-Object DeviceID, DriverVersion, DriverDate, DriverProviderName, InfName | ConvertTo-Json -Compress
2026-08-25 17:20:22 [DEBUG] [task-rebind] [CMD] OK (1.5s)
2026-08-25 17:20:22 [DEBUG] [task-rebind] [CMD] stdout: [{"DeviceID":"SWD\\PRINTENUM\\{8B82CBFE-FB5C-450A-84E3-F7591FFBC6F1}","DriverVersion":"10.0.19041.1","DriverDate":"20060621000000.******+***","DriverProviderName":"Microsoft","InfName":"printqueue.inf"},{"DeviceID":"SWD\\PRINTENUM\\{D04F27B3-CB9C-426F-A1CA-1D81DB1D34C8}","DriverVersion":"10.0.19041.1","DriverDate":"20060621000000.******+***","DriverProviderName":"Microsoft","InfName":"printqueue.inf"},{"DeviceID":"SWD\\PRINTENUM\\{C4A8C922-C486-40BB-BC60-CC480DD22CC8}","DriverVersion":"10.0.19041.1","DriverDate":"20060621000000.******+***","DriverProviderName":"Microsoft","InfName":"printqueue.inf"},{"DeviceID":"SWD\\PRINTENUM\\{C1C10521-AA32-4491-BE4D-F5E6E7927369}","DriverVersion":"10.0.19041.1","DriverDate":"20060621000000.******+***","DriverProviderName":"Microsoft","InfName":"printqueue.inf"},{"DeviceID":"SWD\\PRINTENUM\\{115C2850-D19A-4E5F-B8F4-3A74F0FFFD4F}","DriverVersion":"10.0.19041.1","DriverDate":"20060621000000.******+***","DriverProviderName":"Microsoft","InfName":"printqueue.inf"},{"DeviceID":"SWD\\PRINTENUM\\{49305D13-835A-448E-BB53-6BFC07E5EB08}","DriverVersion":"10.0.19041.1","DriverDate":"20060621000000.******+***","DriverProviderName":"Microsoft","InfName":"printqueue.inf"},{"DeviceID":"SWD\\PRINTENUM\\{A5856CD5-01F0-4301-AB7C-064B52928E14}","DriverVersion":"10.0.19041.1","DriverDate":"20060621000000.******+***","DriverProviderName":"Microsoft","InfName":"printqueue.inf"},{"DeviceID":"SWD\\PRINTENUM\\PRINTQUEUES","DriverVersion":"10.0.19041.1","DriverDate":"20060621000000.******+***","DriverProviderName":"Microsoft","InfName":"printqueue.inf"},{"DeviceID":"SWD\\MSRRAS\\MS_NDISWANBH","DriverVersion":"10.0.19041.1","DriverDate":"20060621000000.******+***","DriverProviderName":"Microsoft","InfName":"netrasa.inf"},{"DeviceID":"SWD\\MSRRAS\\MS_NDISWANIPV6","DriverVersion":"10.0.19041.1","DriverDate":"20060621000000.******+***","DriverProviderName":"Microsoft","InfName":"netrasa.inf"},{"DeviceID":"SWD\\MSRRAS\\MS_NDISWANIP","DriverVersion":"10.0.19041.1","DriverDate":"20060621000000.******+***","DriverProviderName":"Microsoft","InfName":"netrasa.inf"},{"DeviceID":"SWD\\MSRRAS\\MS_PPPOEMINIPORT","DriverVersion":"10.0.19041.1","DriverDate":"20060621000000.******+***","DriverProviderName":"Microsoft","InfName":"netrasa.inf"},{"DeviceID":"SWD\\MSRRAS\\MS_PPTPMINIPORT","DriverVersion":"10.0.19041.1","DriverDate":"20060621000000.******+***","DriverProviderName":"Microsoft","InfName":"netrasa.inf"},{"DeviceID":"SWD\\MSRRAS\\MS_L2TPMINIPORT","DriverVersion":"10.0.19041.1","DriverDate":"20060621000000.******+***","DriverProviderName":"Microsoft","InfName":"netrasa.inf"},{"DeviceID":"SWD\\MSRRAS\\MS_AGILEVPNMINIPORT","DriverVersion":"10.0.19041.1","DriverDate":"20060621000000.******+***","DriverProviderName":"Microsoft","InfName":"netavpna.inf"},{"DeviceID":"SWD\\MSRRAS\\MS_SSTPMINIPORT","DriverVersion":"10.0.19041.1","DriverDate":"20060621000000.******+***","DriverProviderName":"Microsoft","InfName":"netsstpa.inf"},{"DeviceID":"SWD\\MSRRAS\\{5E259276-BC7E-40E3-B93B-8F89B5F3ABC0}","DriverVersion":"10.0.19041.1","DriverDate":"20060621000000.******+***","DriverProviderName":"Microsoft","InfName":"c_swdevice.inf"},{"DeviceID":"SWD\\MMDEVAPI\\MICROSOFTGSWAVETABLESYNTH","DriverVersion":"10.0.19041.1","DriverDate":"20060621000000.******+***","DriverProviderName":"Microsoft","InfName":"c_swdevice.inf"},{"DeviceID":"SWD\\RADIO\\{DE38D9E2-5164-45E8-8E9F-6CE2E3AAF664}","DriverVersion":"10.0.19041.1","DriverDate":"20060621000000.******+***","DriverProviderName":"Microsoft","InfName":"c_swdevice.inf"},{"DeviceID":"SWD\\RADIO\\{B1665DB6-2CAC-4627-A386-7CAA22413BD2}","DriverVersion":"10.0.19041.1","DriverDate":"20060621000000.******+***","DriverProviderName":"Microsoft","InfName":"c_swdevice.inf"},{"DeviceID":"SWD\\RADIO\\BLUETOOTH_24EE9AF8AFEC","DriverVersion":"10.0.19041.1","DriverDate":"20060621000000.******+***","DriverProviderName":"Microsoft","InfName":"c_swdevice.inf"},{"DeviceID":"SWD\\RADIO\\{3DB5895D-CC28-44B3-AD3D-6F01A782B8D... [TRUNCATED]
2026-08-25 17:20:22 [INFO] [task-rebind] [CATALOG] Telepített driver-infó: 192 eszköz
2026-08-25 17:20:22 [DEBUG] [task-rebind] [CALL] DriverToolApi._get_installed_driver_info -> {'SWD\\PRINTENUM\\{8B82CBFE-FB5C-450A-84E3-F7591FFBC6F1}': {'version': '10.0.19041.1', 'date': '2006-06-21', 'provider': 'Microsoft', 'inf': 'printqueue.inf'}, 'SWD\\PRINTENUM\\{D04F27B3-CB9C-426F-A1CA-1D81DB1D34C8}': {'version': '10.0.19041.1', 'date': '2006-06-21', 'provider': 'Microsoft', 'inf': ...[+27156 kar.] (1.49s)
2026-08-25 17:20:22 [DEBUG] [task-rebind] [CALL] DriverToolApi._device_on_vendor_driver -> False (1.49s)
2026-08-25 17:20:22 [WARNING] [task-rebind] [REBIND] 2. lépés - a csomópont eltávolítása: Microsoft Input Configuration Device [HID\SYNHIDMINI&COL03\1&B12C6D1&0&0002]
2026-08-25 17:20:22 [INFO] [task-rebind] [EMIT:task_progress] 🔄 Microsoft Input Configuration Device: eszköz eltávolítása, hogy a Windows újra felderítse...
2026-08-25 17:20:22 [DEBUG] [task-rebind] [CMD] Futtatás: pnputil /remove-device HID\SYNHIDMINI&COL03\1&B12C6D1&0&0002
2026-08-25 17:20:22 [DEBUG] [task-rebind] [CMD] OK (0.0s)
2026-08-25 17:20:22 [DEBUG] [task-rebind] [CMD] stdout: Microsoft PnP Utility

Removing device:          HID\SYNHIDMINI&COL03\1&B12C6D1&0&0002
Device removed successfully.
2026-08-25 17:20:22 [DEBUG] [task-rebind] [CMD] Futtatás: pnputil /scan-devices
2026-08-25 17:20:23 [DEBUG] [task-rebind] [CMD] OK (0.5s)
2026-08-25 17:20:23 [DEBUG] [task-rebind] [CMD] stdout: Microsoft PnP Utility

Scanning for device hardware changes.
Scan complete.
2026-08-25 17:20:28 [DEBUG] [task-rebind] [CALL] DriverToolApi._device_on_vendor_driver('HID\\SYNHIDMINI&COL03\\1&B12C6D1&0&0002')
2026-08-25 17:20:28 [DEBUG] [task-rebind] [CALL] DriverToolApi._get_installed_driver_info()
2026-08-25 17:20:28 [DEBUG] [task-rebind] [CMD] Futtatás: powershell -NoProfile -Command [Console]::OutputEncoding = [System.Text.Encoding]::UTF8; Get-WmiObject Win32_PnPSignedDriver | Where-Object { $_.DeviceID -and $_.DriverVersion } | Select-Object DeviceID, DriverVersion, DriverDate, DriverProviderName, InfName | ConvertTo-Json -Compress
2026-08-25 17:20:30 [DEBUG] [task-rebind] [CMD] OK (2.0s)
2026-08-25 17:20:30 [DEBUG] [task-rebind] [CMD] stdout: [{"DeviceID":"SWD\\PRINTENUM\\{8B82CBFE-FB5C-450A-84E3-F7591FFBC6F1}","DriverVersion":"10.0.19041.1","DriverDate":"20060621000000.******+***","DriverProviderName":"Microsoft","InfName":"printqueue.inf"},{"DeviceID":"SWD\\PRINTENUM\\{D04F27B3-CB9C-426F-A1CA-1D81DB1D34C8}","DriverVersion":"10.0.19041.1","DriverDate":"20060621000000.******+***","DriverProviderName":"Microsoft","InfName":"printqueue.inf"},{"DeviceID":"SWD\\PRINTENUM\\{C4A8C922-C486-40BB-BC60-CC480DD22CC8}","DriverVersion":"10.0.19041.1","DriverDate":"20060621000000.******+***","DriverProviderName":"Microsoft","InfName":"printqueue.inf"},{"DeviceID":"SWD\\PRINTENUM\\{C1C10521-AA32-4491-BE4D-F5E6E7927369}","DriverVersion":"10.0.19041.1","DriverDate":"20060621000000.******+***","DriverProviderName":"Microsoft","InfName":"printqueue.inf"},{"DeviceID":"SWD\\PRINTENUM\\{115C2850-D19A-4E5F-B8F4-3A74F0FFFD4F}","DriverVersion":"10.0.19041.1","DriverDate":"20060621000000.******+***","DriverProviderName":"Microsoft","InfName":"printqueue.inf"},{"DeviceID":"SWD\\PRINTENUM\\{49305D13-835A-448E-BB53-6BFC07E5EB08}","DriverVersion":"10.0.19041.1","DriverDate":"20060621000000.******+***","DriverProviderName":"Microsoft","InfName":"printqueue.inf"},{"DeviceID":"SWD\\PRINTENUM\\{A5856CD5-01F0-4301-AB7C-064B52928E14}","DriverVersion":"10.0.19041.1","DriverDate":"20060621000000.******+***","DriverProviderName":"Microsoft","InfName":"printqueue.inf"},{"DeviceID":"SWD\\PRINTENUM\\PRINTQUEUES","DriverVersion":"10.0.19041.1","DriverDate":"20060621000000.******+***","DriverProviderName":"Microsoft","InfName":"printqueue.inf"},{"DeviceID":"SWD\\MSRRAS\\MS_NDISWANBH","DriverVersion":"10.0.19041.1","DriverDate":"20060621000000.******+***","DriverProviderName":"Microsoft","InfName":"netrasa.inf"},{"DeviceID":"SWD\\MSRRAS\\MS_NDISWANIPV6","DriverVersion":"10.0.19041.1","DriverDate":"20060621000000.******+***","DriverProviderName":"Microsoft","InfName":"netrasa.inf"},{"DeviceID":"SWD\\MSRRAS\\MS_NDISWANIP","DriverVersion":"10.0.19041.1","DriverDate":"20060621000000.******+***","DriverProviderName":"Microsoft","InfName":"netrasa.inf"},{"DeviceID":"SWD\\MSRRAS\\MS_PPPOEMINIPORT","DriverVersion":"10.0.19041.1","DriverDate":"20060621000000.******+***","DriverProviderName":"Microsoft","InfName":"netrasa.inf"},{"DeviceID":"SWD\\MSRRAS\\MS_PPTPMINIPORT","DriverVersion":"10.0.19041.1","DriverDate":"20060621000000.******+***","DriverProviderName":"Microsoft","InfName":"netrasa.inf"},{"DeviceID":"SWD\\MSRRAS\\MS_L2TPMINIPORT","DriverVersion":"10.0.19041.1","DriverDate":"20060621000000.******+***","DriverProviderName":"Microsoft","InfName":"netrasa.inf"},{"DeviceID":"SWD\\MSRRAS\\MS_AGILEVPNMINIPORT","DriverVersion":"10.0.19041.1","DriverDate":"20060621000000.******+***","DriverProviderName":"Microsoft","InfName":"netavpna.inf"},{"DeviceID":"SWD\\MSRRAS\\MS_SSTPMINIPORT","DriverVersion":"10.0.19041.1","DriverDate":"20060621000000.******+***","DriverProviderName":"Microsoft","InfName":"netsstpa.inf"},{"DeviceID":"SWD\\MSRRAS\\{5E259276-BC7E-40E3-B93B-8F89B5F3ABC0}","DriverVersion":"10.0.19041.1","DriverDate":"20060621000000.******+***","DriverProviderName":"Microsoft","InfName":"c_swdevice.inf"},{"DeviceID":"SWD\\MMDEVAPI\\MICROSOFTGSWAVETABLESYNTH","DriverVersion":"10.0.19041.1","DriverDate":"20060621000000.******+***","DriverProviderName":"Microsoft","InfName":"c_swdevice.inf"},{"DeviceID":"SWD\\RADIO\\{DE38D9E2-5164-45E8-8E9F-6CE2E3AAF664}","DriverVersion":"10.0.19041.1","DriverDate":"20060621000000.******+***","DriverProviderName":"Microsoft","InfName":"c_swdevice.inf"},{"DeviceID":"SWD\\RADIO\\{B1665DB6-2CAC-4627-A386-7CAA22413BD2}","DriverVersion":"10.0.19041.1","DriverDate":"20060621000000.******+***","DriverProviderName":"Microsoft","InfName":"c_swdevice.inf"},{"DeviceID":"SWD\\RADIO\\BLUETOOTH_24EE9AF8AFEC","DriverVersion":"10.0.19041.1","DriverDate":"20060621000000.******+***","DriverProviderName":"Microsoft","InfName":"c_swdevice.inf"},{"DeviceID":"SWD\\RADIO\\{3DB5895D-CC28-44B3-AD3D-6F01A782B8D... [TRUNCATED]
2026-08-25 17:20:30 [INFO] [task-rebind] [CATALOG] Telepített driver-infó: 192 eszköz
2026-08-25 17:20:30 [DEBUG] [task-rebind] [CALL] DriverToolApi._get_installed_driver_info -> {'SWD\\PRINTENUM\\{8B82CBFE-FB5C-450A-84E3-F7591FFBC6F1}': {'version': '10.0.19041.1', 'date': '2006-06-21', 'provider': 'Microsoft', 'inf': 'printqueue.inf'}, 'SWD\\PRINTENUM\\{D04F27B3-CB9C-426F-A1CA-1D81DB1D34C8}': {'version': '10.0.19041.1', 'date': '2006-06-21', 'provider': 'Microsoft', 'inf': ...[+27156 kar.] (2.03s)
2026-08-25 17:20:30 [DEBUG] [task-rebind] [CALL] DriverToolApi._device_on_vendor_driver -> False (2.03s)
2026-08-25 17:20:30 [WARNING] [task-rebind] [REBIND] Microsoft Input Configuration Device: eltávolítva, a kötés ÚJRAINDÍTÁS után épül fel.
2026-08-25 17:20:30 [DEBUG] [task-rebind] [CALL] DriverToolApi._rebind_device -> 'needs_reboot' (11.25s)
2026-08-25 17:20:30 [INFO] [task-rebind] [EMIT:task_progress] 🔄 Eltávolítva - a Windows az ÚJRAINDÍTÁS után deríti fel újra (ez a lemez visszadugásának megfelelője).
2026-08-25 17:20:30 [INFO] [task-rebind] [EMIT:task_progress] (10/21) HID-szabványos érintőpárna
   most: input.inf (Microsoft) → gyári: synpd.inf
2026-08-25 17:20:30 [DEBUG] [task-rebind] [CALL] DriverToolApi._rebind_device('HID\\SYNHIDMINI&COL02\\1&213A2F8E&0&0001', 'C:\\Windows\\System32\\DriverStore\\FileRepository\\synpd.inf_amd64_61d873e750f15de4\\synpd.inf', 'HID-szabványos érintőpárna', 'HIDClass', 'rebind')
2026-08-25 17:20:30 [INFO] [task-rebind] [REBIND] 1. lépés - újratelepítés: HID-szabványos érintőpárna <- C:\Windows\System32\DriverStore\FileRepository\synpd.inf_amd64_61d873e750f15de4\synpd.inf
2026-08-25 17:20:30 [DEBUG] [task-rebind] [CMD] Futtatás: pnputil /add-driver C:\Windows\System32\DriverStore\FileRepository\synpd.inf_amd64_61d873e750f15de4\synpd.inf /install
2026-08-25 17:20:30 [DEBUG] [task-rebind] [CMD] OK - várt kód: 259 (0.6s)
2026-08-25 17:20:30 [DEBUG] [task-rebind] [CMD] stdout: Microsoft PnP Utility

Adding driver package:  SynPD.inf
Driver package added successfully. (Already exists in the system)
Published Name:         oem19.inf
Driver package is up-to-date on device: ACPI\LEN009B\4&27a0ea9d&0

Total driver packages:  1
Added driver packages:  0
2026-08-25 17:20:30 [DEBUG] [task-rebind] [CMD] Futtatás: pnputil /scan-devices
2026-08-25 17:20:32 [DEBUG] [task-rebind] [CMD] OK (1.6s)
2026-08-25 17:20:32 [DEBUG] [task-rebind] [CMD] stdout: Microsoft PnP Utility

Scanning for device hardware changes.
Scan complete.
2026-08-25 17:20:32 [DEBUG] [task-rebind] [CALL] DriverToolApi._device_on_vendor_driver('HID\\SYNHIDMINI&COL02\\1&213A2F8E&0&0001')
2026-08-25 17:20:32 [DEBUG] [task-rebind] [CALL] DriverToolApi._get_installed_driver_info()
2026-08-25 17:20:32 [DEBUG] [task-rebind] [CMD] Futtatás: powershell -NoProfile -Command [Console]::OutputEncoding = [System.Text.Encoding]::UTF8; Get-WmiObject Win32_PnPSignedDriver | Where-Object { $_.DeviceID -and $_.DriverVersion } | Select-Object DeviceID, DriverVersion, DriverDate, DriverProviderName, InfName | ConvertTo-Json -Compress
2026-08-25 17:20:34 [DEBUG] [task-rebind] [CMD] OK (1.4s)
2026-08-25 17:20:34 [DEBUG] [task-rebind] [CMD] stdout: [{"DeviceID":"SWD\\PRINTENUM\\{8B82CBFE-FB5C-450A-84E3-F7591FFBC6F1}","DriverVersion":"10.0.19041.1","DriverDate":"20060621000000.******+***","DriverProviderName":"Microsoft","InfName":"printqueue.inf"},{"DeviceID":"SWD\\PRINTENUM\\{D04F27B3-CB9C-426F-A1CA-1D81DB1D34C8}","DriverVersion":"10.0.19041.1","DriverDate":"20060621000000.******+***","DriverProviderName":"Microsoft","InfName":"printqueue.inf"},{"DeviceID":"SWD\\PRINTENUM\\{C4A8C922-C486-40BB-BC60-CC480DD22CC8}","DriverVersion":"10.0.19041.1","DriverDate":"20060621000000.******+***","DriverProviderName":"Microsoft","InfName":"printqueue.inf"},{"DeviceID":"SWD\\PRINTENUM\\{C1C10521-AA32-4491-BE4D-F5E6E7927369}","DriverVersion":"10.0.19041.1","DriverDate":"20060621000000.******+***","DriverProviderName":"Microsoft","InfName":"printqueue.inf"},{"DeviceID":"SWD\\PRINTENUM\\{115C2850-D19A-4E5F-B8F4-3A74F0FFFD4F}","DriverVersion":"10.0.19041.1","DriverDate":"20060621000000.******+***","DriverProviderName":"Microsoft","InfName":"printqueue.inf"},{"DeviceID":"SWD\\PRINTENUM\\{49305D13-835A-448E-BB53-6BFC07E5EB08}","DriverVersion":"10.0.19041.1","DriverDate":"20060621000000.******+***","DriverProviderName":"Microsoft","InfName":"printqueue.inf"},{"DeviceID":"SWD\\PRINTENUM\\{A5856CD5-01F0-4301-AB7C-064B52928E14}","DriverVersion":"10.0.19041.1","DriverDate":"20060621000000.******+***","DriverProviderName":"Microsoft","InfName":"printqueue.inf"},{"DeviceID":"SWD\\PRINTENUM\\PRINTQUEUES","DriverVersion":"10.0.19041.1","DriverDate":"20060621000000.******+***","DriverProviderName":"Microsoft","InfName":"printqueue.inf"},{"DeviceID":"SWD\\MSRRAS\\MS_NDISWANBH","DriverVersion":"10.0.19041.1","DriverDate":"20060621000000.******+***","DriverProviderName":"Microsoft","InfName":"netrasa.inf"},{"DeviceID":"SWD\\MSRRAS\\MS_NDISWANIPV6","DriverVersion":"10.0.19041.1","DriverDate":"20060621000000.******+***","DriverProviderName":"Microsoft","InfName":"netrasa.inf"},{"DeviceID":"SWD\\MSRRAS\\MS_NDISWANIP","DriverVersion":"10.0.19041.1","DriverDate":"20060621000000.******+***","DriverProviderName":"Microsoft","InfName":"netrasa.inf"},{"DeviceID":"SWD\\MSRRAS\\MS_PPPOEMINIPORT","DriverVersion":"10.0.19041.1","DriverDate":"20060621000000.******+***","DriverProviderName":"Microsoft","InfName":"netrasa.inf"},{"DeviceID":"SWD\\MSRRAS\\MS_PPTPMINIPORT","DriverVersion":"10.0.19041.1","DriverDate":"20060621000000.******+***","DriverProviderName":"Microsoft","InfName":"netrasa.inf"},{"DeviceID":"SWD\\MSRRAS\\MS_L2TPMINIPORT","DriverVersion":"10.0.19041.1","DriverDate":"20060621000000.******+***","DriverProviderName":"Microsoft","InfName":"netrasa.inf"},{"DeviceID":"SWD\\MSRRAS\\MS_AGILEVPNMINIPORT","DriverVersion":"10.0.19041.1","DriverDate":"20060621000000.******+***","DriverProviderName":"Microsoft","InfName":"netavpna.inf"},{"DeviceID":"SWD\\MSRRAS\\MS_SSTPMINIPORT","DriverVersion":"10.0.19041.1","DriverDate":"20060621000000.******+***","DriverProviderName":"Microsoft","InfName":"netsstpa.inf"},{"DeviceID":"SWD\\MSRRAS\\{5E259276-BC7E-40E3-B93B-8F89B5F3ABC0}","DriverVersion":"10.0.19041.1","DriverDate":"20060621000000.******+***","DriverProviderName":"Microsoft","InfName":"c_swdevice.inf"},{"DeviceID":"SWD\\MMDEVAPI\\MICROSOFTGSWAVETABLESYNTH","DriverVersion":"10.0.19041.1","DriverDate":"20060621000000.******+***","DriverProviderName":"Microsoft","InfName":"c_swdevice.inf"},{"DeviceID":"SWD\\RADIO\\{DE38D9E2-5164-45E8-8E9F-6CE2E3AAF664}","DriverVersion":"10.0.19041.1","DriverDate":"20060621000000.******+***","DriverProviderName":"Microsoft","InfName":"c_swdevice.inf"},{"DeviceID":"SWD\\RADIO\\{B1665DB6-2CAC-4627-A386-7CAA22413BD2}","DriverVersion":"10.0.19041.1","DriverDate":"20060621000000.******+***","DriverProviderName":"Microsoft","InfName":"c_swdevice.inf"},{"DeviceID":"SWD\\RADIO\\BLUETOOTH_24EE9AF8AFEC","DriverVersion":"10.0.19041.1","DriverDate":"20060621000000.******+***","DriverProviderName":"Microsoft","InfName":"c_swdevice.inf"},{"DeviceID":"SWD\\RADIO\\{3DB5895D-CC28-44B3-AD3D-6F01A782B8D... [TRUNCATED]
2026-08-25 17:20:34 [INFO] [task-rebind] [CATALOG] Telepített driver-infó: 192 eszköz
2026-08-25 17:20:34 [DEBUG] [task-rebind] [CALL] DriverToolApi._get_installed_driver_info -> {'SWD\\PRINTENUM\\{8B82CBFE-FB5C-450A-84E3-F7591FFBC6F1}': {'version': '10.0.19041.1', 'date': '2006-06-21', 'provider': 'Microsoft', 'inf': 'printqueue.inf'}, 'SWD\\PRINTENUM\\{D04F27B3-CB9C-426F-A1CA-1D81DB1D34C8}': {'version': '10.0.19041.1', 'date': '2006-06-21', 'provider': 'Microsoft', 'inf': ...[+27156 kar.] (1.44s)
2026-08-25 17:20:34 [DEBUG] [task-rebind] [CALL] DriverToolApi._device_on_vendor_driver -> False (1.44s)
2026-08-25 17:20:34 [WARNING] [task-rebind] [REBIND] 2. lépés - a csomópont eltávolítása: HID-szabványos érintőpárna [HID\SYNHIDMINI&COL02\1&213A2F8E&0&0001]
2026-08-25 17:20:34 [INFO] [task-rebind] [EMIT:task_progress] 🔄 HID-szabványos érintőpárna: eszköz eltávolítása, hogy a Windows újra felderítse...
2026-08-25 17:20:34 [DEBUG] [task-rebind] [CMD] Futtatás: pnputil /remove-device HID\SYNHIDMINI&COL02\1&213A2F8E&0&0001
2026-08-25 17:20:34 [DEBUG] [task-rebind] [CMD] OK (0.0s)
2026-08-25 17:20:34 [DEBUG] [task-rebind] [CMD] stdout: Microsoft PnP Utility

Removing device:          HID\SYNHIDMINI&COL02\1&213A2F8E&0&0001
Device removed successfully.
2026-08-25 17:20:34 [DEBUG] [task-rebind] [CMD] Futtatás: pnputil /scan-devices
2026-08-25 17:20:34 [DEBUG] [task-rebind] [CMD] OK (0.5s)
2026-08-25 17:20:34 [DEBUG] [task-rebind] [CMD] stdout: Microsoft PnP Utility

Scanning for device hardware changes.
Scan complete.
2026-08-25 17:20:39 [DEBUG] [task-rebind] [CALL] DriverToolApi._device_on_vendor_driver('HID\\SYNHIDMINI&COL02\\1&213A2F8E&0&0001')
2026-08-25 17:20:39 [DEBUG] [task-rebind] [CALL] DriverToolApi._get_installed_driver_info()
2026-08-25 17:20:39 [DEBUG] [task-rebind] [CMD] Futtatás: powershell -NoProfile -Command [Console]::OutputEncoding = [System.Text.Encoding]::UTF8; Get-WmiObject Win32_PnPSignedDriver | Where-Object { $_.DeviceID -and $_.DriverVersion } | Select-Object DeviceID, DriverVersion, DriverDate, DriverProviderName, InfName | ConvertTo-Json -Compress
2026-08-25 17:20:41 [DEBUG] [task-rebind] [CMD] OK (2.0s)
2026-08-25 17:20:41 [DEBUG] [task-rebind] [CMD] stdout: [{"DeviceID":"SWD\\PRINTENUM\\{8B82CBFE-FB5C-450A-84E3-F7591FFBC6F1}","DriverVersion":"10.0.19041.1","DriverDate":"20060621000000.******+***","DriverProviderName":"Microsoft","InfName":"printqueue.inf"},{"DeviceID":"SWD\\PRINTENUM\\{D04F27B3-CB9C-426F-A1CA-1D81DB1D34C8}","DriverVersion":"10.0.19041.1","DriverDate":"20060621000000.******+***","DriverProviderName":"Microsoft","InfName":"printqueue.inf"},{"DeviceID":"SWD\\PRINTENUM\\{C4A8C922-C486-40BB-BC60-CC480DD22CC8}","DriverVersion":"10.0.19041.1","DriverDate":"20060621000000.******+***","DriverProviderName":"Microsoft","InfName":"printqueue.inf"},{"DeviceID":"SWD\\PRINTENUM\\{C1C10521-AA32-4491-BE4D-F5E6E7927369}","DriverVersion":"10.0.19041.1","DriverDate":"20060621000000.******+***","DriverProviderName":"Microsoft","InfName":"printqueue.inf"},{"DeviceID":"SWD\\PRINTENUM\\{115C2850-D19A-4E5F-B8F4-3A74F0FFFD4F}","DriverVersion":"10.0.19041.1","DriverDate":"20060621000000.******+***","DriverProviderName":"Microsoft","InfName":"printqueue.inf"},{"DeviceID":"SWD\\PRINTENUM\\{49305D13-835A-448E-BB53-6BFC07E5EB08}","DriverVersion":"10.0.19041.1","DriverDate":"20060621000000.******+***","DriverProviderName":"Microsoft","InfName":"printqueue.inf"},{"DeviceID":"SWD\\PRINTENUM\\{A5856CD5-01F0-4301-AB7C-064B52928E14}","DriverVersion":"10.0.19041.1","DriverDate":"20060621000000.******+***","DriverProviderName":"Microsoft","InfName":"printqueue.inf"},{"DeviceID":"SWD\\PRINTENUM\\PRINTQUEUES","DriverVersion":"10.0.19041.1","DriverDate":"20060621000000.******+***","DriverProviderName":"Microsoft","InfName":"printqueue.inf"},{"DeviceID":"SWD\\MSRRAS\\MS_NDISWANBH","DriverVersion":"10.0.19041.1","DriverDate":"20060621000000.******+***","DriverProviderName":"Microsoft","InfName":"netrasa.inf"},{"DeviceID":"SWD\\MSRRAS\\MS_NDISWANIPV6","DriverVersion":"10.0.19041.1","DriverDate":"20060621000000.******+***","DriverProviderName":"Microsoft","InfName":"netrasa.inf"},{"DeviceID":"SWD\\MSRRAS\\MS_NDISWANIP","DriverVersion":"10.0.19041.1","DriverDate":"20060621000000.******+***","DriverProviderName":"Microsoft","InfName":"netrasa.inf"},{"DeviceID":"SWD\\MSRRAS\\MS_PPPOEMINIPORT","DriverVersion":"10.0.19041.1","DriverDate":"20060621000000.******+***","DriverProviderName":"Microsoft","InfName":"netrasa.inf"},{"DeviceID":"SWD\\MSRRAS\\MS_PPTPMINIPORT","DriverVersion":"10.0.19041.1","DriverDate":"20060621000000.******+***","DriverProviderName":"Microsoft","InfName":"netrasa.inf"},{"DeviceID":"SWD\\MSRRAS\\MS_L2TPMINIPORT","DriverVersion":"10.0.19041.1","DriverDate":"20060621000000.******+***","DriverProviderName":"Microsoft","InfName":"netrasa.inf"},{"DeviceID":"SWD\\MSRRAS\\MS_AGILEVPNMINIPORT","DriverVersion":"10.0.19041.1","DriverDate":"20060621000000.******+***","DriverProviderName":"Microsoft","InfName":"netavpna.inf"},{"DeviceID":"SWD\\MSRRAS\\MS_SSTPMINIPORT","DriverVersion":"10.0.19041.1","DriverDate":"20060621000000.******+***","DriverProviderName":"Microsoft","InfName":"netsstpa.inf"},{"DeviceID":"SWD\\MSRRAS\\{5E259276-BC7E-40E3-B93B-8F89B5F3ABC0}","DriverVersion":"10.0.19041.1","DriverDate":"20060621000000.******+***","DriverProviderName":"Microsoft","InfName":"c_swdevice.inf"},{"DeviceID":"SWD\\MMDEVAPI\\MICROSOFTGSWAVETABLESYNTH","DriverVersion":"10.0.19041.1","DriverDate":"20060621000000.******+***","DriverProviderName":"Microsoft","InfName":"c_swdevice.inf"},{"DeviceID":"SWD\\RADIO\\{DE38D9E2-5164-45E8-8E9F-6CE2E3AAF664}","DriverVersion":"10.0.19041.1","DriverDate":"20060621000000.******+***","DriverProviderName":"Microsoft","InfName":"c_swdevice.inf"},{"DeviceID":"SWD\\RADIO\\{B1665DB6-2CAC-4627-A386-7CAA22413BD2}","DriverVersion":"10.0.19041.1","DriverDate":"20060621000000.******+***","DriverProviderName":"Microsoft","InfName":"c_swdevice.inf"},{"DeviceID":"SWD\\RADIO\\BLUETOOTH_24EE9AF8AFEC","DriverVersion":"10.0.19041.1","DriverDate":"20060621000000.******+***","DriverProviderName":"Microsoft","InfName":"c_swdevice.inf"},{"DeviceID":"SWD\\RADIO\\{3DB5895D-CC28-44B3-AD3D-6F01A782B8D... [TRUNCATED]
2026-08-25 17:20:41 [INFO] [task-rebind] [CATALOG] Telepített driver-infó: 192 eszköz
2026-08-25 17:20:41 [DEBUG] [task-rebind] [CALL] DriverToolApi._get_installed_driver_info -> {'SWD\\PRINTENUM\\{8B82CBFE-FB5C-450A-84E3-F7591FFBC6F1}': {'version': '10.0.19041.1', 'date': '2006-06-21', 'provider': 'Microsoft', 'inf': 'printqueue.inf'}, 'SWD\\PRINTENUM\\{D04F27B3-CB9C-426F-A1CA-1D81DB1D34C8}': {'version': '10.0.19041.1', 'date': '2006-06-21', 'provider': 'Microsoft', 'inf': ...[+27156 kar.] (2.00s)
2026-08-25 17:20:41 [DEBUG] [task-rebind] [CALL] DriverToolApi._device_on_vendor_driver -> False (2.02s)
2026-08-25 17:20:41 [WARNING] [task-rebind] [REBIND] HID-szabványos érintőpárna: eltávolítva, a kötés ÚJRAINDÍTÁS után épül fel.
2026-08-25 17:20:41 [DEBUG] [task-rebind] [CALL] DriverToolApi._rebind_device -> 'needs_reboot' (11.20s)
2026-08-25 17:20:41 [INFO] [task-rebind] [EMIT:task_progress] 🔄 Eltávolítva - a Windows az ÚJRAINDÍTÁS után deríti fel újra (ez a lemez visszadugásának megfelelője).
2026-08-25 17:20:41 [INFO] [task-rebind] [EMIT:task_progress] (11/21) Örökölt eszköz
   most: machine.inf (Microsoft) → gyári: (a Windows választ)
2026-08-25 17:20:41 [DEBUG] [task-rebind] [CALL] DriverToolApi._rebind_device('ACPI\\INT0800\\4&27A0EA9D&0', None, 'Örökölt eszköz', 'System', 'rebind')
2026-08-25 17:20:41 [WARNING] [task-rebind] [REBIND] 2. lépés - a csomópont eltávolítása: Örökölt eszköz [ACPI\INT0800\4&27A0EA9D&0]
2026-08-25 17:20:41 [INFO] [task-rebind] [EMIT:task_progress] 🔄 Örökölt eszköz: eszköz eltávolítása, hogy a Windows újra felderítse...
2026-08-25 17:20:41 [DEBUG] [task-rebind] [CMD] Futtatás: pnputil /remove-device ACPI\INT0800\4&27A0EA9D&0
2026-08-25 17:20:41 [DEBUG] [task-rebind] [CMD] OK (0.1s)
2026-08-25 17:20:41 [DEBUG] [task-rebind] [CMD] stdout: Microsoft PnP Utility

Removing device:          ACPI\INT0800\4&27A0EA9D&0
Device removed successfully.
2026-08-25 17:20:41 [DEBUG] [task-rebind] [CMD] Futtatás: pnputil /scan-devices
2026-08-25 17:20:43 [DEBUG] [task-rebind] [CMD] OK (1.7s)
2026-08-25 17:20:43 [DEBUG] [task-rebind] [CMD] stdout: Microsoft PnP Utility

Scanning for device hardware changes.
Scan complete.
2026-08-25 17:20:48 [DEBUG] [task-rebind] [CALL] DriverToolApi._device_on_vendor_driver('ACPI\\INT0800\\4&27A0EA9D&0')
2026-08-25 17:20:48 [DEBUG] [task-rebind] [CALL] DriverToolApi._get_installed_driver_info()
2026-08-25 17:20:48 [DEBUG] [task-rebind] [CMD] Futtatás: powershell -NoProfile -Command [Console]::OutputEncoding = [System.Text.Encoding]::UTF8; Get-WmiObject Win32_PnPSignedDriver | Where-Object { $_.DeviceID -and $_.DriverVersion } | Select-Object DeviceID, DriverVersion, DriverDate, DriverProviderName, InfName | ConvertTo-Json -Compress
2026-08-25 17:20:50 [DEBUG] [task-rebind] [CMD] OK (2.0s)
2026-08-25 17:20:50 [DEBUG] [task-rebind] [CMD] stdout: [{"DeviceID":"SWD\\PRINTENUM\\{8B82CBFE-FB5C-450A-84E3-F7591FFBC6F1}","DriverVersion":"10.0.19041.1","DriverDate":"20060621000000.******+***","DriverProviderName":"Microsoft","InfName":"printqueue.inf"},{"DeviceID":"SWD\\PRINTENUM\\{D04F27B3-CB9C-426F-A1CA-1D81DB1D34C8}","DriverVersion":"10.0.19041.1","DriverDate":"20060621000000.******+***","DriverProviderName":"Microsoft","InfName":"printqueue.inf"},{"DeviceID":"SWD\\PRINTENUM\\{C4A8C922-C486-40BB-BC60-CC480DD22CC8}","DriverVersion":"10.0.19041.1","DriverDate":"20060621000000.******+***","DriverProviderName":"Microsoft","InfName":"printqueue.inf"},{"DeviceID":"SWD\\PRINTENUM\\{C1C10521-AA32-4491-BE4D-F5E6E7927369}","DriverVersion":"10.0.19041.1","DriverDate":"20060621000000.******+***","DriverProviderName":"Microsoft","InfName":"printqueue.inf"},{"DeviceID":"SWD\\PRINTENUM\\{115C2850-D19A-4E5F-B8F4-3A74F0FFFD4F}","DriverVersion":"10.0.19041.1","DriverDate":"20060621000000.******+***","DriverProviderName":"Microsoft","InfName":"printqueue.inf"},{"DeviceID":"SWD\\PRINTENUM\\{49305D13-835A-448E-BB53-6BFC07E5EB08}","DriverVersion":"10.0.19041.1","DriverDate":"20060621000000.******+***","DriverProviderName":"Microsoft","InfName":"printqueue.inf"},{"DeviceID":"SWD\\PRINTENUM\\{A5856CD5-01F0-4301-AB7C-064B52928E14}","DriverVersion":"10.0.19041.1","DriverDate":"20060621000000.******+***","DriverProviderName":"Microsoft","InfName":"printqueue.inf"},{"DeviceID":"SWD\\PRINTENUM\\PRINTQUEUES","DriverVersion":"10.0.19041.1","DriverDate":"20060621000000.******+***","DriverProviderName":"Microsoft","InfName":"printqueue.inf"},{"DeviceID":"SWD\\MSRRAS\\MS_NDISWANBH","DriverVersion":"10.0.19041.1","DriverDate":"20060621000000.******+***","DriverProviderName":"Microsoft","InfName":"netrasa.inf"},{"DeviceID":"SWD\\MSRRAS\\MS_NDISWANIPV6","DriverVersion":"10.0.19041.1","DriverDate":"20060621000000.******+***","DriverProviderName":"Microsoft","InfName":"netrasa.inf"},{"DeviceID":"SWD\\MSRRAS\\MS_NDISWANIP","DriverVersion":"10.0.19041.1","DriverDate":"20060621000000.******+***","DriverProviderName":"Microsoft","InfName":"netrasa.inf"},{"DeviceID":"SWD\\MSRRAS\\MS_PPPOEMINIPORT","DriverVersion":"10.0.19041.1","DriverDate":"20060621000000.******+***","DriverProviderName":"Microsoft","InfName":"netrasa.inf"},{"DeviceID":"SWD\\MSRRAS\\MS_PPTPMINIPORT","DriverVersion":"10.0.19041.1","DriverDate":"20060621000000.******+***","DriverProviderName":"Microsoft","InfName":"netrasa.inf"},{"DeviceID":"SWD\\MSRRAS\\MS_L2TPMINIPORT","DriverVersion":"10.0.19041.1","DriverDate":"20060621000000.******+***","DriverProviderName":"Microsoft","InfName":"netrasa.inf"},{"DeviceID":"SWD\\MSRRAS\\MS_AGILEVPNMINIPORT","DriverVersion":"10.0.19041.1","DriverDate":"20060621000000.******+***","DriverProviderName":"Microsoft","InfName":"netavpna.inf"},{"DeviceID":"SWD\\MSRRAS\\MS_SSTPMINIPORT","DriverVersion":"10.0.19041.1","DriverDate":"20060621000000.******+***","DriverProviderName":"Microsoft","InfName":"netsstpa.inf"},{"DeviceID":"SWD\\MSRRAS\\{5E259276-BC7E-40E3-B93B-8F89B5F3ABC0}","DriverVersion":"10.0.19041.1","DriverDate":"20060621000000.******+***","DriverProviderName":"Microsoft","InfName":"c_swdevice.inf"},{"DeviceID":"SWD\\MMDEVAPI\\MICROSOFTGSWAVETABLESYNTH","DriverVersion":"10.0.19041.1","DriverDate":"20060621000000.******+***","DriverProviderName":"Microsoft","InfName":"c_swdevice.inf"},{"DeviceID":"SWD\\RADIO\\{DE38D9E2-5164-45E8-8E9F-6CE2E3AAF664}","DriverVersion":"10.0.19041.1","DriverDate":"20060621000000.******+***","DriverProviderName":"Microsoft","InfName":"c_swdevice.inf"},{"DeviceID":"SWD\\RADIO\\{B1665DB6-2CAC-4627-A386-7CAA22413BD2}","DriverVersion":"10.0.19041.1","DriverDate":"20060621000000.******+***","DriverProviderName":"Microsoft","InfName":"c_swdevice.inf"},{"DeviceID":"SWD\\RADIO\\BLUETOOTH_24EE9AF8AFEC","DriverVersion":"10.0.19041.1","DriverDate":"20060621000000.******+***","DriverProviderName":"Microsoft","InfName":"c_swdevice.inf"},{"DeviceID":"SWD\\RADIO\\{3DB5895D-CC28-44B3-AD3D-6F01A782B8D... [TRUNCATED]
2026-08-25 17:20:50 [INFO] [task-rebind] [CATALOG] Telepített driver-infó: 192 eszköz
2026-08-25 17:20:50 [DEBUG] [task-rebind] [CALL] DriverToolApi._get_installed_driver_info -> {'SWD\\PRINTENUM\\{8B82CBFE-FB5C-450A-84E3-F7591FFBC6F1}': {'version': '10.0.19041.1', 'date': '2006-06-21', 'provider': 'Microsoft', 'inf': 'printqueue.inf'}, 'SWD\\PRINTENUM\\{D04F27B3-CB9C-426F-A1CA-1D81DB1D34C8}': {'version': '10.0.19041.1', 'date': '2006-06-21', 'provider': 'Microsoft', 'inf': ...[+27156 kar.] (2.02s)
2026-08-25 17:20:50 [DEBUG] [task-rebind] [CALL] DriverToolApi._device_on_vendor_driver -> False (2.02s)
2026-08-25 17:20:50 [WARNING] [task-rebind] [REBIND] Örökölt eszköz: eltávolítva, a kötés ÚJRAINDÍTÁS után épül fel.
2026-08-25 17:20:50 [DEBUG] [task-rebind] [CALL] DriverToolApi._rebind_device -> 'needs_reboot' (8.80s)
2026-08-25 17:20:50 [INFO] [task-rebind] [EMIT:task_progress] 🔄 Eltávolítva - a Windows az ÚJRAINDÍTÁS után deríti fel újra (ez a lemez visszadugásának megfelelője).
2026-08-25 17:20:50 [INFO] [task-rebind] [EMIT:task_progress] (12/21) High Definition Audio hangvezérlő
   most: hdaudbus.inf (Microsoft) → gyári: hdbusext.inf
2026-08-25 17:20:50 [DEBUG] [task-rebind] [CALL] DriverToolApi._rebind_device('PCI\\VEN_8086&DEV_9D71&SUBSYS_225A17AA&REV_21\\3&11583659&0&FB', 'C:\\Windows\\System32\\DriverStore\\FileRepository\\hdbusext.inf_amd64_971ad2134ef0d908\\hdbusext.inf', 'High Definition Audio hangvezérlő', 'System', 'rebind')
2026-08-25 17:20:50 [INFO] [task-rebind] [REBIND] 1. lépés - újratelepítés: High Definition Audio hangvezérlő <- C:\Windows\System32\DriverStore\FileRepository\hdbusext.inf_amd64_971ad2134ef0d908\hdbusext.inf
2026-08-25 17:20:50 [DEBUG] [task-rebind] [CMD] Futtatás: pnputil /add-driver C:\Windows\System32\DriverStore\FileRepository\hdbusext.inf_amd64_971ad2134ef0d908\hdbusext.inf /install
2026-08-25 17:20:50 [DEBUG] [task-rebind] [CMD] OK (0.2s)
2026-08-25 17:20:50 [DEBUG] [task-rebind] [CMD] stdout: Microsoft PnP Utility

Adding driver package:  hdbusext.inf
Driver package added successfully. (Already exists in the system)
Published Name:         oem34.inf
Driver package installed on device: PCI\VEN_8086&DEV_9D71&SUBSYS_07A71028&REV_21\3&11583659&0&FB
Driver package installed on device: PCI\VEN_8086&DEV_9D71&SUBSYS_07A61028&REV_21\3&11583659&0&FB
Driver package installed on device: PCI\VEN_8086&DEV_9D71&SUBSYS_07941028&REV_21\3&11583659&0&FB
Driver package installed on device: PCI\VEN_8086&DEV_9D71&SUBSYS_082A1028&REV_21\3&11583659&0&FB
Driver package is up-to-date on device: PCI\VEN_8086&DEV_9D71&SUBSYS_225A17AA&REV_21\3&11583659&0&FB
Driver package installed on device: PCI\VEN_8086&DEV_9D71&SUBSYS_08161028&REV_21\3&11583659&0&FB
Driver package installed on device: PCI\VEN_8086&DEV_9DC8&SUBSYS_08E11028&REV_30\3&11583659&0&FB
Driver package installed on device: PCI\VEN_8086&DEV_9DC8&SUBSYS_507217AA&REV_30\3&11583659&0&FB
Driver package installed on device: PCI\VEN_8086&DEV_A2F0&SUBSYS_9B491462&REV_00\3&11583659&0&FB
Driver package installed on device: PCI\VEN_8086&DEV_9DC8&SUBSYS_08B81028&REV_30\3&11583659&0&FB
Driver package installed on device: PCI\VEN_8086&DEV_A171&SUBSYS_07D01028&REV_31\3&11583659&0&FB

Total driver packages:  1
Added driver packages:  1
2026-08-25 17:20:50 [DEBUG] [task-rebind] [CMD] Futtatás: pnputil /scan-devices
2026-08-25 17:20:52 [DEBUG] [task-rebind] [CMD] OK (1.6s)
2026-08-25 17:20:52 [DEBUG] [task-rebind] [CMD] stdout: Microsoft PnP Utility

Scanning for device hardware changes.
Scan complete.
2026-08-25 17:20:52 [DEBUG] [task-rebind] [CALL] DriverToolApi._device_on_vendor_driver('PCI\\VEN_8086&DEV_9D71&SUBSYS_225A17AA&REV_21\\3&11583659&0&FB')
2026-08-25 17:20:52 [DEBUG] [task-rebind] [CALL] DriverToolApi._get_installed_driver_info()
2026-08-25 17:20:52 [DEBUG] [task-rebind] [CMD] Futtatás: powershell -NoProfile -Command [Console]::OutputEncoding = [System.Text.Encoding]::UTF8; Get-WmiObject Win32_PnPSignedDriver | Where-Object { $_.DeviceID -and $_.DriverVersion } | Select-Object DeviceID, DriverVersion, DriverDate, DriverProviderName, InfName | ConvertTo-Json -Compress
2026-08-25 17:20:53 [DEBUG] [task-rebind] [CMD] OK (1.5s)
2026-08-25 17:20:53 [DEBUG] [task-rebind] [CMD] stdout: [{"DeviceID":"SWD\\PRINTENUM\\{8B82CBFE-FB5C-450A-84E3-F7591FFBC6F1}","DriverVersion":"10.0.19041.1","DriverDate":"20060621000000.******+***","DriverProviderName":"Microsoft","InfName":"printqueue.inf"},{"DeviceID":"SWD\\PRINTENUM\\{D04F27B3-CB9C-426F-A1CA-1D81DB1D34C8}","DriverVersion":"10.0.19041.1","DriverDate":"20060621000000.******+***","DriverProviderName":"Microsoft","InfName":"printqueue.inf"},{"DeviceID":"SWD\\PRINTENUM\\{C4A8C922-C486-40BB-BC60-CC480DD22CC8}","DriverVersion":"10.0.19041.1","DriverDate":"20060621000000.******+***","DriverProviderName":"Microsoft","InfName":"printqueue.inf"},{"DeviceID":"SWD\\PRINTENUM\\{C1C10521-AA32-4491-BE4D-F5E6E7927369}","DriverVersion":"10.0.19041.1","DriverDate":"20060621000000.******+***","DriverProviderName":"Microsoft","InfName":"printqueue.inf"},{"DeviceID":"SWD\\PRINTENUM\\{115C2850-D19A-4E5F-B8F4-3A74F0FFFD4F}","DriverVersion":"10.0.19041.1","DriverDate":"20060621000000.******+***","DriverProviderName":"Microsoft","InfName":"printqueue.inf"},{"DeviceID":"SWD\\PRINTENUM\\{49305D13-835A-448E-BB53-6BFC07E5EB08}","DriverVersion":"10.0.19041.1","DriverDate":"20060621000000.******+***","DriverProviderName":"Microsoft","InfName":"printqueue.inf"},{"DeviceID":"SWD\\PRINTENUM\\{A5856CD5-01F0-4301-AB7C-064B52928E14}","DriverVersion":"10.0.19041.1","DriverDate":"20060621000000.******+***","DriverProviderName":"Microsoft","InfName":"printqueue.inf"},{"DeviceID":"SWD\\PRINTENUM\\PRINTQUEUES","DriverVersion":"10.0.19041.1","DriverDate":"20060621000000.******+***","DriverProviderName":"Microsoft","InfName":"printqueue.inf"},{"DeviceID":"SWD\\MSRRAS\\MS_NDISWANBH","DriverVersion":"10.0.19041.1","DriverDate":"20060621000000.******+***","DriverProviderName":"Microsoft","InfName":"netrasa.inf"},{"DeviceID":"SWD\\MSRRAS\\MS_NDISWANIPV6","DriverVersion":"10.0.19041.1","DriverDate":"20060621000000.******+***","DriverProviderName":"Microsoft","InfName":"netrasa.inf"},{"DeviceID":"SWD\\MSRRAS\\MS_NDISWANIP","DriverVersion":"10.0.19041.1","DriverDate":"20060621000000.******+***","DriverProviderName":"Microsoft","InfName":"netrasa.inf"},{"DeviceID":"SWD\\MSRRAS\\MS_PPPOEMINIPORT","DriverVersion":"10.0.19041.1","DriverDate":"20060621000000.******+***","DriverProviderName":"Microsoft","InfName":"netrasa.inf"},{"DeviceID":"SWD\\MSRRAS\\MS_PPTPMINIPORT","DriverVersion":"10.0.19041.1","DriverDate":"20060621000000.******+***","DriverProviderName":"Microsoft","InfName":"netrasa.inf"},{"DeviceID":"SWD\\MSRRAS\\MS_L2TPMINIPORT","DriverVersion":"10.0.19041.1","DriverDate":"20060621000000.******+***","DriverProviderName":"Microsoft","InfName":"netrasa.inf"},{"DeviceID":"SWD\\MSRRAS\\MS_AGILEVPNMINIPORT","DriverVersion":"10.0.19041.1","DriverDate":"20060621000000.******+***","DriverProviderName":"Microsoft","InfName":"netavpna.inf"},{"DeviceID":"SWD\\MSRRAS\\MS_SSTPMINIPORT","DriverVersion":"10.0.19041.1","DriverDate":"20060621000000.******+***","DriverProviderName":"Microsoft","InfName":"netsstpa.inf"},{"DeviceID":"SWD\\MSRRAS\\{5E259276-BC7E-40E3-B93B-8F89B5F3ABC0}","DriverVersion":"10.0.19041.1","DriverDate":"20060621000000.******+***","DriverProviderName":"Microsoft","InfName":"c_swdevice.inf"},{"DeviceID":"SWD\\MMDEVAPI\\MICROSOFTGSWAVETABLESYNTH","DriverVersion":"10.0.19041.1","DriverDate":"20060621000000.******+***","DriverProviderName":"Microsoft","InfName":"c_swdevice.inf"},{"DeviceID":"SWD\\RADIO\\{DE38D9E2-5164-45E8-8E9F-6CE2E3AAF664}","DriverVersion":"10.0.19041.1","DriverDate":"20060621000000.******+***","DriverProviderName":"Microsoft","InfName":"c_swdevice.inf"},{"DeviceID":"SWD\\RADIO\\{B1665DB6-2CAC-4627-A386-7CAA22413BD2}","DriverVersion":"10.0.19041.1","DriverDate":"20060621000000.******+***","DriverProviderName":"Microsoft","InfName":"c_swdevice.inf"},{"DeviceID":"SWD\\RADIO\\BLUETOOTH_24EE9AF8AFEC","DriverVersion":"10.0.19041.1","DriverDate":"20060621000000.******+***","DriverProviderName":"Microsoft","InfName":"c_swdevice.inf"},{"DeviceID":"SWD\\RADIO\\{3DB5895D-CC28-44B3-AD3D-6F01A782B8D... [TRUNCATED]
2026-08-25 17:20:53 [INFO] [task-rebind] [CATALOG] Telepített driver-infó: 192 eszköz
2026-08-25 17:20:53 [DEBUG] [task-rebind] [CALL] DriverToolApi._get_installed_driver_info -> {'SWD\\PRINTENUM\\{8B82CBFE-FB5C-450A-84E3-F7591FFBC6F1}': {'version': '10.0.19041.1', 'date': '2006-06-21', 'provider': 'Microsoft', 'inf': 'printqueue.inf'}, 'SWD\\PRINTENUM\\{D04F27B3-CB9C-426F-A1CA-1D81DB1D34C8}': {'version': '10.0.19041.1', 'date': '2006-06-21', 'provider': 'Microsoft', 'inf': ...[+27156 kar.] (1.50s)
2026-08-25 17:20:53 [DEBUG] [task-rebind] [CALL] DriverToolApi._device_on_vendor_driver -> False (1.50s)
2026-08-25 17:20:53 [WARNING] [task-rebind] [REBIND] 2. lépés - a csomópont eltávolítása: High Definition Audio hangvezérlő [PCI\VEN_8086&DEV_9D71&SUBSYS_225A17AA&REV_21\3&11583659&0&FB]
2026-08-25 17:20:53 [INFO] [task-rebind] [EMIT:task_progress] 🔄 High Definition Audio hangvezérlő: eszköz eltávolítása, hogy a Windows újra felderítse...
2026-08-25 17:20:53 [DEBUG] [task-rebind] [CMD] Futtatás: pnputil /remove-device PCI\VEN_8086&DEV_9D71&SUBSYS_225A17AA&REV_21\3&11583659&0&FB
2026-08-25 17:20:54 [DEBUG] [task-rebind] [CMD] OK (1.2s)
2026-08-25 17:20:54 [DEBUG] [task-rebind] [CMD] stdout: Microsoft PnP Utility

Removing device:          PCI\VEN_8086&DEV_9D71&SUBSYS_225A17AA&REV_21\3&11583659&0&FB
Device removed successfully.
2026-08-25 17:20:54 [DEBUG] [task-rebind] [CMD] Futtatás: pnputil /scan-devices
2026-08-25 17:20:56 [DEBUG] [task-rebind] [CMD] OK (1.1s)
2026-08-25 17:20:56 [DEBUG] [task-rebind] [CMD] stdout: Microsoft PnP Utility

Scanning for device hardware changes.
Scan complete.
2026-08-25 17:21:01 [DEBUG] [task-rebind] [CALL] DriverToolApi._device_on_vendor_driver('PCI\\VEN_8086&DEV_9D71&SUBSYS_225A17AA&REV_21\\3&11583659&0&FB')
2026-08-25 17:21:01 [DEBUG] [task-rebind] [CALL] DriverToolApi._get_installed_driver_info()
2026-08-25 17:21:01 [DEBUG] [task-rebind] [CMD] Futtatás: powershell -NoProfile -Command [Console]::OutputEncoding = [System.Text.Encoding]::UTF8; Get-WmiObject Win32_PnPSignedDriver | Where-Object { $_.DeviceID -and $_.DriverVersion } | Select-Object DeviceID, DriverVersion, DriverDate, DriverProviderName, InfName | ConvertTo-Json -Compress
2026-08-25 17:21:03 [DEBUG] [task-rebind] [CMD] OK (2.0s)
2026-08-25 17:21:03 [DEBUG] [task-rebind] [CMD] stdout: [{"DeviceID":"SWD\\PRINTENUM\\{8B82CBFE-FB5C-450A-84E3-F7591FFBC6F1}","DriverVersion":"10.0.19041.1","DriverDate":"20060621000000.******+***","DriverProviderName":"Microsoft","InfName":"printqueue.inf"},{"DeviceID":"SWD\\PRINTENUM\\{D04F27B3-CB9C-426F-A1CA-1D81DB1D34C8}","DriverVersion":"10.0.19041.1","DriverDate":"20060621000000.******+***","DriverProviderName":"Microsoft","InfName":"printqueue.inf"},{"DeviceID":"SWD\\PRINTENUM\\{C4A8C922-C486-40BB-BC60-CC480DD22CC8}","DriverVersion":"10.0.19041.1","DriverDate":"20060621000000.******+***","DriverProviderName":"Microsoft","InfName":"printqueue.inf"},{"DeviceID":"SWD\\PRINTENUM\\{C1C10521-AA32-4491-BE4D-F5E6E7927369}","DriverVersion":"10.0.19041.1","DriverDate":"20060621000000.******+***","DriverProviderName":"Microsoft","InfName":"printqueue.inf"},{"DeviceID":"SWD\\PRINTENUM\\{115C2850-D19A-4E5F-B8F4-3A74F0FFFD4F}","DriverVersion":"10.0.19041.1","DriverDate":"20060621000000.******+***","DriverProviderName":"Microsoft","InfName":"printqueue.inf"},{"DeviceID":"SWD\\PRINTENUM\\{49305D13-835A-448E-BB53-6BFC07E5EB08}","DriverVersion":"10.0.19041.1","DriverDate":"20060621000000.******+***","DriverProviderName":"Microsoft","InfName":"printqueue.inf"},{"DeviceID":"SWD\\PRINTENUM\\{A5856CD5-01F0-4301-AB7C-064B52928E14}","DriverVersion":"10.0.19041.1","DriverDate":"20060621000000.******+***","DriverProviderName":"Microsoft","InfName":"printqueue.inf"},{"DeviceID":"SWD\\PRINTENUM\\PRINTQUEUES","DriverVersion":"10.0.19041.1","DriverDate":"20060621000000.******+***","DriverProviderName":"Microsoft","InfName":"printqueue.inf"},{"DeviceID":"SWD\\MSRRAS\\MS_NDISWANBH","DriverVersion":"10.0.19041.1","DriverDate":"20060621000000.******+***","DriverProviderName":"Microsoft","InfName":"netrasa.inf"},{"DeviceID":"SWD\\MSRRAS\\MS_NDISWANIPV6","DriverVersion":"10.0.19041.1","DriverDate":"20060621000000.******+***","DriverProviderName":"Microsoft","InfName":"netrasa.inf"},{"DeviceID":"SWD\\MSRRAS\\MS_NDISWANIP","DriverVersion":"10.0.19041.1","DriverDate":"20060621000000.******+***","DriverProviderName":"Microsoft","InfName":"netrasa.inf"},{"DeviceID":"SWD\\MSRRAS\\MS_PPPOEMINIPORT","DriverVersion":"10.0.19041.1","DriverDate":"20060621000000.******+***","DriverProviderName":"Microsoft","InfName":"netrasa.inf"},{"DeviceID":"SWD\\MSRRAS\\MS_PPTPMINIPORT","DriverVersion":"10.0.19041.1","DriverDate":"20060621000000.******+***","DriverProviderName":"Microsoft","InfName":"netrasa.inf"},{"DeviceID":"SWD\\MSRRAS\\MS_L2TPMINIPORT","DriverVersion":"10.0.19041.1","DriverDate":"20060621000000.******+***","DriverProviderName":"Microsoft","InfName":"netrasa.inf"},{"DeviceID":"SWD\\MSRRAS\\MS_AGILEVPNMINIPORT","DriverVersion":"10.0.19041.1","DriverDate":"20060621000000.******+***","DriverProviderName":"Microsoft","InfName":"netavpna.inf"},{"DeviceID":"SWD\\MSRRAS\\MS_SSTPMINIPORT","DriverVersion":"10.0.19041.1","DriverDate":"20060621000000.******+***","DriverProviderName":"Microsoft","InfName":"netsstpa.inf"},{"DeviceID":"SWD\\MSRRAS\\{5E259276-BC7E-40E3-B93B-8F89B5F3ABC0}","DriverVersion":"10.0.19041.1","DriverDate":"20060621000000.******+***","DriverProviderName":"Microsoft","InfName":"c_swdevice.inf"},{"DeviceID":"SWD\\MMDEVAPI\\MICROSOFTGSWAVETABLESYNTH","DriverVersion":"10.0.19041.1","DriverDate":"20060621000000.******+***","DriverProviderName":"Microsoft","InfName":"c_swdevice.inf"},{"DeviceID":"SWD\\RADIO\\{DE38D9E2-5164-45E8-8E9F-6CE2E3AAF664}","DriverVersion":"10.0.19041.1","DriverDate":"20060621000000.******+***","DriverProviderName":"Microsoft","InfName":"c_swdevice.inf"},{"DeviceID":"SWD\\RADIO\\{B1665DB6-2CAC-4627-A386-7CAA22413BD2}","DriverVersion":"10.0.19041.1","DriverDate":"20060621000000.******+***","DriverProviderName":"Microsoft","InfName":"c_swdevice.inf"},{"DeviceID":"SWD\\RADIO\\BLUETOOTH_24EE9AF8AFEC","DriverVersion":"10.0.19041.1","DriverDate":"20060621000000.******+***","DriverProviderName":"Microsoft","InfName":"c_swdevice.inf"},{"DeviceID":"SWD\\RADIO\\{3DB5895D-CC28-44B3-AD3D-6F01A782B8D... [TRUNCATED]
2026-08-25 17:21:03 [INFO] [task-rebind] [CATALOG] Telepített driver-infó: 192 eszköz
2026-08-25 17:21:03 [DEBUG] [task-rebind] [CALL] DriverToolApi._get_installed_driver_info -> {'SWD\\PRINTENUM\\{8B82CBFE-FB5C-450A-84E3-F7591FFBC6F1}': {'version': '10.0.19041.1', 'date': '2006-06-21', 'provider': 'Microsoft', 'inf': 'printqueue.inf'}, 'SWD\\PRINTENUM\\{D04F27B3-CB9C-426F-A1CA-1D81DB1D34C8}': {'version': '10.0.19041.1', 'date': '2006-06-21', 'provider': 'Microsoft', 'inf': ...[+27156 kar.] (1.97s)
2026-08-25 17:21:03 [DEBUG] [task-rebind] [CALL] DriverToolApi._device_on_vendor_driver -> False (1.97s)
2026-08-25 17:21:03 [WARNING] [task-rebind] [REBIND] High Definition Audio hangvezérlő: eltávolítva, a kötés ÚJRAINDÍTÁS után épül fel.
2026-08-25 17:21:03 [DEBUG] [task-rebind] [CALL] DriverToolApi._rebind_device -> 'needs_reboot' (12.64s)
2026-08-25 17:21:03 [INFO] [task-rebind] [EMIT:task_progress] 🔄 Eltávolítva - a Windows az ÚJRAINDÍTÁS után deríti fel újra (ez a lemez visszadugásának megfelelője).
2026-08-25 17:21:03 [INFO] [task-rebind] [EMIT:task_progress] (13/21) xHCI-kompatibilis USB-állomásvezérlő
   most: usbxhci.inf (Microsoft) → gyári: appleusbvhci.inf
2026-08-25 17:21:03 [DEBUG] [task-rebind] [CALL] DriverToolApi._rebind_device('PCI\\VEN_8086&DEV_9D2F&SUBSYS_225A17AA&REV_21\\3&11583659&0&A0', 'C:\\Windows\\System32\\DriverStore\\FileRepository\\appleusbvhci.inf_amd64_4a92d20b24eaae32\\appleusbvhci.inf', 'xHCI-kompatibilis USB-állomásvezérlő', 'USB', 'rebind')
2026-08-25 17:21:03 [INFO] [task-rebind] [REBIND] 1. lépés - újratelepítés: xHCI-kompatibilis USB-állomásvezérlő <- C:\Windows\System32\DriverStore\FileRepository\appleusbvhci.inf_amd64_4a92d20b24eaae32\appleusbvhci.inf
2026-08-25 17:21:03 [DEBUG] [task-rebind] [CMD] Futtatás: pnputil /add-driver C:\Windows\System32\DriverStore\FileRepository\appleusbvhci.inf_amd64_4a92d20b24eaae32\appleusbvhci.inf /install
2026-08-25 17:21:03 [DEBUG] [task-rebind] [CMD] OK - várt kód: 259 (0.1s)
2026-08-25 17:21:03 [DEBUG] [task-rebind] [CMD] stdout: Microsoft PnP Utility

Adding driver package:  AppleUSBVHCI.inf
Driver package added successfully. (Already exists in the system)
Published Name:         oem45.inf
Driver package is up-to-date on device: PCI\VEN_8086&DEV_9D2F&SUBSYS_225A17AA&REV_21\3&11583659&0&A0

Total driver packages:  1
Added driver packages:  0
2026-08-25 17:21:03 [DEBUG] [task-rebind] [CMD] Futtatás: pnputil /scan-devices
2026-08-25 17:21:04 [DEBUG] [task-rebind] [CMD] OK (1.0s)
2026-08-25 17:21:04 [DEBUG] [task-rebind] [CMD] stdout: Microsoft PnP Utility

Scanning for device hardware changes.
Scan complete.
2026-08-25 17:21:04 [DEBUG] [task-rebind] [CALL] DriverToolApi._device_on_vendor_driver('PCI\\VEN_8086&DEV_9D2F&SUBSYS_225A17AA&REV_21\\3&11583659&0&A0')
2026-08-25 17:21:04 [DEBUG] [task-rebind] [CALL] DriverToolApi._get_installed_driver_info()
2026-08-25 17:21:04 [DEBUG] [task-rebind] [CMD] Futtatás: powershell -NoProfile -Command [Console]::OutputEncoding = [System.Text.Encoding]::UTF8; Get-WmiObject Win32_PnPSignedDriver | Where-Object { $_.DeviceID -and $_.DriverVersion } | Select-Object DeviceID, DriverVersion, DriverDate, DriverProviderName, InfName | ConvertTo-Json -Compress
2026-08-25 17:21:05 [DEBUG] [task-rebind] [CMD] OK (1.5s)
2026-08-25 17:21:05 [DEBUG] [task-rebind] [CMD] stdout: [{"DeviceID":"SWD\\PRINTENUM\\{8B82CBFE-FB5C-450A-84E3-F7591FFBC6F1}","DriverVersion":"10.0.19041.1","DriverDate":"20060621000000.******+***","DriverProviderName":"Microsoft","InfName":"printqueue.inf"},{"DeviceID":"SWD\\PRINTENUM\\{D04F27B3-CB9C-426F-A1CA-1D81DB1D34C8}","DriverVersion":"10.0.19041.1","DriverDate":"20060621000000.******+***","DriverProviderName":"Microsoft","InfName":"printqueue.inf"},{"DeviceID":"SWD\\PRINTENUM\\{C4A8C922-C486-40BB-BC60-CC480DD22CC8}","DriverVersion":"10.0.19041.1","DriverDate":"20060621000000.******+***","DriverProviderName":"Microsoft","InfName":"printqueue.inf"},{"DeviceID":"SWD\\PRINTENUM\\{C1C10521-AA32-4491-BE4D-F5E6E7927369}","DriverVersion":"10.0.19041.1","DriverDate":"20060621000000.******+***","DriverProviderName":"Microsoft","InfName":"printqueue.inf"},{"DeviceID":"SWD\\PRINTENUM\\{115C2850-D19A-4E5F-B8F4-3A74F0FFFD4F}","DriverVersion":"10.0.19041.1","DriverDate":"20060621000000.******+***","DriverProviderName":"Microsoft","InfName":"printqueue.inf"},{"DeviceID":"SWD\\PRINTENUM\\{49305D13-835A-448E-BB53-6BFC07E5EB08}","DriverVersion":"10.0.19041.1","DriverDate":"20060621000000.******+***","DriverProviderName":"Microsoft","InfName":"printqueue.inf"},{"DeviceID":"SWD\\PRINTENUM\\{A5856CD5-01F0-4301-AB7C-064B52928E14}","DriverVersion":"10.0.19041.1","DriverDate":"20060621000000.******+***","DriverProviderName":"Microsoft","InfName":"printqueue.inf"},{"DeviceID":"SWD\\PRINTENUM\\PRINTQUEUES","DriverVersion":"10.0.19041.1","DriverDate":"20060621000000.******+***","DriverProviderName":"Microsoft","InfName":"printqueue.inf"},{"DeviceID":"SWD\\MSRRAS\\MS_NDISWANBH","DriverVersion":"10.0.19041.1","DriverDate":"20060621000000.******+***","DriverProviderName":"Microsoft","InfName":"netrasa.inf"},{"DeviceID":"SWD\\MSRRAS\\MS_NDISWANIPV6","DriverVersion":"10.0.19041.1","DriverDate":"20060621000000.******+***","DriverProviderName":"Microsoft","InfName":"netrasa.inf"},{"DeviceID":"SWD\\MSRRAS\\MS_NDISWANIP","DriverVersion":"10.0.19041.1","DriverDate":"20060621000000.******+***","DriverProviderName":"Microsoft","InfName":"netrasa.inf"},{"DeviceID":"SWD\\MSRRAS\\MS_PPPOEMINIPORT","DriverVersion":"10.0.19041.1","DriverDate":"20060621000000.******+***","DriverProviderName":"Microsoft","InfName":"netrasa.inf"},{"DeviceID":"SWD\\MSRRAS\\MS_PPTPMINIPORT","DriverVersion":"10.0.19041.1","DriverDate":"20060621000000.******+***","DriverProviderName":"Microsoft","InfName":"netrasa.inf"},{"DeviceID":"SWD\\MSRRAS\\MS_L2TPMINIPORT","DriverVersion":"10.0.19041.1","DriverDate":"20060621000000.******+***","DriverProviderName":"Microsoft","InfName":"netrasa.inf"},{"DeviceID":"SWD\\MSRRAS\\MS_AGILEVPNMINIPORT","DriverVersion":"10.0.19041.1","DriverDate":"20060621000000.******+***","DriverProviderName":"Microsoft","InfName":"netavpna.inf"},{"DeviceID":"SWD\\MSRRAS\\MS_SSTPMINIPORT","DriverVersion":"10.0.19041.1","DriverDate":"20060621000000.******+***","DriverProviderName":"Microsoft","InfName":"netsstpa.inf"},{"DeviceID":"SWD\\MSRRAS\\{5E259276-BC7E-40E3-B93B-8F89B5F3ABC0}","DriverVersion":"10.0.19041.1","DriverDate":"20060621000000.******+***","DriverProviderName":"Microsoft","InfName":"c_swdevice.inf"},{"DeviceID":"SWD\\MMDEVAPI\\MICROSOFTGSWAVETABLESYNTH","DriverVersion":"10.0.19041.1","DriverDate":"20060621000000.******+***","DriverProviderName":"Microsoft","InfName":"c_swdevice.inf"},{"DeviceID":"SWD\\RADIO\\{DE38D9E2-5164-45E8-8E9F-6CE2E3AAF664}","DriverVersion":"10.0.19041.1","DriverDate":"20060621000000.******+***","DriverProviderName":"Microsoft","InfName":"c_swdevice.inf"},{"DeviceID":"SWD\\RADIO\\{B1665DB6-2CAC-4627-A386-7CAA22413BD2}","DriverVersion":"10.0.19041.1","DriverDate":"20060621000000.******+***","DriverProviderName":"Microsoft","InfName":"c_swdevice.inf"},{"DeviceID":"SWD\\RADIO\\BLUETOOTH_24EE9AF8AFEC","DriverVersion":"10.0.19041.1","DriverDate":"20060621000000.******+***","DriverProviderName":"Microsoft","InfName":"c_swdevice.inf"},{"DeviceID":"SWD\\RADIO\\{3DB5895D-CC28-44B3-AD3D-6F01A782B8D... [TRUNCATED]
2026-08-25 17:21:05 [INFO] [task-rebind] [CATALOG] Telepített driver-infó: 192 eszköz
2026-08-25 17:21:05 [DEBUG] [task-rebind] [CALL] DriverToolApi._get_installed_driver_info -> {'SWD\\PRINTENUM\\{8B82CBFE-FB5C-450A-84E3-F7591FFBC6F1}': {'version': '10.0.19041.1', 'date': '2006-06-21', 'provider': 'Microsoft', 'inf': 'printqueue.inf'}, 'SWD\\PRINTENUM\\{D04F27B3-CB9C-426F-A1CA-1D81DB1D34C8}': {'version': '10.0.19041.1', 'date': '2006-06-21', 'provider': 'Microsoft', 'inf': ...[+27156 kar.] (1.45s)
2026-08-25 17:21:05 [DEBUG] [task-rebind] [CALL] DriverToolApi._device_on_vendor_driver -> False (1.45s)
2026-08-25 17:21:05 [WARNING] [task-rebind] [REBIND] 2. lépés - a csomópont eltávolítása: xHCI-kompatibilis USB-állomásvezérlő [PCI\VEN_8086&DEV_9D2F&SUBSYS_225A17AA&REV_21\3&11583659&0&A0]
2026-08-25 17:21:05 [INFO] [task-rebind] [EMIT:task_progress] 🔄 xHCI-kompatibilis USB-állomásvezérlő: eszköz eltávolítása, hogy a Windows újra felderítse...
2026-08-25 17:21:05 [DEBUG] [task-rebind] [CMD] Futtatás: pnputil /remove-device PCI\VEN_8086&DEV_9D2F&SUBSYS_225A17AA&REV_21\3&11583659&0&A0
2026-08-25 17:21:06 [DEBUG] [task-rebind] [CMD] OK - várt kód: 3010 (0.4s)
2026-08-25 17:21:06 [DEBUG] [task-rebind] [CMD] stdout: Microsoft PnP Utility

Removing device:          PCI\VEN_8086&DEV_9D2F&SUBSYS_225A17AA&REV_21\3&11583659&0&A0
System reboot is needed to complete configuration operations!
2026-08-25 17:21:06 [DEBUG] [task-rebind] [CMD] Futtatás: pnputil /scan-devices
2026-08-25 17:21:06 [DEBUG] [task-rebind] [CMD] OK (0.4s)
2026-08-25 17:21:06 [DEBUG] [task-rebind] [CMD] stdout: Microsoft PnP Utility

Scanning for device hardware changes.
Scan complete.
2026-08-25 17:21:11 [DEBUG] [task-rebind] [CALL] DriverToolApi._device_on_vendor_driver('PCI\\VEN_8086&DEV_9D2F&SUBSYS_225A17AA&REV_21\\3&11583659&0&A0')
2026-08-25 17:21:11 [DEBUG] [task-rebind] [CALL] DriverToolApi._get_installed_driver_info()
2026-08-25 17:21:11 [DEBUG] [task-rebind] [CMD] Futtatás: powershell -NoProfile -Command [Console]::OutputEncoding = [System.Text.Encoding]::UTF8; Get-WmiObject Win32_PnPSignedDriver | Where-Object { $_.DeviceID -and $_.DriverVersion } | Select-Object DeviceID, DriverVersion, DriverDate, DriverProviderName, InfName | ConvertTo-Json -Compress
2026-08-25 17:21:13 [DEBUG] [task-rebind] [CMD] OK (2.0s)
2026-08-25 17:21:13 [DEBUG] [task-rebind] [CMD] stdout: [{"DeviceID":"SWD\\PRINTENUM\\{8B82CBFE-FB5C-450A-84E3-F7591FFBC6F1}","DriverVersion":"10.0.19041.1","DriverDate":"20060621000000.******+***","DriverProviderName":"Microsoft","InfName":"printqueue.inf"},{"DeviceID":"SWD\\PRINTENUM\\{D04F27B3-CB9C-426F-A1CA-1D81DB1D34C8}","DriverVersion":"10.0.19041.1","DriverDate":"20060621000000.******+***","DriverProviderName":"Microsoft","InfName":"printqueue.inf"},{"DeviceID":"SWD\\PRINTENUM\\{C4A8C922-C486-40BB-BC60-CC480DD22CC8}","DriverVersion":"10.0.19041.1","DriverDate":"20060621000000.******+***","DriverProviderName":"Microsoft","InfName":"printqueue.inf"},{"DeviceID":"SWD\\PRINTENUM\\{C1C10521-AA32-4491-BE4D-F5E6E7927369}","DriverVersion":"10.0.19041.1","DriverDate":"20060621000000.******+***","DriverProviderName":"Microsoft","InfName":"printqueue.inf"},{"DeviceID":"SWD\\PRINTENUM\\{115C2850-D19A-4E5F-B8F4-3A74F0FFFD4F}","DriverVersion":"10.0.19041.1","DriverDate":"20060621000000.******+***","DriverProviderName":"Microsoft","InfName":"printqueue.inf"},{"DeviceID":"SWD\\PRINTENUM\\{49305D13-835A-448E-BB53-6BFC07E5EB08}","DriverVersion":"10.0.19041.1","DriverDate":"20060621000000.******+***","DriverProviderName":"Microsoft","InfName":"printqueue.inf"},{"DeviceID":"SWD\\PRINTENUM\\{A5856CD5-01F0-4301-AB7C-064B52928E14}","DriverVersion":"10.0.19041.1","DriverDate":"20060621000000.******+***","DriverProviderName":"Microsoft","InfName":"printqueue.inf"},{"DeviceID":"SWD\\PRINTENUM\\PRINTQUEUES","DriverVersion":"10.0.19041.1","DriverDate":"20060621000000.******+***","DriverProviderName":"Microsoft","InfName":"printqueue.inf"},{"DeviceID":"SWD\\MSRRAS\\MS_NDISWANBH","DriverVersion":"10.0.19041.1","DriverDate":"20060621000000.******+***","DriverProviderName":"Microsoft","InfName":"netrasa.inf"},{"DeviceID":"SWD\\MSRRAS\\MS_NDISWANIPV6","DriverVersion":"10.0.19041.1","DriverDate":"20060621000000.******+***","DriverProviderName":"Microsoft","InfName":"netrasa.inf"},{"DeviceID":"SWD\\MSRRAS\\MS_NDISWANIP","DriverVersion":"10.0.19041.1","DriverDate":"20060621000000.******+***","DriverProviderName":"Microsoft","InfName":"netrasa.inf"},{"DeviceID":"SWD\\MSRRAS\\MS_PPPOEMINIPORT","DriverVersion":"10.0.19041.1","DriverDate":"20060621000000.******+***","DriverProviderName":"Microsoft","InfName":"netrasa.inf"},{"DeviceID":"SWD\\MSRRAS\\MS_PPTPMINIPORT","DriverVersion":"10.0.19041.1","DriverDate":"20060621000000.******+***","DriverProviderName":"Microsoft","InfName":"netrasa.inf"},{"DeviceID":"SWD\\MSRRAS\\MS_L2TPMINIPORT","DriverVersion":"10.0.19041.1","DriverDate":"20060621000000.******+***","DriverProviderName":"Microsoft","InfName":"netrasa.inf"},{"DeviceID":"SWD\\MSRRAS\\MS_AGILEVPNMINIPORT","DriverVersion":"10.0.19041.1","DriverDate":"20060621000000.******+***","DriverProviderName":"Microsoft","InfName":"netavpna.inf"},{"DeviceID":"SWD\\MSRRAS\\MS_SSTPMINIPORT","DriverVersion":"10.0.19041.1","DriverDate":"20060621000000.******+***","DriverProviderName":"Microsoft","InfName":"netsstpa.inf"},{"DeviceID":"SWD\\MSRRAS\\{5E259276-BC7E-40E3-B93B-8F89B5F3ABC0}","DriverVersion":"10.0.19041.1","DriverDate":"20060621000000.******+***","DriverProviderName":"Microsoft","InfName":"c_swdevice.inf"},{"DeviceID":"SWD\\MMDEVAPI\\MICROSOFTGSWAVETABLESYNTH","DriverVersion":"10.0.19041.1","DriverDate":"20060621000000.******+***","DriverProviderName":"Microsoft","InfName":"c_swdevice.inf"},{"DeviceID":"SWD\\RADIO\\{DE38D9E2-5164-45E8-8E9F-6CE2E3AAF664}","DriverVersion":"10.0.19041.1","DriverDate":"20060621000000.******+***","DriverProviderName":"Microsoft","InfName":"c_swdevice.inf"},{"DeviceID":"SWD\\RADIO\\{B1665DB6-2CAC-4627-A386-7CAA22413BD2}","DriverVersion":"10.0.19041.1","DriverDate":"20060621000000.******+***","DriverProviderName":"Microsoft","InfName":"c_swdevice.inf"},{"DeviceID":"SWD\\RADIO\\BLUETOOTH_24EE9AF8AFEC","DriverVersion":"10.0.19041.1","DriverDate":"20060621000000.******+***","DriverProviderName":"Microsoft","InfName":"c_swdevice.inf"},{"DeviceID":"SWD\\RADIO\\{3DB5895D-CC28-44B3-AD3D-6F01A782B8D... [TRUNCATED]
2026-08-25 17:21:13 [INFO] [task-rebind] [CATALOG] Telepített driver-infó: 192 eszköz
2026-08-25 17:21:13 [DEBUG] [task-rebind] [CALL] DriverToolApi._get_installed_driver_info -> {'SWD\\PRINTENUM\\{8B82CBFE-FB5C-450A-84E3-F7591FFBC6F1}': {'version': '10.0.19041.1', 'date': '2006-06-21', 'provider': 'Microsoft', 'inf': 'printqueue.inf'}, 'SWD\\PRINTENUM\\{D04F27B3-CB9C-426F-A1CA-1D81DB1D34C8}': {'version': '10.0.19041.1', 'date': '2006-06-21', 'provider': 'Microsoft', 'inf': ...[+27156 kar.] (1.98s)
2026-08-25 17:21:13 [DEBUG] [task-rebind] [CALL] DriverToolApi._device_on_vendor_driver -> False (1.98s)
2026-08-25 17:21:13 [WARNING] [task-rebind] [REBIND] xHCI-kompatibilis USB-állomásvezérlő: eltávolítva, a kötés ÚJRAINDÍTÁS után épül fel.
2026-08-25 17:21:13 [DEBUG] [task-rebind] [CALL] DriverToolApi._rebind_device -> 'needs_reboot' (10.45s)
2026-08-25 17:21:13 [INFO] [task-rebind] [EMIT:task_progress] 🔄 Eltávolítva - a Windows az ÚJRAINDÍTÁS után deríti fel újra (ez a lemez visszadugásának megfelelője).
2026-08-25 17:21:13 [INFO] [task-rebind] [EMIT:task_progress] (14/21) ACPI-beépített lehetőség gombja
   most: machine.inf (Microsoft) → gyári: (a Windows választ)
2026-08-25 17:21:13 [DEBUG] [task-rebind] [CALL] DriverToolApi._rebind_device('ACPI\\FIXEDBUTTON\\2&DABA3FF&0', None, 'ACPI-beépített lehetőség gombja', 'System', 'rebind')
2026-08-25 17:21:13 [WARNING] [task-rebind] [REBIND] 2. lépés - a csomópont eltávolítása: ACPI-beépített lehetőség gombja [ACPI\FIXEDBUTTON\2&DABA3FF&0]
2026-08-25 17:21:13 [INFO] [task-rebind] [EMIT:task_progress] 🔄 ACPI-beépített lehetőség gombja: eszköz eltávolítása, hogy a Windows újra felderítse...
2026-08-25 17:21:13 [DEBUG] [task-rebind] [CMD] Futtatás: pnputil /remove-device ACPI\FIXEDBUTTON\2&DABA3FF&0
2026-08-25 17:21:13 [DEBUG] [task-rebind] [CMD] OK - várt kód: 3010 (0.1s)
2026-08-25 17:21:13 [DEBUG] [task-rebind] [CMD] stdout: Microsoft PnP Utility

Removing device:          ACPI\FIXEDBUTTON\2&DABA3FF&0
System reboot is needed to complete configuration operations!
2026-08-25 17:21:13 [DEBUG] [task-rebind] [CMD] Futtatás: pnputil /scan-devices
2026-08-25 17:21:14 [DEBUG] [task-rebind] [CMD] OK (1.0s)
2026-08-25 17:21:14 [DEBUG] [task-rebind] [CMD] stdout: Microsoft PnP Utility

Scanning for device hardware changes.
Scan complete.
2026-08-25 17:21:19 [DEBUG] [task-rebind] [CALL] DriverToolApi._device_on_vendor_driver('ACPI\\FIXEDBUTTON\\2&DABA3FF&0')
2026-08-25 17:21:19 [DEBUG] [task-rebind] [CALL] DriverToolApi._get_installed_driver_info()
2026-08-25 17:21:19 [DEBUG] [task-rebind] [CMD] Futtatás: powershell -NoProfile -Command [Console]::OutputEncoding = [System.Text.Encoding]::UTF8; Get-WmiObject Win32_PnPSignedDriver | Where-Object { $_.DeviceID -and $_.DriverVersion } | Select-Object DeviceID, DriverVersion, DriverDate, DriverProviderName, InfName | ConvertTo-Json -Compress
2026-08-25 17:21:21 [DEBUG] [task-rebind] [CMD] OK (2.0s)
2026-08-25 17:21:21 [DEBUG] [task-rebind] [CMD] stdout: [{"DeviceID":"SWD\\PRINTENUM\\{8B82CBFE-FB5C-450A-84E3-F7591FFBC6F1}","DriverVersion":"10.0.19041.1","DriverDate":"20060621000000.******+***","DriverProviderName":"Microsoft","InfName":"printqueue.inf"},{"DeviceID":"SWD\\PRINTENUM\\{D04F27B3-CB9C-426F-A1CA-1D81DB1D34C8}","DriverVersion":"10.0.19041.1","DriverDate":"20060621000000.******+***","DriverProviderName":"Microsoft","InfName":"printqueue.inf"},{"DeviceID":"SWD\\PRINTENUM\\{C4A8C922-C486-40BB-BC60-CC480DD22CC8}","DriverVersion":"10.0.19041.1","DriverDate":"20060621000000.******+***","DriverProviderName":"Microsoft","InfName":"printqueue.inf"},{"DeviceID":"SWD\\PRINTENUM\\{C1C10521-AA32-4491-BE4D-F5E6E7927369}","DriverVersion":"10.0.19041.1","DriverDate":"20060621000000.******+***","DriverProviderName":"Microsoft","InfName":"printqueue.inf"},{"DeviceID":"SWD\\PRINTENUM\\{115C2850-D19A-4E5F-B8F4-3A74F0FFFD4F}","DriverVersion":"10.0.19041.1","DriverDate":"20060621000000.******+***","DriverProviderName":"Microsoft","InfName":"printqueue.inf"},{"DeviceID":"SWD\\PRINTENUM\\{49305D13-835A-448E-BB53-6BFC07E5EB08}","DriverVersion":"10.0.19041.1","DriverDate":"20060621000000.******+***","DriverProviderName":"Microsoft","InfName":"printqueue.inf"},{"DeviceID":"SWD\\PRINTENUM\\{A5856CD5-01F0-4301-AB7C-064B52928E14}","DriverVersion":"10.0.19041.1","DriverDate":"20060621000000.******+***","DriverProviderName":"Microsoft","InfName":"printqueue.inf"},{"DeviceID":"SWD\\PRINTENUM\\PRINTQUEUES","DriverVersion":"10.0.19041.1","DriverDate":"20060621000000.******+***","DriverProviderName":"Microsoft","InfName":"printqueue.inf"},{"DeviceID":"SWD\\MSRRAS\\MS_NDISWANBH","DriverVersion":"10.0.19041.1","DriverDate":"20060621000000.******+***","DriverProviderName":"Microsoft","InfName":"netrasa.inf"},{"DeviceID":"SWD\\MSRRAS\\MS_NDISWANIPV6","DriverVersion":"10.0.19041.1","DriverDate":"20060621000000.******+***","DriverProviderName":"Microsoft","InfName":"netrasa.inf"},{"DeviceID":"SWD\\MSRRAS\\MS_NDISWANIP","DriverVersion":"10.0.19041.1","DriverDate":"20060621000000.******+***","DriverProviderName":"Microsoft","InfName":"netrasa.inf"},{"DeviceID":"SWD\\MSRRAS\\MS_PPPOEMINIPORT","DriverVersion":"10.0.19041.1","DriverDate":"20060621000000.******+***","DriverProviderName":"Microsoft","InfName":"netrasa.inf"},{"DeviceID":"SWD\\MSRRAS\\MS_PPTPMINIPORT","DriverVersion":"10.0.19041.1","DriverDate":"20060621000000.******+***","DriverProviderName":"Microsoft","InfName":"netrasa.inf"},{"DeviceID":"SWD\\MSRRAS\\MS_L2TPMINIPORT","DriverVersion":"10.0.19041.1","DriverDate":"20060621000000.******+***","DriverProviderName":"Microsoft","InfName":"netrasa.inf"},{"DeviceID":"SWD\\MSRRAS\\MS_AGILEVPNMINIPORT","DriverVersion":"10.0.19041.1","DriverDate":"20060621000000.******+***","DriverProviderName":"Microsoft","InfName":"netavpna.inf"},{"DeviceID":"SWD\\MSRRAS\\MS_SSTPMINIPORT","DriverVersion":"10.0.19041.1","DriverDate":"20060621000000.******+***","DriverProviderName":"Microsoft","InfName":"netsstpa.inf"},{"DeviceID":"SWD\\MSRRAS\\{5E259276-BC7E-40E3-B93B-8F89B5F3ABC0}","DriverVersion":"10.0.19041.1","DriverDate":"20060621000000.******+***","DriverProviderName":"Microsoft","InfName":"c_swdevice.inf"},{"DeviceID":"SWD\\MMDEVAPI\\MICROSOFTGSWAVETABLESYNTH","DriverVersion":"10.0.19041.1","DriverDate":"20060621000000.******+***","DriverProviderName":"Microsoft","InfName":"c_swdevice.inf"},{"DeviceID":"SWD\\RADIO\\{DE38D9E2-5164-45E8-8E9F-6CE2E3AAF664}","DriverVersion":"10.0.19041.1","DriverDate":"20060621000000.******+***","DriverProviderName":"Microsoft","InfName":"c_swdevice.inf"},{"DeviceID":"SWD\\RADIO\\{B1665DB6-2CAC-4627-A386-7CAA22413BD2}","DriverVersion":"10.0.19041.1","DriverDate":"20060621000000.******+***","DriverProviderName":"Microsoft","InfName":"c_swdevice.inf"},{"DeviceID":"SWD\\RADIO\\BLUETOOTH_24EE9AF8AFEC","DriverVersion":"10.0.19041.1","DriverDate":"20060621000000.******+***","DriverProviderName":"Microsoft","InfName":"c_swdevice.inf"},{"DeviceID":"SWD\\RADIO\\{3DB5895D-CC28-44B3-AD3D-6F01A782B8D... [TRUNCATED]
2026-08-25 17:21:21 [INFO] [task-rebind] [CATALOG] Telepített driver-infó: 192 eszköz
2026-08-25 17:21:21 [DEBUG] [task-rebind] [CALL] DriverToolApi._get_installed_driver_info -> {'SWD\\PRINTENUM\\{8B82CBFE-FB5C-450A-84E3-F7591FFBC6F1}': {'version': '10.0.19041.1', 'date': '2006-06-21', 'provider': 'Microsoft', 'inf': 'printqueue.inf'}, 'SWD\\PRINTENUM\\{D04F27B3-CB9C-426F-A1CA-1D81DB1D34C8}': {'version': '10.0.19041.1', 'date': '2006-06-21', 'provider': 'Microsoft', 'inf': ...[+27156 kar.] (2.00s)
2026-08-25 17:21:21 [DEBUG] [task-rebind] [CALL] DriverToolApi._device_on_vendor_driver -> False (2.00s)
2026-08-25 17:21:21 [WARNING] [task-rebind] [REBIND] ACPI-beépített lehetőség gombja: eltávolítva, a kötés ÚJRAINDÍTÁS után épül fel.
2026-08-25 17:21:21 [DEBUG] [task-rebind] [CALL] DriverToolApi._rebind_device -> 'needs_reboot' (8.17s)
2026-08-25 17:21:21 [INFO] [task-rebind] [EMIT:task_progress] 🔄 Eltávolítva - a Windows az ÚJRAINDÍTÁS után deríti fel újra (ez a lemez visszadugásának megfelelője).
2026-08-25 17:21:21 [INFO] [task-rebind] [EMIT:task_progress] (15/21) Platformmegbízhatósági modul 2.0
   most: tpm.inf (Microsoft) → gyári: (a Windows választ)
2026-08-25 17:21:21 [DEBUG] [task-rebind] [CALL] DriverToolApi._rebind_device('ACPI\\STM7320\\2&DABA3FF&0', None, 'Platformmegbízhatósági modul 2.0', 'SecurityDevices', 'rebind')
2026-08-25 17:21:21 [WARNING] [task-rebind] [REBIND] 2. lépés - a csomópont eltávolítása: Platformmegbízhatósági modul 2.0 [ACPI\STM7320\2&DABA3FF&0]
2026-08-25 17:21:21 [INFO] [task-rebind] [EMIT:task_progress] 🔄 Platformmegbízhatósági modul 2.0: eszköz eltávolítása, hogy a Windows újra felderítse...
2026-08-25 17:21:21 [DEBUG] [task-rebind] [CMD] Futtatás: pnputil /remove-device ACPI\STM7320\2&DABA3FF&0
2026-08-25 17:21:21 [DEBUG] [task-rebind] [CMD] OK - várt kód: 3010 (0.1s)
2026-08-25 17:21:21 [DEBUG] [task-rebind] [CMD] stdout: Microsoft PnP Utility

Removing device:          ACPI\STM7320\2&DABA3FF&0
System reboot is needed to complete configuration operations!
2026-08-25 17:21:21 [DEBUG] [task-rebind] [CMD] Futtatás: pnputil /scan-devices
2026-08-25 17:21:23 [DEBUG] [task-rebind] [CMD] OK (1.4s)
2026-08-25 17:21:23 [DEBUG] [task-rebind] [CMD] stdout: Microsoft PnP Utility

Scanning for device hardware changes.
Scan complete.
2026-08-25 17:21:28 [DEBUG] [task-rebind] [CALL] DriverToolApi._device_on_vendor_driver('ACPI\\STM7320\\2&DABA3FF&0')
2026-08-25 17:21:28 [DEBUG] [task-rebind] [CALL] DriverToolApi._get_installed_driver_info()
2026-08-25 17:21:28 [DEBUG] [task-rebind] [CMD] Futtatás: powershell -NoProfile -Command [Console]::OutputEncoding = [System.Text.Encoding]::UTF8; Get-WmiObject Win32_PnPSignedDriver | Where-Object { $_.DeviceID -and $_.DriverVersion } | Select-Object DeviceID, DriverVersion, DriverDate, DriverProviderName, InfName | ConvertTo-Json -Compress
2026-08-25 17:21:30 [DEBUG] [task-rebind] [CMD] OK (2.0s)
2026-08-25 17:21:30 [DEBUG] [task-rebind] [CMD] stdout: [{"DeviceID":"SWD\\PRINTENUM\\{8B82CBFE-FB5C-450A-84E3-F7591FFBC6F1}","DriverVersion":"10.0.19041.1","DriverDate":"20060621000000.******+***","DriverProviderName":"Microsoft","InfName":"printqueue.inf"},{"DeviceID":"SWD\\PRINTENUM\\{D04F27B3-CB9C-426F-A1CA-1D81DB1D34C8}","DriverVersion":"10.0.19041.1","DriverDate":"20060621000000.******+***","DriverProviderName":"Microsoft","InfName":"printqueue.inf"},{"DeviceID":"SWD\\PRINTENUM\\{C4A8C922-C486-40BB-BC60-CC480DD22CC8}","DriverVersion":"10.0.19041.1","DriverDate":"20060621000000.******+***","DriverProviderName":"Microsoft","InfName":"printqueue.inf"},{"DeviceID":"SWD\\PRINTENUM\\{C1C10521-AA32-4491-BE4D-F5E6E7927369}","DriverVersion":"10.0.19041.1","DriverDate":"20060621000000.******+***","DriverProviderName":"Microsoft","InfName":"printqueue.inf"},{"DeviceID":"SWD\\PRINTENUM\\{115C2850-D19A-4E5F-B8F4-3A74F0FFFD4F}","DriverVersion":"10.0.19041.1","DriverDate":"20060621000000.******+***","DriverProviderName":"Microsoft","InfName":"printqueue.inf"},{"DeviceID":"SWD\\PRINTENUM\\{49305D13-835A-448E-BB53-6BFC07E5EB08}","DriverVersion":"10.0.19041.1","DriverDate":"20060621000000.******+***","DriverProviderName":"Microsoft","InfName":"printqueue.inf"},{"DeviceID":"SWD\\PRINTENUM\\{A5856CD5-01F0-4301-AB7C-064B52928E14}","DriverVersion":"10.0.19041.1","DriverDate":"20060621000000.******+***","DriverProviderName":"Microsoft","InfName":"printqueue.inf"},{"DeviceID":"SWD\\PRINTENUM\\PRINTQUEUES","DriverVersion":"10.0.19041.1","DriverDate":"20060621000000.******+***","DriverProviderName":"Microsoft","InfName":"printqueue.inf"},{"DeviceID":"SWD\\MSRRAS\\MS_NDISWANBH","DriverVersion":"10.0.19041.1","DriverDate":"20060621000000.******+***","DriverProviderName":"Microsoft","InfName":"netrasa.inf"},{"DeviceID":"SWD\\MSRRAS\\MS_NDISWANIPV6","DriverVersion":"10.0.19041.1","DriverDate":"20060621000000.******+***","DriverProviderName":"Microsoft","InfName":"netrasa.inf"},{"DeviceID":"SWD\\MSRRAS\\MS_NDISWANIP","DriverVersion":"10.0.19041.1","DriverDate":"20060621000000.******+***","DriverProviderName":"Microsoft","InfName":"netrasa.inf"},{"DeviceID":"SWD\\MSRRAS\\MS_PPPOEMINIPORT","DriverVersion":"10.0.19041.1","DriverDate":"20060621000000.******+***","DriverProviderName":"Microsoft","InfName":"netrasa.inf"},{"DeviceID":"SWD\\MSRRAS\\MS_PPTPMINIPORT","DriverVersion":"10.0.19041.1","DriverDate":"20060621000000.******+***","DriverProviderName":"Microsoft","InfName":"netrasa.inf"},{"DeviceID":"SWD\\MSRRAS\\MS_L2TPMINIPORT","DriverVersion":"10.0.19041.1","DriverDate":"20060621000000.******+***","DriverProviderName":"Microsoft","InfName":"netrasa.inf"},{"DeviceID":"SWD\\MSRRAS\\MS_AGILEVPNMINIPORT","DriverVersion":"10.0.19041.1","DriverDate":"20060621000000.******+***","DriverProviderName":"Microsoft","InfName":"netavpna.inf"},{"DeviceID":"SWD\\MSRRAS\\MS_SSTPMINIPORT","DriverVersion":"10.0.19041.1","DriverDate":"20060621000000.******+***","DriverProviderName":"Microsoft","InfName":"netsstpa.inf"},{"DeviceID":"SWD\\MSRRAS\\{5E259276-BC7E-40E3-B93B-8F89B5F3ABC0}","DriverVersion":"10.0.19041.1","DriverDate":"20060621000000.******+***","DriverProviderName":"Microsoft","InfName":"c_swdevice.inf"},{"DeviceID":"SWD\\MMDEVAPI\\MICROSOFTGSWAVETABLESYNTH","DriverVersion":"10.0.19041.1","DriverDate":"20060621000000.******+***","DriverProviderName":"Microsoft","InfName":"c_swdevice.inf"},{"DeviceID":"SWD\\RADIO\\{DE38D9E2-5164-45E8-8E9F-6CE2E3AAF664}","DriverVersion":"10.0.19041.1","DriverDate":"20060621000000.******+***","DriverProviderName":"Microsoft","InfName":"c_swdevice.inf"},{"DeviceID":"SWD\\RADIO\\{B1665DB6-2CAC-4627-A386-7CAA22413BD2}","DriverVersion":"10.0.19041.1","DriverDate":"20060621000000.******+***","DriverProviderName":"Microsoft","InfName":"c_swdevice.inf"},{"DeviceID":"SWD\\RADIO\\BLUETOOTH_24EE9AF8AFEC","DriverVersion":"10.0.19041.1","DriverDate":"20060621000000.******+***","DriverProviderName":"Microsoft","InfName":"c_swdevice.inf"},{"DeviceID":"SWD\\RADIO\\{3DB5895D-CC28-44B3-AD3D-6F01A782B8D... [TRUNCATED]
2026-08-25 17:21:30 [INFO] [task-rebind] [CATALOG] Telepített driver-infó: 192 eszköz
2026-08-25 17:21:30 [DEBUG] [task-rebind] [CALL] DriverToolApi._get_installed_driver_info -> {'SWD\\PRINTENUM\\{8B82CBFE-FB5C-450A-84E3-F7591FFBC6F1}': {'version': '10.0.19041.1', 'date': '2006-06-21', 'provider': 'Microsoft', 'inf': 'printqueue.inf'}, 'SWD\\PRINTENUM\\{D04F27B3-CB9C-426F-A1CA-1D81DB1D34C8}': {'version': '10.0.19041.1', 'date': '2006-06-21', 'provider': 'Microsoft', 'inf': ...[+27156 kar.] (2.01s)
2026-08-25 17:21:30 [DEBUG] [task-rebind] [CALL] DriverToolApi._device_on_vendor_driver -> False (2.01s)
2026-08-25 17:21:30 [WARNING] [task-rebind] [REBIND] Platformmegbízhatósági modul 2.0: eltávolítva, a kötés ÚJRAINDÍTÁS után épül fel.
2026-08-25 17:21:30 [DEBUG] [task-rebind] [CALL] DriverToolApi._rebind_device -> 'needs_reboot' (8.53s)
2026-08-25 17:21:30 [INFO] [task-rebind] [EMIT:task_progress] 🔄 Eltávolítva - a Windows az ÚJRAINDÍTÁS után deríti fel újra (ez a lemez visszadugásának megfelelője).
2026-08-25 17:21:30 [INFO] [task-rebind] [EMIT:task_progress] (16/21) Intel(R) energiaellátási beépülő modul
   most: intelpep.inf (Microsoft) → gyári: (a Windows választ)
2026-08-25 17:21:30 [DEBUG] [task-rebind] [CALL] DriverToolApi._rebind_device('ACPI\\INT33A1\\1', None, 'Intel(R) energiaellátási beépülő modul', 'System', 'rebind')
2026-08-25 17:21:30 [WARNING] [task-rebind] [REBIND] 2. lépés - a csomópont eltávolítása: Intel(R) energiaellátási beépülő modul [ACPI\INT33A1\1]
2026-08-25 17:21:30 [INFO] [task-rebind] [EMIT:task_progress] 🔄 Intel(R) energiaellátási beépülő modul: eszköz eltávolítása, hogy a Windows újra felderítse...
2026-08-25 17:21:30 [DEBUG] [task-rebind] [CMD] Futtatás: pnputil /remove-device ACPI\INT33A1\1
2026-08-25 17:21:31 [DEBUG] [task-rebind] [CMD] OK - várt kód: 3010 (0.8s)
2026-08-25 17:21:31 [DEBUG] [task-rebind] [CMD] stdout: Microsoft PnP Utility

Removing device:          ACPI\INT33A1\1
System reboot is needed to complete configuration operations!
2026-08-25 17:21:31 [DEBUG] [task-rebind] [CMD] Futtatás: pnputil /scan-devices
2026-08-25 17:21:32 [DEBUG] [task-rebind] [CMD] OK (1.3s)
2026-08-25 17:21:32 [DEBUG] [task-rebind] [CMD] stdout: Microsoft PnP Utility

Scanning for device hardware changes.
Scan complete.
2026-08-25 17:21:37 [DEBUG] [task-rebind] [CALL] DriverToolApi._device_on_vendor_driver('ACPI\\INT33A1\\1')
2026-08-25 17:21:37 [DEBUG] [task-rebind] [CALL] DriverToolApi._get_installed_driver_info()
2026-08-25 17:21:37 [DEBUG] [task-rebind] [CMD] Futtatás: powershell -NoProfile -Command [Console]::OutputEncoding = [System.Text.Encoding]::UTF8; Get-WmiObject Win32_PnPSignedDriver | Where-Object { $_.DeviceID -and $_.DriverVersion } | Select-Object DeviceID, DriverVersion, DriverDate, DriverProviderName, InfName | ConvertTo-Json -Compress
2026-08-25 17:21:39 [DEBUG] [task-rebind] [CMD] OK (2.0s)
2026-08-25 17:21:39 [DEBUG] [task-rebind] [CMD] stdout: [{"DeviceID":"SWD\\PRINTENUM\\{8B82CBFE-FB5C-450A-84E3-F7591FFBC6F1}","DriverVersion":"10.0.19041.1","DriverDate":"20060621000000.******+***","DriverProviderName":"Microsoft","InfName":"printqueue.inf"},{"DeviceID":"SWD\\PRINTENUM\\{D04F27B3-CB9C-426F-A1CA-1D81DB1D34C8}","DriverVersion":"10.0.19041.1","DriverDate":"20060621000000.******+***","DriverProviderName":"Microsoft","InfName":"printqueue.inf"},{"DeviceID":"SWD\\PRINTENUM\\{C4A8C922-C486-40BB-BC60-CC480DD22CC8}","DriverVersion":"10.0.19041.1","DriverDate":"20060621000000.******+***","DriverProviderName":"Microsoft","InfName":"printqueue.inf"},{"DeviceID":"SWD\\PRINTENUM\\{C1C10521-AA32-4491-BE4D-F5E6E7927369}","DriverVersion":"10.0.19041.1","DriverDate":"20060621000000.******+***","DriverProviderName":"Microsoft","InfName":"printqueue.inf"},{"DeviceID":"SWD\\PRINTENUM\\{115C2850-D19A-4E5F-B8F4-3A74F0FFFD4F}","DriverVersion":"10.0.19041.1","DriverDate":"20060621000000.******+***","DriverProviderName":"Microsoft","InfName":"printqueue.inf"},{"DeviceID":"SWD\\PRINTENUM\\{49305D13-835A-448E-BB53-6BFC07E5EB08}","DriverVersion":"10.0.19041.1","DriverDate":"20060621000000.******+***","DriverProviderName":"Microsoft","InfName":"printqueue.inf"},{"DeviceID":"SWD\\PRINTENUM\\{A5856CD5-01F0-4301-AB7C-064B52928E14}","DriverVersion":"10.0.19041.1","DriverDate":"20060621000000.******+***","DriverProviderName":"Microsoft","InfName":"printqueue.inf"},{"DeviceID":"SWD\\PRINTENUM\\PRINTQUEUES","DriverVersion":"10.0.19041.1","DriverDate":"20060621000000.******+***","DriverProviderName":"Microsoft","InfName":"printqueue.inf"},{"DeviceID":"SWD\\MSRRAS\\MS_NDISWANBH","DriverVersion":"10.0.19041.1","DriverDate":"20060621000000.******+***","DriverProviderName":"Microsoft","InfName":"netrasa.inf"},{"DeviceID":"SWD\\MSRRAS\\MS_NDISWANIPV6","DriverVersion":"10.0.19041.1","DriverDate":"20060621000000.******+***","DriverProviderName":"Microsoft","InfName":"netrasa.inf"},{"DeviceID":"SWD\\MSRRAS\\MS_NDISWANIP","DriverVersion":"10.0.19041.1","DriverDate":"20060621000000.******+***","DriverProviderName":"Microsoft","InfName":"netrasa.inf"},{"DeviceID":"SWD\\MSRRAS\\MS_PPPOEMINIPORT","DriverVersion":"10.0.19041.1","DriverDate":"20060621000000.******+***","DriverProviderName":"Microsoft","InfName":"netrasa.inf"},{"DeviceID":"SWD\\MSRRAS\\MS_PPTPMINIPORT","DriverVersion":"10.0.19041.1","DriverDate":"20060621000000.******+***","DriverProviderName":"Microsoft","InfName":"netrasa.inf"},{"DeviceID":"SWD\\MSRRAS\\MS_L2TPMINIPORT","DriverVersion":"10.0.19041.1","DriverDate":"20060621000000.******+***","DriverProviderName":"Microsoft","InfName":"netrasa.inf"},{"DeviceID":"SWD\\MSRRAS\\MS_AGILEVPNMINIPORT","DriverVersion":"10.0.19041.1","DriverDate":"20060621000000.******+***","DriverProviderName":"Microsoft","InfName":"netavpna.inf"},{"DeviceID":"SWD\\MSRRAS\\MS_SSTPMINIPORT","DriverVersion":"10.0.19041.1","DriverDate":"20060621000000.******+***","DriverProviderName":"Microsoft","InfName":"netsstpa.inf"},{"DeviceID":"SWD\\MSRRAS\\{5E259276-BC7E-40E3-B93B-8F89B5F3ABC0}","DriverVersion":"10.0.19041.1","DriverDate":"20060621000000.******+***","DriverProviderName":"Microsoft","InfName":"c_swdevice.inf"},{"DeviceID":"SWD\\MMDEVAPI\\MICROSOFTGSWAVETABLESYNTH","DriverVersion":"10.0.19041.1","DriverDate":"20060621000000.******+***","DriverProviderName":"Microsoft","InfName":"c_swdevice.inf"},{"DeviceID":"SWD\\RADIO\\{DE38D9E2-5164-45E8-8E9F-6CE2E3AAF664}","DriverVersion":"10.0.19041.1","DriverDate":"20060621000000.******+***","DriverProviderName":"Microsoft","InfName":"c_swdevice.inf"},{"DeviceID":"SWD\\RADIO\\{B1665DB6-2CAC-4627-A386-7CAA22413BD2}","DriverVersion":"10.0.19041.1","DriverDate":"20060621000000.******+***","DriverProviderName":"Microsoft","InfName":"c_swdevice.inf"},{"DeviceID":"SWD\\RADIO\\BLUETOOTH_24EE9AF8AFEC","DriverVersion":"10.0.19041.1","DriverDate":"20060621000000.******+***","DriverProviderName":"Microsoft","InfName":"c_swdevice.inf"},{"DeviceID":"SWD\\RADIO\\{3DB5895D-CC28-44B3-AD3D-6F01A782B8D... [TRUNCATED]
2026-08-25 17:21:39 [INFO] [task-rebind] [CATALOG] Telepített driver-infó: 192 eszköz
2026-08-25 17:21:39 [DEBUG] [task-rebind] [CALL] DriverToolApi._get_installed_driver_info -> {'SWD\\PRINTENUM\\{8B82CBFE-FB5C-450A-84E3-F7591FFBC6F1}': {'version': '10.0.19041.1', 'date': '2006-06-21', 'provider': 'Microsoft', 'inf': 'printqueue.inf'}, 'SWD\\PRINTENUM\\{D04F27B3-CB9C-426F-A1CA-1D81DB1D34C8}': {'version': '10.0.19041.1', 'date': '2006-06-21', 'provider': 'Microsoft', 'inf': ...[+27156 kar.] (1.98s)
2026-08-25 17:21:39 [DEBUG] [task-rebind] [CALL] DriverToolApi._device_on_vendor_driver -> False (1.98s)
2026-08-25 17:21:39 [WARNING] [task-rebind] [REBIND] Intel(R) energiaellátási beépülő modul: eltávolítva, a kötés ÚJRAINDÍTÁS után épül fel.
2026-08-25 17:21:39 [DEBUG] [task-rebind] [CALL] DriverToolApi._rebind_device -> 'needs_reboot' (9.19s)
2026-08-25 17:21:39 [INFO] [task-rebind] [EMIT:task_progress] 🔄 Eltávolítva - a Windows az ÚJRAINDÍTÁS után deríti fel újra (ez a lemez visszadugásának megfelelője).
2026-08-25 17:21:39 [INFO] [task-rebind] [EMIT:task_progress] (17/21) USB kompozit eszköz
   most: usb.inf (Microsoft) → gyári: rtlejf.inf
2026-08-25 17:21:39 [DEBUG] [task-rebind] [CALL] DriverToolApi._rebind_device('USB\\VID_13D3&PID_56A6\\0001', 'C:\\Windows\\System32\\DriverStore\\FileRepository\\rtlejf.inf_amd64_29ac319548e83f49\\rtlejf.inf', 'USB kompozit eszköz', 'USB', 'rebind')
2026-08-25 17:21:39 [INFO] [task-rebind] [REBIND] 1. lépés - újratelepítés: USB kompozit eszköz <- C:\Windows\System32\DriverStore\FileRepository\rtlejf.inf_amd64_29ac319548e83f49\rtlejf.inf
2026-08-25 17:21:39 [DEBUG] [task-rebind] [CMD] Futtatás: pnputil /add-driver C:\Windows\System32\DriverStore\FileRepository\rtlejf.inf_amd64_29ac319548e83f49\rtlejf.inf /install
2026-08-25 17:21:39 [DEBUG] [task-rebind] [CMD] OK (0.1s)
2026-08-25 17:21:39 [DEBUG] [task-rebind] [CMD] stdout: Microsoft PnP Utility

Adding driver package:  RtLeJF.inf
Driver package added successfully. (Already exists in the system)
Published Name:         oem106.inf
Driver package installed on device: USB\VID_13D3&PID_56A6&MI_00\6&1c1093a4&0&0000
Driver package is up-to-date on device: USB\VID_13D3&PID_56A6&MI_00\6&1c1093a4&1&0000

Total driver packages:  1
Added driver packages:  1
2026-08-25 17:21:39 [DEBUG] [task-rebind] [CMD] Futtatás: pnputil /scan-devices
2026-08-25 17:21:40 [DEBUG] [task-rebind] [CMD] OK (1.2s)
2026-08-25 17:21:40 [DEBUG] [task-rebind] [CMD] stdout: Microsoft PnP Utility

Scanning for device hardware changes.
Scan complete.
2026-08-25 17:21:40 [DEBUG] [task-rebind] [CALL] DriverToolApi._device_on_vendor_driver('USB\\VID_13D3&PID_56A6\\0001')
2026-08-25 17:21:40 [DEBUG] [task-rebind] [CALL] DriverToolApi._get_installed_driver_info()
2026-08-25 17:21:40 [DEBUG] [task-rebind] [CMD] Futtatás: powershell -NoProfile -Command [Console]::OutputEncoding = [System.Text.Encoding]::UTF8; Get-WmiObject Win32_PnPSignedDriver | Where-Object { $_.DeviceID -and $_.DriverVersion } | Select-Object DeviceID, DriverVersion, DriverDate, DriverProviderName, InfName | ConvertTo-Json -Compress
2026-08-25 17:21:42 [DEBUG] [task-rebind] [CMD] OK (1.5s)
2026-08-25 17:21:42 [DEBUG] [task-rebind] [CMD] stdout: [{"DeviceID":"SWD\\PRINTENUM\\{8B82CBFE-FB5C-450A-84E3-F7591FFBC6F1}","DriverVersion":"10.0.19041.1","DriverDate":"20060621000000.******+***","DriverProviderName":"Microsoft","InfName":"printqueue.inf"},{"DeviceID":"SWD\\PRINTENUM\\{D04F27B3-CB9C-426F-A1CA-1D81DB1D34C8}","DriverVersion":"10.0.19041.1","DriverDate":"20060621000000.******+***","DriverProviderName":"Microsoft","InfName":"printqueue.inf"},{"DeviceID":"SWD\\PRINTENUM\\{C4A8C922-C486-40BB-BC60-CC480DD22CC8}","DriverVersion":"10.0.19041.1","DriverDate":"20060621000000.******+***","DriverProviderName":"Microsoft","InfName":"printqueue.inf"},{"DeviceID":"SWD\\PRINTENUM\\{C1C10521-AA32-4491-BE4D-F5E6E7927369}","DriverVersion":"10.0.19041.1","DriverDate":"20060621000000.******+***","DriverProviderName":"Microsoft","InfName":"printqueue.inf"},{"DeviceID":"SWD\\PRINTENUM\\{115C2850-D19A-4E5F-B8F4-3A74F0FFFD4F}","DriverVersion":"10.0.19041.1","DriverDate":"20060621000000.******+***","DriverProviderName":"Microsoft","InfName":"printqueue.inf"},{"DeviceID":"SWD\\PRINTENUM\\{49305D13-835A-448E-BB53-6BFC07E5EB08}","DriverVersion":"10.0.19041.1","DriverDate":"20060621000000.******+***","DriverProviderName":"Microsoft","InfName":"printqueue.inf"},{"DeviceID":"SWD\\PRINTENUM\\{A5856CD5-01F0-4301-AB7C-064B52928E14}","DriverVersion":"10.0.19041.1","DriverDate":"20060621000000.******+***","DriverProviderName":"Microsoft","InfName":"printqueue.inf"},{"DeviceID":"SWD\\PRINTENUM\\PRINTQUEUES","DriverVersion":"10.0.19041.1","DriverDate":"20060621000000.******+***","DriverProviderName":"Microsoft","InfName":"printqueue.inf"},{"DeviceID":"SWD\\MSRRAS\\MS_NDISWANBH","DriverVersion":"10.0.19041.1","DriverDate":"20060621000000.******+***","DriverProviderName":"Microsoft","InfName":"netrasa.inf"},{"DeviceID":"SWD\\MSRRAS\\MS_NDISWANIPV6","DriverVersion":"10.0.19041.1","DriverDate":"20060621000000.******+***","DriverProviderName":"Microsoft","InfName":"netrasa.inf"},{"DeviceID":"SWD\\MSRRAS\\MS_NDISWANIP","DriverVersion":"10.0.19041.1","DriverDate":"20060621000000.******+***","DriverProviderName":"Microsoft","InfName":"netrasa.inf"},{"DeviceID":"SWD\\MSRRAS\\MS_PPPOEMINIPORT","DriverVersion":"10.0.19041.1","DriverDate":"20060621000000.******+***","DriverProviderName":"Microsoft","InfName":"netrasa.inf"},{"DeviceID":"SWD\\MSRRAS\\MS_PPTPMINIPORT","DriverVersion":"10.0.19041.1","DriverDate":"20060621000000.******+***","DriverProviderName":"Microsoft","InfName":"netrasa.inf"},{"DeviceID":"SWD\\MSRRAS\\MS_L2TPMINIPORT","DriverVersion":"10.0.19041.1","DriverDate":"20060621000000.******+***","DriverProviderName":"Microsoft","InfName":"netrasa.inf"},{"DeviceID":"SWD\\MSRRAS\\MS_AGILEVPNMINIPORT","DriverVersion":"10.0.19041.1","DriverDate":"20060621000000.******+***","DriverProviderName":"Microsoft","InfName":"netavpna.inf"},{"DeviceID":"SWD\\MSRRAS\\MS_SSTPMINIPORT","DriverVersion":"10.0.19041.1","DriverDate":"20060621000000.******+***","DriverProviderName":"Microsoft","InfName":"netsstpa.inf"},{"DeviceID":"SWD\\MSRRAS\\{5E259276-BC7E-40E3-B93B-8F89B5F3ABC0}","DriverVersion":"10.0.19041.1","DriverDate":"20060621000000.******+***","DriverProviderName":"Microsoft","InfName":"c_swdevice.inf"},{"DeviceID":"SWD\\MMDEVAPI\\MICROSOFTGSWAVETABLESYNTH","DriverVersion":"10.0.19041.1","DriverDate":"20060621000000.******+***","DriverProviderName":"Microsoft","InfName":"c_swdevice.inf"},{"DeviceID":"SWD\\RADIO\\{DE38D9E2-5164-45E8-8E9F-6CE2E3AAF664}","DriverVersion":"10.0.19041.1","DriverDate":"20060621000000.******+***","DriverProviderName":"Microsoft","InfName":"c_swdevice.inf"},{"DeviceID":"SWD\\RADIO\\{B1665DB6-2CAC-4627-A386-7CAA22413BD2}","DriverVersion":"10.0.19041.1","DriverDate":"20060621000000.******+***","DriverProviderName":"Microsoft","InfName":"c_swdevice.inf"},{"DeviceID":"SWD\\RADIO\\BLUETOOTH_24EE9AF8AFEC","DriverVersion":"10.0.19041.1","DriverDate":"20060621000000.******+***","DriverProviderName":"Microsoft","InfName":"c_swdevice.inf"},{"DeviceID":"SWD\\RADIO\\{3DB5895D-CC28-44B3-AD3D-6F01A782B8D... [TRUNCATED]
2026-08-25 17:21:42 [INFO] [task-rebind] [CATALOG] Telepített driver-infó: 192 eszköz
2026-08-25 17:21:42 [DEBUG] [task-rebind] [CALL] DriverToolApi._get_installed_driver_info -> {'SWD\\PRINTENUM\\{8B82CBFE-FB5C-450A-84E3-F7591FFBC6F1}': {'version': '10.0.19041.1', 'date': '2006-06-21', 'provider': 'Microsoft', 'inf': 'printqueue.inf'}, 'SWD\\PRINTENUM\\{D04F27B3-CB9C-426F-A1CA-1D81DB1D34C8}': {'version': '10.0.19041.1', 'date': '2006-06-21', 'provider': 'Microsoft', 'inf': ...[+27156 kar.] (1.45s)
2026-08-25 17:21:42 [DEBUG] [task-rebind] [CALL] DriverToolApi._device_on_vendor_driver -> False (1.45s)
2026-08-25 17:21:42 [WARNING] [task-rebind] [REBIND] 2. lépés - a csomópont eltávolítása: USB kompozit eszköz [USB\VID_13D3&PID_56A6\0001]
2026-08-25 17:21:42 [INFO] [task-rebind] [EMIT:task_progress] 🔄 USB kompozit eszköz: eszköz eltávolítása, hogy a Windows újra felderítse...
2026-08-25 17:21:42 [DEBUG] [task-rebind] [CMD] Futtatás: pnputil /remove-device USB\VID_13D3&PID_56A6\0001
2026-08-25 17:21:42 [DEBUG] [task-rebind] [CMD] OK (0.1s)
2026-08-25 17:21:42 [DEBUG] [task-rebind] [CMD] stdout: Microsoft PnP Utility

Removing device:          USB\VID_13D3&PID_56A6\0001
Device removed successfully.
2026-08-25 17:21:42 [DEBUG] [task-rebind] [CMD] Futtatás: pnputil /scan-devices
2026-08-25 17:21:42 [DEBUG] [task-rebind] [CMD] OK (0.7s)
2026-08-25 17:21:42 [DEBUG] [task-rebind] [CMD] stdout: Microsoft PnP Utility

Scanning for device hardware changes.
Scan complete.
2026-08-25 17:21:47 [DEBUG] [task-rebind] [CALL] DriverToolApi._device_on_vendor_driver('USB\\VID_13D3&PID_56A6\\0001')
2026-08-25 17:21:47 [DEBUG] [task-rebind] [CALL] DriverToolApi._get_installed_driver_info()
2026-08-25 17:21:47 [DEBUG] [task-rebind] [CMD] Futtatás: powershell -NoProfile -Command [Console]::OutputEncoding = [System.Text.Encoding]::UTF8; Get-WmiObject Win32_PnPSignedDriver | Where-Object { $_.DeviceID -and $_.DriverVersion } | Select-Object DeviceID, DriverVersion, DriverDate, DriverProviderName, InfName | ConvertTo-Json -Compress
2026-08-25 17:21:49 [DEBUG] [task-rebind] [CMD] OK (2.0s)
2026-08-25 17:21:49 [DEBUG] [task-rebind] [CMD] stdout: [{"DeviceID":"SWD\\PRINTENUM\\{8B82CBFE-FB5C-450A-84E3-F7591FFBC6F1}","DriverVersion":"10.0.19041.1","DriverDate":"20060621000000.******+***","DriverProviderName":"Microsoft","InfName":"printqueue.inf"},{"DeviceID":"SWD\\PRINTENUM\\{D04F27B3-CB9C-426F-A1CA-1D81DB1D34C8}","DriverVersion":"10.0.19041.1","DriverDate":"20060621000000.******+***","DriverProviderName":"Microsoft","InfName":"printqueue.inf"},{"DeviceID":"SWD\\PRINTENUM\\{C4A8C922-C486-40BB-BC60-CC480DD22CC8}","DriverVersion":"10.0.19041.1","DriverDate":"20060621000000.******+***","DriverProviderName":"Microsoft","InfName":"printqueue.inf"},{"DeviceID":"SWD\\PRINTENUM\\{C1C10521-AA32-4491-BE4D-F5E6E7927369}","DriverVersion":"10.0.19041.1","DriverDate":"20060621000000.******+***","DriverProviderName":"Microsoft","InfName":"printqueue.inf"},{"DeviceID":"SWD\\PRINTENUM\\{115C2850-D19A-4E5F-B8F4-3A74F0FFFD4F}","DriverVersion":"10.0.19041.1","DriverDate":"20060621000000.******+***","DriverProviderName":"Microsoft","InfName":"printqueue.inf"},{"DeviceID":"SWD\\PRINTENUM\\{49305D13-835A-448E-BB53-6BFC07E5EB08}","DriverVersion":"10.0.19041.1","DriverDate":"20060621000000.******+***","DriverProviderName":"Microsoft","InfName":"printqueue.inf"},{"DeviceID":"SWD\\PRINTENUM\\{A5856CD5-01F0-4301-AB7C-064B52928E14}","DriverVersion":"10.0.19041.1","DriverDate":"20060621000000.******+***","DriverProviderName":"Microsoft","InfName":"printqueue.inf"},{"DeviceID":"SWD\\PRINTENUM\\PRINTQUEUES","DriverVersion":"10.0.19041.1","DriverDate":"20060621000000.******+***","DriverProviderName":"Microsoft","InfName":"printqueue.inf"},{"DeviceID":"SWD\\MSRRAS\\MS_NDISWANBH","DriverVersion":"10.0.19041.1","DriverDate":"20060621000000.******+***","DriverProviderName":"Microsoft","InfName":"netrasa.inf"},{"DeviceID":"SWD\\MSRRAS\\MS_NDISWANIPV6","DriverVersion":"10.0.19041.1","DriverDate":"20060621000000.******+***","DriverProviderName":"Microsoft","InfName":"netrasa.inf"},{"DeviceID":"SWD\\MSRRAS\\MS_NDISWANIP","DriverVersion":"10.0.19041.1","DriverDate":"20060621000000.******+***","DriverProviderName":"Microsoft","InfName":"netrasa.inf"},{"DeviceID":"SWD\\MSRRAS\\MS_PPPOEMINIPORT","DriverVersion":"10.0.19041.1","DriverDate":"20060621000000.******+***","DriverProviderName":"Microsoft","InfName":"netrasa.inf"},{"DeviceID":"SWD\\MSRRAS\\MS_PPTPMINIPORT","DriverVersion":"10.0.19041.1","DriverDate":"20060621000000.******+***","DriverProviderName":"Microsoft","InfName":"netrasa.inf"},{"DeviceID":"SWD\\MSRRAS\\MS_L2TPMINIPORT","DriverVersion":"10.0.19041.1","DriverDate":"20060621000000.******+***","DriverProviderName":"Microsoft","InfName":"netrasa.inf"},{"DeviceID":"SWD\\MSRRAS\\MS_AGILEVPNMINIPORT","DriverVersion":"10.0.19041.1","DriverDate":"20060621000000.******+***","DriverProviderName":"Microsoft","InfName":"netavpna.inf"},{"DeviceID":"SWD\\MSRRAS\\MS_SSTPMINIPORT","DriverVersion":"10.0.19041.1","DriverDate":"20060621000000.******+***","DriverProviderName":"Microsoft","InfName":"netsstpa.inf"},{"DeviceID":"SWD\\MSRRAS\\{5E259276-BC7E-40E3-B93B-8F89B5F3ABC0}","DriverVersion":"10.0.19041.1","DriverDate":"20060621000000.******+***","DriverProviderName":"Microsoft","InfName":"c_swdevice.inf"},{"DeviceID":"SWD\\MMDEVAPI\\MICROSOFTGSWAVETABLESYNTH","DriverVersion":"10.0.19041.1","DriverDate":"20060621000000.******+***","DriverProviderName":"Microsoft","InfName":"c_swdevice.inf"},{"DeviceID":"SWD\\RADIO\\{DE38D9E2-5164-45E8-8E9F-6CE2E3AAF664}","DriverVersion":"10.0.19041.1","DriverDate":"20060621000000.******+***","DriverProviderName":"Microsoft","InfName":"c_swdevice.inf"},{"DeviceID":"SWD\\RADIO\\{B1665DB6-2CAC-4627-A386-7CAA22413BD2}","DriverVersion":"10.0.19041.1","DriverDate":"20060621000000.******+***","DriverProviderName":"Microsoft","InfName":"c_swdevice.inf"},{"DeviceID":"SWD\\RADIO\\BLUETOOTH_24EE9AF8AFEC","DriverVersion":"10.0.19041.1","DriverDate":"20060621000000.******+***","DriverProviderName":"Microsoft","InfName":"c_swdevice.inf"},{"DeviceID":"SWD\\RADIO\\{3DB5895D-CC28-44B3-AD3D-6F01A782B8D... [TRUNCATED]
2026-08-25 17:21:49 [INFO] [task-rebind] [CATALOG] Telepített driver-infó: 192 eszköz
2026-08-25 17:21:49 [DEBUG] [task-rebind] [CALL] DriverToolApi._get_installed_driver_info -> {'SWD\\PRINTENUM\\{8B82CBFE-FB5C-450A-84E3-F7591FFBC6F1}': {'version': '10.0.19041.1', 'date': '2006-06-21', 'provider': 'Microsoft', 'inf': 'printqueue.inf'}, 'SWD\\PRINTENUM\\{D04F27B3-CB9C-426F-A1CA-1D81DB1D34C8}': {'version': '10.0.19041.1', 'date': '2006-06-21', 'provider': 'Microsoft', 'inf': ...[+27156 kar.] (1.97s)
2026-08-25 17:21:49 [DEBUG] [task-rebind] [CALL] DriverToolApi._device_on_vendor_driver -> False (1.97s)
2026-08-25 17:21:49 [WARNING] [task-rebind] [REBIND] USB kompozit eszköz: eltávolítva, a kötés ÚJRAINDÍTÁS után épül fel.
2026-08-25 17:21:49 [DEBUG] [task-rebind] [CALL] DriverToolApi._rebind_device -> 'needs_reboot' (10.52s)
2026-08-25 17:21:49 [INFO] [task-rebind] [EMIT:task_progress] 🔄 Eltávolítva - a Windows az ÚJRAINDÍTÁS után deríti fel újra (ez a lemez visszadugásának megfelelője).
2026-08-25 17:21:49 [INFO] [task-rebind] [EMIT:task_progress] (18/21) USB-gyökérhub (USB 3.0)
   most: usbhub3.inf (Microsoft) → gyári: (a Windows választ)
2026-08-25 17:21:49 [DEBUG] [task-rebind] [CALL] DriverToolApi._rebind_device('USB\\ROOT_HUB30\\4&E673D32&1&0', None, 'USB-gyökérhub (USB 3.0)', 'USB', 'rebind')
2026-08-25 17:21:49 [WARNING] [task-rebind] [REBIND] 2. lépés - a csomópont eltávolítása: USB-gyökérhub (USB 3.0) [USB\ROOT_HUB30\4&E673D32&1&0]
2026-08-25 17:21:49 [INFO] [task-rebind] [EMIT:task_progress] 🔄 USB-gyökérhub (USB 3.0): eszköz eltávolítása, hogy a Windows újra felderítse...
2026-08-25 17:21:49 [DEBUG] [task-rebind] [CMD] Futtatás: pnputil /remove-device USB\ROOT_HUB30\4&E673D32&1&0
2026-08-25 17:21:50 [DEBUG] [task-rebind] [CMD] OK - várt kód: 3010 (0.8s)
2026-08-25 17:21:50 [DEBUG] [task-rebind] [CMD] stdout: Microsoft PnP Utility

Removing device:          USB\ROOT_HUB30\4&E673D32&1&0
System reboot is needed to complete configuration operations!
2026-08-25 17:21:50 [DEBUG] [task-rebind] [CMD] Futtatás: pnputil /scan-devices
2026-08-25 17:21:52 [DEBUG] [task-rebind] [CMD] OK (1.3s)
2026-08-25 17:21:52 [DEBUG] [task-rebind] [CMD] stdout: Microsoft PnP Utility

Scanning for device hardware changes.
Scan complete.
2026-08-25 17:21:57 [DEBUG] [task-rebind] [CALL] DriverToolApi._device_on_vendor_driver('USB\\ROOT_HUB30\\4&E673D32&1&0')
2026-08-25 17:21:57 [DEBUG] [task-rebind] [CALL] DriverToolApi._get_installed_driver_info()
2026-08-25 17:21:57 [DEBUG] [task-rebind] [CMD] Futtatás: powershell -NoProfile -Command [Console]::OutputEncoding = [System.Text.Encoding]::UTF8; Get-WmiObject Win32_PnPSignedDriver | Where-Object { $_.DeviceID -and $_.DriverVersion } | Select-Object DeviceID, DriverVersion, DriverDate, DriverProviderName, InfName | ConvertTo-Json -Compress
2026-08-25 17:21:59 [DEBUG] [task-rebind] [CMD] OK (2.0s)
2026-08-25 17:21:59 [DEBUG] [task-rebind] [CMD] stdout: [{"DeviceID":"SWD\\PRINTENUM\\{8B82CBFE-FB5C-450A-84E3-F7591FFBC6F1}","DriverVersion":"10.0.19041.1","DriverDate":"20060621000000.******+***","DriverProviderName":"Microsoft","InfName":"printqueue.inf"},{"DeviceID":"SWD\\PRINTENUM\\{D04F27B3-CB9C-426F-A1CA-1D81DB1D34C8}","DriverVersion":"10.0.19041.1","DriverDate":"20060621000000.******+***","DriverProviderName":"Microsoft","InfName":"printqueue.inf"},{"DeviceID":"SWD\\PRINTENUM\\{C4A8C922-C486-40BB-BC60-CC480DD22CC8}","DriverVersion":"10.0.19041.1","DriverDate":"20060621000000.******+***","DriverProviderName":"Microsoft","InfName":"printqueue.inf"},{"DeviceID":"SWD\\PRINTENUM\\{C1C10521-AA32-4491-BE4D-F5E6E7927369}","DriverVersion":"10.0.19041.1","DriverDate":"20060621000000.******+***","DriverProviderName":"Microsoft","InfName":"printqueue.inf"},{"DeviceID":"SWD\\PRINTENUM\\{115C2850-D19A-4E5F-B8F4-3A74F0FFFD4F}","DriverVersion":"10.0.19041.1","DriverDate":"20060621000000.******+***","DriverProviderName":"Microsoft","InfName":"printqueue.inf"},{"DeviceID":"SWD\\PRINTENUM\\{49305D13-835A-448E-BB53-6BFC07E5EB08}","DriverVersion":"10.0.19041.1","DriverDate":"20060621000000.******+***","DriverProviderName":"Microsoft","InfName":"printqueue.inf"},{"DeviceID":"SWD\\PRINTENUM\\{A5856CD5-01F0-4301-AB7C-064B52928E14}","DriverVersion":"10.0.19041.1","DriverDate":"20060621000000.******+***","DriverProviderName":"Microsoft","InfName":"printqueue.inf"},{"DeviceID":"SWD\\PRINTENUM\\PRINTQUEUES","DriverVersion":"10.0.19041.1","DriverDate":"20060621000000.******+***","DriverProviderName":"Microsoft","InfName":"printqueue.inf"},{"DeviceID":"SWD\\MSRRAS\\MS_NDISWANBH","DriverVersion":"10.0.19041.1","DriverDate":"20060621000000.******+***","DriverProviderName":"Microsoft","InfName":"netrasa.inf"},{"DeviceID":"SWD\\MSRRAS\\MS_NDISWANIPV6","DriverVersion":"10.0.19041.1","DriverDate":"20060621000000.******+***","DriverProviderName":"Microsoft","InfName":"netrasa.inf"},{"DeviceID":"SWD\\MSRRAS\\MS_NDISWANIP","DriverVersion":"10.0.19041.1","DriverDate":"20060621000000.******+***","DriverProviderName":"Microsoft","InfName":"netrasa.inf"},{"DeviceID":"SWD\\MSRRAS\\MS_PPPOEMINIPORT","DriverVersion":"10.0.19041.1","DriverDate":"20060621000000.******+***","DriverProviderName":"Microsoft","InfName":"netrasa.inf"},{"DeviceID":"SWD\\MSRRAS\\MS_PPTPMINIPORT","DriverVersion":"10.0.19041.1","DriverDate":"20060621000000.******+***","DriverProviderName":"Microsoft","InfName":"netrasa.inf"},{"DeviceID":"SWD\\MSRRAS\\MS_L2TPMINIPORT","DriverVersion":"10.0.19041.1","DriverDate":"20060621000000.******+***","DriverProviderName":"Microsoft","InfName":"netrasa.inf"},{"DeviceID":"SWD\\MSRRAS\\MS_AGILEVPNMINIPORT","DriverVersion":"10.0.19041.1","DriverDate":"20060621000000.******+***","DriverProviderName":"Microsoft","InfName":"netavpna.inf"},{"DeviceID":"SWD\\MSRRAS\\MS_SSTPMINIPORT","DriverVersion":"10.0.19041.1","DriverDate":"20060621000000.******+***","DriverProviderName":"Microsoft","InfName":"netsstpa.inf"},{"DeviceID":"SWD\\MSRRAS\\{5E259276-BC7E-40E3-B93B-8F89B5F3ABC0}","DriverVersion":"10.0.19041.1","DriverDate":"20060621000000.******+***","DriverProviderName":"Microsoft","InfName":"c_swdevice.inf"},{"DeviceID":"SWD\\MMDEVAPI\\MICROSOFTGSWAVETABLESYNTH","DriverVersion":"10.0.19041.1","DriverDate":"20060621000000.******+***","DriverProviderName":"Microsoft","InfName":"c_swdevice.inf"},{"DeviceID":"SWD\\RADIO\\{DE38D9E2-5164-45E8-8E9F-6CE2E3AAF664}","DriverVersion":"10.0.19041.1","DriverDate":"20060621000000.******+***","DriverProviderName":"Microsoft","InfName":"c_swdevice.inf"},{"DeviceID":"SWD\\RADIO\\{B1665DB6-2CAC-4627-A386-7CAA22413BD2}","DriverVersion":"10.0.19041.1","DriverDate":"20060621000000.******+***","DriverProviderName":"Microsoft","InfName":"c_swdevice.inf"},{"DeviceID":"SWD\\RADIO\\BLUETOOTH_24EE9AF8AFEC","DriverVersion":"10.0.19041.1","DriverDate":"20060621000000.******+***","DriverProviderName":"Microsoft","InfName":"c_swdevice.inf"},{"DeviceID":"SWD\\RADIO\\{3DB5895D-CC28-44B3-AD3D-6F01A782B8D... [TRUNCATED]
2026-08-25 17:21:59 [INFO] [task-rebind] [CATALOG] Telepített driver-infó: 192 eszköz
2026-08-25 17:21:59 [DEBUG] [task-rebind] [CALL] DriverToolApi._get_installed_driver_info -> {'SWD\\PRINTENUM\\{8B82CBFE-FB5C-450A-84E3-F7591FFBC6F1}': {'version': '10.0.19041.1', 'date': '2006-06-21', 'provider': 'Microsoft', 'inf': 'printqueue.inf'}, 'SWD\\PRINTENUM\\{D04F27B3-CB9C-426F-A1CA-1D81DB1D34C8}': {'version': '10.0.19041.1', 'date': '2006-06-21', 'provider': 'Microsoft', 'inf': ...[+27156 kar.] (1.98s)
2026-08-25 17:21:59 [DEBUG] [task-rebind] [CALL] DriverToolApi._device_on_vendor_driver -> False (1.98s)
2026-08-25 17:21:59 [WARNING] [task-rebind] [REBIND] USB-gyökérhub (USB 3.0): eltávolítva, a kötés ÚJRAINDÍTÁS után épül fel.
2026-08-25 17:21:59 [DEBUG] [task-rebind] [CALL] DriverToolApi._rebind_device -> 'needs_reboot' (9.14s)
2026-08-25 17:21:59 [INFO] [task-rebind] [EMIT:task_progress] 🔄 Eltávolítva - a Windows az ÚJRAINDÍTÁS után deríti fel újra (ez a lemez visszadugásának megfelelője).
2026-08-25 17:21:59 [INFO] [task-rebind] [EMIT:task_progress] (19/21) Szabványos PS/2 billentyűzet
   most: keyboard.inf (Microsoft) → gyári: (a Windows választ)
2026-08-25 17:21:59 [DEBUG] [task-rebind] [CALL] DriverToolApi._rebind_device('ACPI\\LEN0071\\4&27A0EA9D&0', None, 'Szabványos PS/2 billentyűzet', 'Keyboard', 'rebind')
2026-08-25 17:21:59 [WARNING] [task-rebind] [REBIND] 2. lépés - a csomópont eltávolítása: Szabványos PS/2 billentyűzet [ACPI\LEN0071\4&27A0EA9D&0]
2026-08-25 17:21:59 [INFO] [task-rebind] [EMIT:task_progress] 🔄 Szabványos PS/2 billentyűzet: eszköz eltávolítása, hogy a Windows újra felderítse...
2026-08-25 17:21:59 [DEBUG] [task-rebind] [CMD] Futtatás: pnputil /remove-device ACPI\LEN0071\4&27A0EA9D&0
2026-08-25 17:21:59 [DEBUG] [task-rebind] [CMD] OK - várt kód: 3010 (0.1s)
2026-08-25 17:21:59 [DEBUG] [task-rebind] [CMD] stdout: Microsoft PnP Utility

Removing device:          ACPI\LEN0071\4&27A0EA9D&0
System reboot is needed to complete configuration operations!
2026-08-25 17:21:59 [DEBUG] [task-rebind] [CMD] Futtatás: pnputil /scan-devices
2026-08-25 17:22:00 [DEBUG] [task-rebind] [CMD] OK (1.2s)
2026-08-25 17:22:00 [DEBUG] [task-rebind] [CMD] stdout: Microsoft PnP Utility

Scanning for device hardware changes.
Scan complete.
2026-08-25 17:22:05 [DEBUG] [task-rebind] [CALL] DriverToolApi._device_on_vendor_driver('ACPI\\LEN0071\\4&27A0EA9D&0')
2026-08-25 17:22:05 [DEBUG] [task-rebind] [CALL] DriverToolApi._get_installed_driver_info()
2026-08-25 17:22:05 [DEBUG] [task-rebind] [CMD] Futtatás: powershell -NoProfile -Command [Console]::OutputEncoding = [System.Text.Encoding]::UTF8; Get-WmiObject Win32_PnPSignedDriver | Where-Object { $_.DeviceID -and $_.DriverVersion } | Select-Object DeviceID, DriverVersion, DriverDate, DriverProviderName, InfName | ConvertTo-Json -Compress
2026-08-25 17:22:07 [DEBUG] [task-rebind] [CMD] OK (2.0s)
2026-08-25 17:22:07 [DEBUG] [task-rebind] [CMD] stdout: [{"DeviceID":"SWD\\PRINTENUM\\{8B82CBFE-FB5C-450A-84E3-F7591FFBC6F1}","DriverVersion":"10.0.19041.1","DriverDate":"20060621000000.******+***","DriverProviderName":"Microsoft","InfName":"printqueue.inf"},{"DeviceID":"SWD\\PRINTENUM\\{D04F27B3-CB9C-426F-A1CA-1D81DB1D34C8}","DriverVersion":"10.0.19041.1","DriverDate":"20060621000000.******+***","DriverProviderName":"Microsoft","InfName":"printqueue.inf"},{"DeviceID":"SWD\\PRINTENUM\\{C4A8C922-C486-40BB-BC60-CC480DD22CC8}","DriverVersion":"10.0.19041.1","DriverDate":"20060621000000.******+***","DriverProviderName":"Microsoft","InfName":"printqueue.inf"},{"DeviceID":"SWD\\PRINTENUM\\{C1C10521-AA32-4491-BE4D-F5E6E7927369}","DriverVersion":"10.0.19041.1","DriverDate":"20060621000000.******+***","DriverProviderName":"Microsoft","InfName":"printqueue.inf"},{"DeviceID":"SWD\\PRINTENUM\\{115C2850-D19A-4E5F-B8F4-3A74F0FFFD4F}","DriverVersion":"10.0.19041.1","DriverDate":"20060621000000.******+***","DriverProviderName":"Microsoft","InfName":"printqueue.inf"},{"DeviceID":"SWD\\PRINTENUM\\{49305D13-835A-448E-BB53-6BFC07E5EB08}","DriverVersion":"10.0.19041.1","DriverDate":"20060621000000.******+***","DriverProviderName":"Microsoft","InfName":"printqueue.inf"},{"DeviceID":"SWD\\PRINTENUM\\{A5856CD5-01F0-4301-AB7C-064B52928E14}","DriverVersion":"10.0.19041.1","DriverDate":"20060621000000.******+***","DriverProviderName":"Microsoft","InfName":"printqueue.inf"},{"DeviceID":"SWD\\PRINTENUM\\PRINTQUEUES","DriverVersion":"10.0.19041.1","DriverDate":"20060621000000.******+***","DriverProviderName":"Microsoft","InfName":"printqueue.inf"},{"DeviceID":"SWD\\MSRRAS\\MS_NDISWANBH","DriverVersion":"10.0.19041.1","DriverDate":"20060621000000.******+***","DriverProviderName":"Microsoft","InfName":"netrasa.inf"},{"DeviceID":"SWD\\MSRRAS\\MS_NDISWANIPV6","DriverVersion":"10.0.19041.1","DriverDate":"20060621000000.******+***","DriverProviderName":"Microsoft","InfName":"netrasa.inf"},{"DeviceID":"SWD\\MSRRAS\\MS_NDISWANIP","DriverVersion":"10.0.19041.1","DriverDate":"20060621000000.******+***","DriverProviderName":"Microsoft","InfName":"netrasa.inf"},{"DeviceID":"SWD\\MSRRAS\\MS_PPPOEMINIPORT","DriverVersion":"10.0.19041.1","DriverDate":"20060621000000.******+***","DriverProviderName":"Microsoft","InfName":"netrasa.inf"},{"DeviceID":"SWD\\MSRRAS\\MS_PPTPMINIPORT","DriverVersion":"10.0.19041.1","DriverDate":"20060621000000.******+***","DriverProviderName":"Microsoft","InfName":"netrasa.inf"},{"DeviceID":"SWD\\MSRRAS\\MS_L2TPMINIPORT","DriverVersion":"10.0.19041.1","DriverDate":"20060621000000.******+***","DriverProviderName":"Microsoft","InfName":"netrasa.inf"},{"DeviceID":"SWD\\MSRRAS\\MS_AGILEVPNMINIPORT","DriverVersion":"10.0.19041.1","DriverDate":"20060621000000.******+***","DriverProviderName":"Microsoft","InfName":"netavpna.inf"},{"DeviceID":"SWD\\MSRRAS\\MS_SSTPMINIPORT","DriverVersion":"10.0.19041.1","DriverDate":"20060621000000.******+***","DriverProviderName":"Microsoft","InfName":"netsstpa.inf"},{"DeviceID":"SWD\\MSRRAS\\{5E259276-BC7E-40E3-B93B-8F89B5F3ABC0}","DriverVersion":"10.0.19041.1","DriverDate":"20060621000000.******+***","DriverProviderName":"Microsoft","InfName":"c_swdevice.inf"},{"DeviceID":"SWD\\MMDEVAPI\\MICROSOFTGSWAVETABLESYNTH","DriverVersion":"10.0.19041.1","DriverDate":"20060621000000.******+***","DriverProviderName":"Microsoft","InfName":"c_swdevice.inf"},{"DeviceID":"SWD\\RADIO\\{DE38D9E2-5164-45E8-8E9F-6CE2E3AAF664}","DriverVersion":"10.0.19041.1","DriverDate":"20060621000000.******+***","DriverProviderName":"Microsoft","InfName":"c_swdevice.inf"},{"DeviceID":"SWD\\RADIO\\{B1665DB6-2CAC-4627-A386-7CAA22413BD2}","DriverVersion":"10.0.19041.1","DriverDate":"20060621000000.******+***","DriverProviderName":"Microsoft","InfName":"c_swdevice.inf"},{"DeviceID":"SWD\\RADIO\\BLUETOOTH_24EE9AF8AFEC","DriverVersion":"10.0.19041.1","DriverDate":"20060621000000.******+***","DriverProviderName":"Microsoft","InfName":"c_swdevice.inf"},{"DeviceID":"SWD\\RADIO\\{3DB5895D-CC28-44B3-AD3D-6F01A782B8D... [TRUNCATED]
2026-08-25 17:22:07 [INFO] [task-rebind] [CATALOG] Telepített driver-infó: 192 eszköz
2026-08-25 17:22:07 [DEBUG] [task-rebind] [CALL] DriverToolApi._get_installed_driver_info -> {'SWD\\PRINTENUM\\{8B82CBFE-FB5C-450A-84E3-F7591FFBC6F1}': {'version': '10.0.19041.1', 'date': '2006-06-21', 'provider': 'Microsoft', 'inf': 'printqueue.inf'}, 'SWD\\PRINTENUM\\{D04F27B3-CB9C-426F-A1CA-1D81DB1D34C8}': {'version': '10.0.19041.1', 'date': '2006-06-21', 'provider': 'Microsoft', 'inf': ...[+27156 kar.] (1.98s)
2026-08-25 17:22:07 [DEBUG] [task-rebind] [CALL] DriverToolApi._device_on_vendor_driver -> False (1.98s)
2026-08-25 17:22:07 [WARNING] [task-rebind] [REBIND] Szabványos PS/2 billentyűzet: eltávolítva, a kötés ÚJRAINDÍTÁS után épül fel.
2026-08-25 17:22:07 [DEBUG] [task-rebind] [CALL] DriverToolApi._rebind_device -> 'needs_reboot' (8.30s)
2026-08-25 17:22:07 [INFO] [task-rebind] [EMIT:task_progress] 🔄 Eltávolítva - a Windows az ÚJRAINDÍTÁS után deríti fel újra (ez a lemez visszadugásának megfelelője).
2026-08-25 17:22:07 [INFO] [task-rebind] [EMIT:task_progress] (20/21) Intel(R) USB 3.1 eXtensible Host Controller - 1.10 (Microsoft)
   most: usbxhci.inf (Microsoft) → gyári: (a Windows választ)
2026-08-25 17:22:07 [DEBUG] [task-rebind] [CALL] DriverToolApi._rebind_device('PCI\\VEN_8086&DEV_15C1&SUBSYS_11112222&REV_01\\6117501B5800AA0000', None, 'Intel(R) USB 3.1 eXtensible Host Controller - 1.10 (Microsoft)', 'USB', 'rebind')
2026-08-25 17:22:07 [WARNING] [task-rebind] [REBIND] 2. lépés - a csomópont eltávolítása: Intel(R) USB 3.1 eXtensible Host Controller - 1.10 (Microsoft) [PCI\VEN_8086&DEV_15C1&SUBSYS_11112222&REV_01\6117501B5800AA0000]
2026-08-25 17:22:07 [INFO] [task-rebind] [EMIT:task_progress] 🔄 Intel(R) USB 3.1 eXtensible Host Controller - 1.10 (Microsoft): eszköz eltávolítása, hogy a Windows újra felderítse...
2026-08-25 17:22:07 [DEBUG] [task-rebind] [CMD] Futtatás: pnputil /remove-device PCI\VEN_8086&DEV_15C1&SUBSYS_11112222&REV_01\6117501B5800AA0000
2026-08-25 17:22:08 [DEBUG] [task-rebind] [CMD] OK (1.4s)
2026-08-25 17:22:08 [DEBUG] [task-rebind] [CMD] stdout: Microsoft PnP Utility

Removing device:          PCI\VEN_8086&DEV_15C1&SUBSYS_11112222&REV_01\6117501B5800AA0000
Device removed successfully.
2026-08-25 17:22:08 [DEBUG] [task-rebind] [CMD] Futtatás: pnputil /scan-devices
2026-08-25 17:22:09 [DEBUG] [task-rebind] [CMD] OK (0.6s)
2026-08-25 17:22:09 [DEBUG] [task-rebind] [CMD] stdout: Microsoft PnP Utility

Scanning for device hardware changes.
Scan complete.
2026-08-25 17:22:14 [DEBUG] [task-rebind] [CALL] DriverToolApi._device_on_vendor_driver('PCI\\VEN_8086&DEV_15C1&SUBSYS_11112222&REV_01\\6117501B5800AA0000')
2026-08-25 17:22:14 [DEBUG] [task-rebind] [CALL] DriverToolApi._get_installed_driver_info()
2026-08-25 17:22:14 [DEBUG] [task-rebind] [CMD] Futtatás: powershell -NoProfile -Command [Console]::OutputEncoding = [System.Text.Encoding]::UTF8; Get-WmiObject Win32_PnPSignedDriver | Where-Object { $_.DeviceID -and $_.DriverVersion } | Select-Object DeviceID, DriverVersion, DriverDate, DriverProviderName, InfName | ConvertTo-Json -Compress
2026-08-25 17:22:16 [DEBUG] [task-rebind] [CMD] OK (2.0s)
2026-08-25 17:22:16 [DEBUG] [task-rebind] [CMD] stdout: [{"DeviceID":"SWD\\PRINTENUM\\{8B82CBFE-FB5C-450A-84E3-F7591FFBC6F1}","DriverVersion":"10.0.19041.1","DriverDate":"20060621000000.******+***","DriverProviderName":"Microsoft","InfName":"printqueue.inf"},{"DeviceID":"SWD\\PRINTENUM\\{D04F27B3-CB9C-426F-A1CA-1D81DB1D34C8}","DriverVersion":"10.0.19041.1","DriverDate":"20060621000000.******+***","DriverProviderName":"Microsoft","InfName":"printqueue.inf"},{"DeviceID":"SWD\\PRINTENUM\\{C4A8C922-C486-40BB-BC60-CC480DD22CC8}","DriverVersion":"10.0.19041.1","DriverDate":"20060621000000.******+***","DriverProviderName":"Microsoft","InfName":"printqueue.inf"},{"DeviceID":"SWD\\PRINTENUM\\{C1C10521-AA32-4491-BE4D-F5E6E7927369}","DriverVersion":"10.0.19041.1","DriverDate":"20060621000000.******+***","DriverProviderName":"Microsoft","InfName":"printqueue.inf"},{"DeviceID":"SWD\\PRINTENUM\\{115C2850-D19A-4E5F-B8F4-3A74F0FFFD4F}","DriverVersion":"10.0.19041.1","DriverDate":"20060621000000.******+***","DriverProviderName":"Microsoft","InfName":"printqueue.inf"},{"DeviceID":"SWD\\PRINTENUM\\{49305D13-835A-448E-BB53-6BFC07E5EB08}","DriverVersion":"10.0.19041.1","DriverDate":"20060621000000.******+***","DriverProviderName":"Microsoft","InfName":"printqueue.inf"},{"DeviceID":"SWD\\PRINTENUM\\{A5856CD5-01F0-4301-AB7C-064B52928E14}","DriverVersion":"10.0.19041.1","DriverDate":"20060621000000.******+***","DriverProviderName":"Microsoft","InfName":"printqueue.inf"},{"DeviceID":"SWD\\PRINTENUM\\PRINTQUEUES","DriverVersion":"10.0.19041.1","DriverDate":"20060621000000.******+***","DriverProviderName":"Microsoft","InfName":"printqueue.inf"},{"DeviceID":"SWD\\MSRRAS\\MS_NDISWANBH","DriverVersion":"10.0.19041.1","DriverDate":"20060621000000.******+***","DriverProviderName":"Microsoft","InfName":"netrasa.inf"},{"DeviceID":"SWD\\MSRRAS\\MS_NDISWANIPV6","DriverVersion":"10.0.19041.1","DriverDate":"20060621000000.******+***","DriverProviderName":"Microsoft","InfName":"netrasa.inf"},{"DeviceID":"SWD\\MSRRAS\\MS_NDISWANIP","DriverVersion":"10.0.19041.1","DriverDate":"20060621000000.******+***","DriverProviderName":"Microsoft","InfName":"netrasa.inf"},{"DeviceID":"SWD\\MSRRAS\\MS_PPPOEMINIPORT","DriverVersion":"10.0.19041.1","DriverDate":"20060621000000.******+***","DriverProviderName":"Microsoft","InfName":"netrasa.inf"},{"DeviceID":"SWD\\MSRRAS\\MS_PPTPMINIPORT","DriverVersion":"10.0.19041.1","DriverDate":"20060621000000.******+***","DriverProviderName":"Microsoft","InfName":"netrasa.inf"},{"DeviceID":"SWD\\MSRRAS\\MS_L2TPMINIPORT","DriverVersion":"10.0.19041.1","DriverDate":"20060621000000.******+***","DriverProviderName":"Microsoft","InfName":"netrasa.inf"},{"DeviceID":"SWD\\MSRRAS\\MS_AGILEVPNMINIPORT","DriverVersion":"10.0.19041.1","DriverDate":"20060621000000.******+***","DriverProviderName":"Microsoft","InfName":"netavpna.inf"},{"DeviceID":"SWD\\MSRRAS\\MS_SSTPMINIPORT","DriverVersion":"10.0.19041.1","DriverDate":"20060621000000.******+***","DriverProviderName":"Microsoft","InfName":"netsstpa.inf"},{"DeviceID":"SWD\\MSRRAS\\{5E259276-BC7E-40E3-B93B-8F89B5F3ABC0}","DriverVersion":"10.0.19041.1","DriverDate":"20060621000000.******+***","DriverProviderName":"Microsoft","InfName":"c_swdevice.inf"},{"DeviceID":"SWD\\MMDEVAPI\\MICROSOFTGSWAVETABLESYNTH","DriverVersion":"10.0.19041.1","DriverDate":"20060621000000.******+***","DriverProviderName":"Microsoft","InfName":"c_swdevice.inf"},{"DeviceID":"SWD\\RADIO\\{DE38D9E2-5164-45E8-8E9F-6CE2E3AAF664}","DriverVersion":"10.0.19041.1","DriverDate":"20060621000000.******+***","DriverProviderName":"Microsoft","InfName":"c_swdevice.inf"},{"DeviceID":"SWD\\RADIO\\{B1665DB6-2CAC-4627-A386-7CAA22413BD2}","DriverVersion":"10.0.19041.1","DriverDate":"20060621000000.******+***","DriverProviderName":"Microsoft","InfName":"c_swdevice.inf"},{"DeviceID":"SWD\\RADIO\\BLUETOOTH_24EE9AF8AFEC","DriverVersion":"10.0.19041.1","DriverDate":"20060621000000.******+***","DriverProviderName":"Microsoft","InfName":"c_swdevice.inf"},{"DeviceID":"SWD\\RADIO\\{3DB5895D-CC28-44B3-AD3D-6F01A782B8D... [TRUNCATED]
2026-08-25 17:22:16 [INFO] [task-rebind] [CATALOG] Telepített driver-infó: 192 eszköz
2026-08-25 17:22:16 [DEBUG] [task-rebind] [CALL] DriverToolApi._get_installed_driver_info -> {'SWD\\PRINTENUM\\{8B82CBFE-FB5C-450A-84E3-F7591FFBC6F1}': {'version': '10.0.19041.1', 'date': '2006-06-21', 'provider': 'Microsoft', 'inf': 'printqueue.inf'}, 'SWD\\PRINTENUM\\{D04F27B3-CB9C-426F-A1CA-1D81DB1D34C8}': {'version': '10.0.19041.1', 'date': '2006-06-21', 'provider': 'Microsoft', 'inf': ...[+27156 kar.] (2.02s)
2026-08-25 17:22:16 [DEBUG] [task-rebind] [CALL] DriverToolApi._device_on_vendor_driver -> False (2.02s)
2026-08-25 17:22:16 [WARNING] [task-rebind] [REBIND] Intel(R) USB 3.1 eXtensible Host Controller - 1.10 (Microsoft): eltávolítva, a kötés ÚJRAINDÍTÁS után épül fel.
2026-08-25 17:22:16 [DEBUG] [task-rebind] [CALL] DriverToolApi._rebind_device -> 'needs_reboot' (8.97s)
2026-08-25 17:22:16 [INFO] [task-rebind] [EMIT:task_progress] 🔄 Eltávolítva - a Windows az ÚJRAINDÍTÁS után deríti fel újra (ez a lemez visszadugásának megfelelője).
2026-08-25 17:22:16 [INFO] [task-rebind] [EMIT:task_progress] (21/21) USB-gyökérhub (USB 3.0)
   most: usbhub3.inf (Microsoft) → gyári: (a Windows választ)
2026-08-25 17:22:16 [DEBUG] [task-rebind] [CALL] DriverToolApi._rebind_device('USB\\ROOT_HUB30\\7&1715E03&0&0', None, 'USB-gyökérhub (USB 3.0)', 'USB', 'rebind')
2026-08-25 17:22:16 [WARNING] [task-rebind] [REBIND] 2. lépés - a csomópont eltávolítása: USB-gyökérhub (USB 3.0) [USB\ROOT_HUB30\7&1715E03&0&0]
2026-08-25 17:22:16 [INFO] [task-rebind] [EMIT:task_progress] 🔄 USB-gyökérhub (USB 3.0): eszköz eltávolítása, hogy a Windows újra felderítse...
2026-08-25 17:22:16 [DEBUG] [task-rebind] [CMD] Futtatás: pnputil /remove-device USB\ROOT_HUB30\7&1715E03&0&0
2026-08-25 17:22:16 [DEBUG] [task-rebind] [CMD] OK (0.1s)
2026-08-25 17:22:16 [DEBUG] [task-rebind] [CMD] stdout: Microsoft PnP Utility

Removing device:          USB\ROOT_HUB30\7&1715E03&0&0
Device removed successfully.
2026-08-25 17:22:16 [DEBUG] [task-rebind] [CMD] Futtatás: pnputil /scan-devices
2026-08-25 17:22:17 [DEBUG] [task-rebind] [CMD] OK (1.2s)
2026-08-25 17:22:17 [DEBUG] [task-rebind] [CMD] stdout: Microsoft PnP Utility

Scanning for device hardware changes.
Scan complete.
2026-08-25 17:22:22 [DEBUG] [task-rebind] [CALL] DriverToolApi._device_on_vendor_driver('USB\\ROOT_HUB30\\7&1715E03&0&0')
2026-08-25 17:22:22 [DEBUG] [task-rebind] [CALL] DriverToolApi._get_installed_driver_info()
2026-08-25 17:22:22 [DEBUG] [task-rebind] [CMD] Futtatás: powershell -NoProfile -Command [Console]::OutputEncoding = [System.Text.Encoding]::UTF8; Get-WmiObject Win32_PnPSignedDriver | Where-Object { $_.DeviceID -and $_.DriverVersion } | Select-Object DeviceID, DriverVersion, DriverDate, DriverProviderName, InfName | ConvertTo-Json -Compress
2026-08-25 17:22:24 [DEBUG] [task-rebind] [CMD] OK (2.0s)
2026-08-25 17:22:24 [DEBUG] [task-rebind] [CMD] stdout: [{"DeviceID":"SWD\\PRINTENUM\\{8B82CBFE-FB5C-450A-84E3-F7591FFBC6F1}","DriverVersion":"10.0.19041.1","DriverDate":"20060621000000.******+***","DriverProviderName":"Microsoft","InfName":"printqueue.inf"},{"DeviceID":"SWD\\PRINTENUM\\{D04F27B3-CB9C-426F-A1CA-1D81DB1D34C8}","DriverVersion":"10.0.19041.1","DriverDate":"20060621000000.******+***","DriverProviderName":"Microsoft","InfName":"printqueue.inf"},{"DeviceID":"SWD\\PRINTENUM\\{C4A8C922-C486-40BB-BC60-CC480DD22CC8}","DriverVersion":"10.0.19041.1","DriverDate":"20060621000000.******+***","DriverProviderName":"Microsoft","InfName":"printqueue.inf"},{"DeviceID":"SWD\\PRINTENUM\\{C1C10521-AA32-4491-BE4D-F5E6E7927369}","DriverVersion":"10.0.19041.1","DriverDate":"20060621000000.******+***","DriverProviderName":"Microsoft","InfName":"printqueue.inf"},{"DeviceID":"SWD\\PRINTENUM\\{115C2850-D19A-4E5F-B8F4-3A74F0FFFD4F}","DriverVersion":"10.0.19041.1","DriverDate":"20060621000000.******+***","DriverProviderName":"Microsoft","InfName":"printqueue.inf"},{"DeviceID":"SWD\\PRINTENUM\\{49305D13-835A-448E-BB53-6BFC07E5EB08}","DriverVersion":"10.0.19041.1","DriverDate":"20060621000000.******+***","DriverProviderName":"Microsoft","InfName":"printqueue.inf"},{"DeviceID":"SWD\\PRINTENUM\\{A5856CD5-01F0-4301-AB7C-064B52928E14}","DriverVersion":"10.0.19041.1","DriverDate":"20060621000000.******+***","DriverProviderName":"Microsoft","InfName":"printqueue.inf"},{"DeviceID":"SWD\\PRINTENUM\\PRINTQUEUES","DriverVersion":"10.0.19041.1","DriverDate":"20060621000000.******+***","DriverProviderName":"Microsoft","InfName":"printqueue.inf"},{"DeviceID":"SWD\\MSRRAS\\MS_NDISWANBH","DriverVersion":"10.0.19041.1","DriverDate":"20060621000000.******+***","DriverProviderName":"Microsoft","InfName":"netrasa.inf"},{"DeviceID":"SWD\\MSRRAS\\MS_NDISWANIPV6","DriverVersion":"10.0.19041.1","DriverDate":"20060621000000.******+***","DriverProviderName":"Microsoft","InfName":"netrasa.inf"},{"DeviceID":"SWD\\MSRRAS\\MS_NDISWANIP","DriverVersion":"10.0.19041.1","DriverDate":"20060621000000.******+***","DriverProviderName":"Microsoft","InfName":"netrasa.inf"},{"DeviceID":"SWD\\MSRRAS\\MS_PPPOEMINIPORT","DriverVersion":"10.0.19041.1","DriverDate":"20060621000000.******+***","DriverProviderName":"Microsoft","InfName":"netrasa.inf"},{"DeviceID":"SWD\\MSRRAS\\MS_PPTPMINIPORT","DriverVersion":"10.0.19041.1","DriverDate":"20060621000000.******+***","DriverProviderName":"Microsoft","InfName":"netrasa.inf"},{"DeviceID":"SWD\\MSRRAS\\MS_L2TPMINIPORT","DriverVersion":"10.0.19041.1","DriverDate":"20060621000000.******+***","DriverProviderName":"Microsoft","InfName":"netrasa.inf"},{"DeviceID":"SWD\\MSRRAS\\MS_AGILEVPNMINIPORT","DriverVersion":"10.0.19041.1","DriverDate":"20060621000000.******+***","DriverProviderName":"Microsoft","InfName":"netavpna.inf"},{"DeviceID":"SWD\\MSRRAS\\MS_SSTPMINIPORT","DriverVersion":"10.0.19041.1","DriverDate":"20060621000000.******+***","DriverProviderName":"Microsoft","InfName":"netsstpa.inf"},{"DeviceID":"SWD\\MSRRAS\\{5E259276-BC7E-40E3-B93B-8F89B5F3ABC0}","DriverVersion":"10.0.19041.1","DriverDate":"20060621000000.******+***","DriverProviderName":"Microsoft","InfName":"c_swdevice.inf"},{"DeviceID":"SWD\\MMDEVAPI\\MICROSOFTGSWAVETABLESYNTH","DriverVersion":"10.0.19041.1","DriverDate":"20060621000000.******+***","DriverProviderName":"Microsoft","InfName":"c_swdevice.inf"},{"DeviceID":"SWD\\RADIO\\{DE38D9E2-5164-45E8-8E9F-6CE2E3AAF664}","DriverVersion":"10.0.19041.1","DriverDate":"20060621000000.******+***","DriverProviderName":"Microsoft","InfName":"c_swdevice.inf"},{"DeviceID":"SWD\\RADIO\\{B1665DB6-2CAC-4627-A386-7CAA22413BD2}","DriverVersion":"10.0.19041.1","DriverDate":"20060621000000.******+***","DriverProviderName":"Microsoft","InfName":"c_swdevice.inf"},{"DeviceID":"SWD\\RADIO\\BLUETOOTH_24EE9AF8AFEC","DriverVersion":"10.0.19041.1","DriverDate":"20060621000000.******+***","DriverProviderName":"Microsoft","InfName":"c_swdevice.inf"},{"DeviceID":"SWD\\RADIO\\{3DB5895D-CC28-44B3-AD3D-6F01A782B8D... [TRUNCATED]
2026-08-25 17:22:24 [INFO] [task-rebind] [CATALOG] Telepített driver-infó: 192 eszköz
2026-08-25 17:22:24 [DEBUG] [task-rebind] [CALL] DriverToolApi._get_installed_driver_info -> {'SWD\\PRINTENUM\\{8B82CBFE-FB5C-450A-84E3-F7591FFBC6F1}': {'version': '10.0.19041.1', 'date': '2006-06-21', 'provider': 'Microsoft', 'inf': 'printqueue.inf'}, 'SWD\\PRINTENUM\\{D04F27B3-CB9C-426F-A1CA-1D81DB1D34C8}': {'version': '10.0.19041.1', 'date': '2006-06-21', 'provider': 'Microsoft', 'inf': ...[+27156 kar.] (1.98s)
2026-08-25 17:22:24 [DEBUG] [task-rebind] [CALL] DriverToolApi._device_on_vendor_driver -> False (1.98s)
2026-08-25 17:22:24 [WARNING] [task-rebind] [REBIND] USB-gyökérhub (USB 3.0): eltávolítva, a kötés ÚJRAINDÍTÁS után épül fel.
2026-08-25 17:22:24 [DEBUG] [task-rebind] [CALL] DriverToolApi._rebind_device -> 'needs_reboot' (8.25s)
2026-08-25 17:22:24 [INFO] [task-rebind] [EMIT:task_progress] 🔄 Eltávolítva - a Windows az ÚJRAINDÍTÁS után deríti fel újra (ez a lemez visszadugásának megfelelője).
2026-08-25 17:22:24 [INFO] [task-rebind] [EMIT:task_progress] 📊 Kész: 0 eszköz azonnal visszakötve.
2026-08-25 17:22:24 [INFO] [task-rebind] [EMIT:task_progress] 🔄 21 eszköz ÚJRAINDÍTÁST igényel: Microsoft tápadapter, Lefelé irányuló PCI Express-kapcsolóport, ACPI processzorösszesítő, HID-kompatibilis egér, HID-kompatibilis, gyártó által definiált eszköz, USB kompozit eszköz
2026-08-25 17:22:24 [INFO] [task-rebind] [EMIT:task_progress] ❗ FONTOS: ezek az eszközök az újraindításig NEM működnek - a Windows ekkor deríti fel őket újra, és ekkor kapják meg a gyári drivert. Pontosan ez történik akkor is, amikor kihúzod és visszadugod a lemezt.
2026-08-25 17:22:24 [INFO] [task-rebind] [EMIT:task_complete] ✅ 0 azonnal javítva, 21 újraindítás után
2026-08-25 17:22:25 [DEBUG] [task-rebind] [EMIT:ask_reboot] data=None
2026-08-25 17:22:25 [INFO] [task-rebind] [THREAD:rebind] Befejezve (240.2s)
2026-08-25 17:40:18 [DEBUG] [Thread-216 (_call)] [JS_UI] [UI-AKCIO] Kattintás: button#mc-yes "Igen"
2026-08-25 17:40:18 [INFO] [Thread-217 (_call)] [CALL] DriverToolApi.reboot_system()
2026-08-25 17:40:18 [INFO] [Thread-217 (_call)] [API] reboot_system() - Felhasználó újraindítást kért
2026-08-25 17:40:18 [DEBUG] [Thread-217 (_call)] [CMD] Futtatás: shutdown /r /t 0 /f
2026-08-25 17:40:19 [DEBUG] [Thread-217 (_call)] [CMD] OK (0.1s)
2026-08-25 17:40:19 [INFO] [Thread-217 (_call)] [CALL] DriverToolApi.reboot_system -> True (0.08s)
